[      82ms] [INFO] %cDownload the React DevTools for a better development experience: https://reactjs.org/link/react-devtools font-weight:bold @ http://localhost:5173/node_modules/.vite/deps/chunk-YQ5BCTVV.js?v=5398434d:21608
[     251ms] [WARNING] Please ensure that the container has a non-static position, like 'relative', 'fixed', or 'absolute' to ensure scroll offset is calculated correctly. @ http://localhost:5173/node_modules/.vite/deps/chunk-JA7CUYV3.js?v=5398434d:139
[     283ms] [ERROR] Failed to load resource: the server responded with a status of 404 (Not Found) @ http://localhost:5173/favicon.ico:0
[  855696ms] [INFO] %cDownload the React DevTools for a better development experience: https://reactjs.org/link/react-devtools font-weight:bold @ http://localhost:5173/node_modules/.vite/deps/chunk-YQ5BCTVV.js?v=5398434d:21608
[  856031ms] [WARNING] Please ensure that the container has a non-static position, like 'relative', 'fixed', or 'absolute' to ensure scroll offset is calculated correctly. @ http://localhost:5173/node_modules/.vite/deps/chunk-JA7CUYV3.js?v=5398434d:139
[ 1772749ms] [INFO] %cDownload the React DevTools for a better development experience: https://reactjs.org/link/react-devtools font-weight:bold @ http://localhost:5173/node_modules/.vite/deps/chunk-YQ5BCTVV.js?v=5398434d:21608
[ 1773083ms] [WARNING] Please ensure that the container has a non-static position, like 'relative', 'fixed', or 'absolute' to ensure scroll offset is calculated correctly. @ http://localhost:5173/node_modules/.vite/deps/chunk-JA7CUYV3.js?v=5398434d:139
[ 3574100ms] ReferenceError: ToolsRoom is not defined
    at SceneRoom (http://localhost:5173/src/app/components/AiExperience.tsx?t=1783436096957:507:35)
    at renderWithHooks (http://localhost:5173/node_modules/.vite/deps/chunk-YQ5BCTVV.js?v=5398434d:11596:26)
    at updateFunctionComponent (http://localhost:5173/node_modules/.vite/deps/chunk-YQ5BCTVV.js?v=5398434d:14630:28)
    at beginWork (http://localhost:5173/node_modules/.vite/deps/chunk-YQ5BCTVV.js?v=5398434d:15972:22)
    at HTMLUnknownElement.callCallback2 (http://localhost:5173/node_modules/.vite/deps/chunk-YQ5BCTVV.js?v=5398434d:3680:22)
    at Object.invokeGuardedCallbackDev (http://localhost:5173/node_modules/.vite/deps/chunk-YQ5BCTVV.js?v=5398434d:3705:24)
    at invokeGuardedCallback (http://localhost:5173/node_modules/.vite/deps/chunk-YQ5BCTVV.js?v=5398434d:3739:39)
    at beginWork$1 (http://localhost:5173/node_modules/.vite/deps/chunk-YQ5BCTVV.js?v=5398434d:19818:15)
    at performUnitOfWork (http://localhost:5173/node_modules/.vite/deps/chunk-YQ5BCTVV.js?v=5398434d:19251:20)
    at workLoopSync (http://localhost:5173/node_modules/.vite/deps/chunk-YQ5BCTVV.js?v=5398434d:19190:13)
[ 3574109ms] ReferenceError: ToolsRoom is not defined
    at SceneRoom (http://localhost:5173/src/app/components/AiExperience.tsx?t=1783436096957:507:35)
    at renderWithHooks (http://localhost:5173/node_modules/.vite/deps/chunk-YQ5BCTVV.js?v=5398434d:11596:26)
    at updateFunctionComponent (http://localhost:5173/node_modules/.vite/deps/chunk-YQ5BCTVV.js?v=5398434d:14630:28)
    at beginWork (http://localhost:5173/node_modules/.vite/deps/chunk-YQ5BCTVV.js?v=5398434d:15972:22)
    at HTMLUnknownElement.callCallback2 (http://localhost:5173/node_modules/.vite/deps/chunk-YQ5BCTVV.js?v=5398434d:3680:22)
    at Object.invokeGuardedCallbackDev (http://localhost:5173/node_modules/.vite/deps/chunk-YQ5BCTVV.js?v=5398434d:3705:24)
    at invokeGuardedCallback (http://localhost:5173/node_modules/.vite/deps/chunk-YQ5BCTVV.js?v=5398434d:3739:39)
    at beginWork$1 (http://localhost:5173/node_modules/.vite/deps/chunk-YQ5BCTVV.js?v=5398434d:19818:15)
    at performUnitOfWork (http://localhost:5173/node_modules/.vite/deps/chunk-YQ5BCTVV.js?v=5398434d:19251:20)
    at workLoopSync (http://localhost:5173/node_modules/.vite/deps/chunk-YQ5BCTVV.js?v=5398434d:19190:13)
[ 3574113ms] [ERROR] The above error occurred in the <SceneRoom> component:

    at SceneRoom (http://localhost:5173/src/app/components/AiExperience.tsx?t=1783436096957:464:22)
    at div
    at section
    at JourneyStage (http://localhost:5173/src/app/components/AiExperience.tsx?t=1783436096957:410:15)
    at main
    at AiExperience (http://localhost:5173/src/app/components/AiExperience.tsx?t=1783436096957:388:3)
    at div
    at App (http://localhost:5173/src/app/App.tsx?t=1783434266461:34:30)

Consider adding an error boundary to your tree to customize error handling behavior.
Visit https://reactjs.org/link/error-boundaries to learn more about error boundaries. @ http://localhost:5173/node_modules/.vite/deps/chunk-YQ5BCTVV.js?v=5398434d:14079
[ 3574114ms] ReferenceError: ToolsRoom is not defined
    at SceneRoom (http://localhost:5173/src/app/components/AiExperience.tsx?t=1783436096957:507:35)
    at renderWithHooks (http://localhost:5173/node_modules/.vite/deps/chunk-YQ5BCTVV.js?v=5398434d:11596:26)
    at updateFunctionComponent (http://localhost:5173/node_modules/.vite/deps/chunk-YQ5BCTVV.js?v=5398434d:14630:28)
    at beginWork (http://localhost:5173/node_modules/.vite/deps/chunk-YQ5BCTVV.js?v=5398434d:15972:22)
    at beginWork$1 (http://localhost:5173/node_modules/.vite/deps/chunk-YQ5BCTVV.js?v=5398434d:19806:22)
    at performUnitOfWork (http://localhost:5173/node_modules/.vite/deps/chunk-YQ5BCTVV.js?v=5398434d:19251:20)
    at workLoopSync (http://localhost:5173/node_modules/.vite/deps/chunk-YQ5BCTVV.js?v=5398434d:19190:13)
    at renderRootSync (http://localhost:5173/node_modules/.vite/deps/chunk-YQ5BCTVV.js?v=5398434d:19169:15)
    at recoverFromConcurrentError (http://localhost:5173/node_modules/.vite/deps/chunk-YQ5BCTVV.js?v=5398434d:18786:28)
    at performSyncWorkOnRoot (http://localhost:5173/node_modules/.vite/deps/chunk-YQ5BCTVV.js?v=5398434d:18932:28)
[ 3642472ms] ReferenceError: CLONE_SQ is not defined
    at CloneCell (http://localhost:5173/src/app/components/AiExperience.tsx?t=1783436165338:1905:19)
    at renderWithHooks (http://localhost:5173/node_modules/.vite/deps/chunk-YQ5BCTVV.js?v=5398434d:11596:26)
    at updateFunctionComponent (http://localhost:5173/node_modules/.vite/deps/chunk-YQ5BCTVV.js?v=5398434d:14630:28)
    at beginWork (http://localhost:5173/node_modules/.vite/deps/chunk-YQ5BCTVV.js?v=5398434d:15972:22)
    at HTMLUnknownElement.callCallback2 (http://localhost:5173/node_modules/.vite/deps/chunk-YQ5BCTVV.js?v=5398434d:3680:22)
    at Object.invokeGuardedCallbackDev (http://localhost:5173/node_modules/.vite/deps/chunk-YQ5BCTVV.js?v=5398434d:3705:24)
    at invokeGuardedCallback (http://localhost:5173/node_modules/.vite/deps/chunk-YQ5BCTVV.js?v=5398434d:3739:39)
    at beginWork$1 (http://localhost:5173/node_modules/.vite/deps/chunk-YQ5BCTVV.js?v=5398434d:19818:15)
    at performUnitOfWork (http://localhost:5173/node_modules/.vite/deps/chunk-YQ5BCTVV.js?v=5398434d:19251:20)
    at workLoopSync (http://localhost:5173/node_modules/.vite/deps/chunk-YQ5BCTVV.js?v=5398434d:19190:13)
[ 3642473ms] ReferenceError: CLONE_SQ is not defined
    at CloneCell (http://localhost:5173/src/app/components/AiExperience.tsx?t=1783436165338:1905:19)
    at renderWithHooks (http://localhost:5173/node_modules/.vite/deps/chunk-YQ5BCTVV.js?v=5398434d:11596:26)
    at updateFunctionComponent (http://localhost:5173/node_modules/.vite/deps/chunk-YQ5BCTVV.js?v=5398434d:14630:28)
    at beginWork (http://localhost:5173/node_modules/.vite/deps/chunk-YQ5BCTVV.js?v=5398434d:15972:22)
    at HTMLUnknownElement.callCallback2 (http://localhost:5173/node_modules/.vite/deps/chunk-YQ5BCTVV.js?v=5398434d:3680:22)
    at Object.invokeGuardedCallbackDev (http://localhost:5173/node_modules/.vite/deps/chunk-YQ5BCTVV.js?v=5398434d:3705:24)
    at invokeGuardedCallback (http://localhost:5173/node_modules/.vite/deps/chunk-YQ5BCTVV.js?v=5398434d:3739:39)
    at beginWork$1 (http://localhost:5173/node_modules/.vite/deps/chunk-YQ5BCTVV.js?v=5398434d:19818:15)
    at performUnitOfWork (http://localhost:5173/node_modules/.vite/deps/chunk-YQ5BCTVV.js?v=5398434d:19251:20)
    at workLoopSync (http://localhost:5173/node_modules/.vite/deps/chunk-YQ5BCTVV.js?v=5398434d:19190:13)
[ 3642473ms] ReferenceError: CLONE_SQ is not defined
    at CloneCell (http://localhost:5173/src/app/components/AiExperience.tsx?t=1783436165338:1905:19)
    at renderWithHooks (http://localhost:5173/node_modules/.vite/deps/chunk-YQ5BCTVV.js?v=5398434d:11596:26)
    at updateFunctionComponent (http://localhost:5173/node_modules/.vite/deps/chunk-YQ5BCTVV.js?v=5398434d:14630:28)
    at beginWork (http://localhost:5173/node_modules/.vite/deps/chunk-YQ5BCTVV.js?v=5398434d:15972:22)
    at HTMLUnknownElement.callCallback2 (http://localhost:5173/node_modules/.vite/deps/chunk-YQ5BCTVV.js?v=5398434d:3680:22)
    at Object.invokeGuardedCallbackDev (http://localhost:5173/node_modules/.vite/deps/chunk-YQ5BCTVV.js?v=5398434d:3705:24)
    at invokeGuardedCallback (http://localhost:5173/node_modules/.vite/deps/chunk-YQ5BCTVV.js?v=5398434d:3739:39)
    at beginWork$1 (http://localhost:5173/node_modules/.vite/deps/chunk-YQ5BCTVV.js?v=5398434d:19818:15)
    at performUnitOfWork (http://localhost:5173/node_modules/.vite/deps/chunk-YQ5BCTVV.js?v=5398434d:19251:20)
    at workLoopSync (http://localhost:5173/node_modules/.vite/deps/chunk-YQ5BCTVV.js?v=5398434d:19190:13)
[ 3642474ms] ReferenceError: CLONE_SQ is not defined
    at CloneCell (http://localhost:5173/src/app/components/AiExperience.tsx?t=1783436165338:1905:19)
    at renderWithHooks (http://localhost:5173/node_modules/.vite/deps/chunk-YQ5BCTVV.js?v=5398434d:11596:26)
    at updateFunctionComponent (http://localhost:5173/node_modules/.vite/deps/chunk-YQ5BCTVV.js?v=5398434d:14630:28)
    at beginWork (http://localhost:5173/node_modules/.vite/deps/chunk-YQ5BCTVV.js?v=5398434d:15972:22)
    at HTMLUnknownElement.callCallback2 (http://localhost:5173/node_modules/.vite/deps/chunk-YQ5BCTVV.js?v=5398434d:3680:22)
    at Object.invokeGuardedCallbackDev (http://localhost:5173/node_modules/.vite/deps/chunk-YQ5BCTVV.js?v=5398434d:3705:24)
    at invokeGuardedCallback (http://localhost:5173/node_modules/.vite/deps/chunk-YQ5BCTVV.js?v=5398434d:3739:39)
    at beginWork$1 (http://localhost:5173/node_modules/.vite/deps/chunk-YQ5BCTVV.js?v=5398434d:19818:15)
    at performUnitOfWork (http://localhost:5173/node_modules/.vite/deps/chunk-YQ5BCTVV.js?v=5398434d:19251:20)
    at workLoopSync (http://localhost:5173/node_modules/.vite/deps/chunk-YQ5BCTVV.js?v=5398434d:19190:13)
[ 3642474ms] ReferenceError: CLONE_SQ is not defined
    at CloneCell (http://localhost:5173/src/app/components/AiExperience.tsx?t=1783436165338:1905:19)
    at renderWithHooks (http://localhost:5173/node_modules/.vite/deps/chunk-YQ5BCTVV.js?v=5398434d:11596:26)
    at updateFunctionComponent (http://localhost:5173/node_modules/.vite/deps/chunk-YQ5BCTVV.js?v=5398434d:14630:28)
    at beginWork (http://localhost:5173/node_modules/.vite/deps/chunk-YQ5BCTVV.js?v=5398434d:15972:22)
    at HTMLUnknownElement.callCallback2 (http://localhost:5173/node_modules/.vite/deps/chunk-YQ5BCTVV.js?v=5398434d:3680:22)
    at Object.invokeGuardedCallbackDev (http://localhost:5173/node_modules/.vite/deps/chunk-YQ5BCTVV.js?v=5398434d:3705:24)
    at invokeGuardedCallback (http://localhost:5173/node_modules/.vite/deps/chunk-YQ5BCTVV.js?v=5398434d:3739:39)
    at beginWork$1 (http://localhost:5173/node_modules/.vite/deps/chunk-YQ5BCTVV.js?v=5398434d:19818:15)
    at performUnitOfWork (http://localhost:5173/node_modules/.vite/deps/chunk-YQ5BCTVV.js?v=5398434d:19251:20)
    at workLoopSync (http://localhost:5173/node_modules/.vite/deps/chunk-YQ5BCTVV.js?v=5398434d:19190:13)
[ 3642474ms] ReferenceError: CLONE_SQ is not defined
    at CloneCell (http://localhost:5173/src/app/components/AiExperience.tsx?t=1783436165338:1905:19)
    at renderWithHooks (http://localhost:5173/node_modules/.vite/deps/chunk-YQ5BCTVV.js?v=5398434d:11596:26)
    at updateFunctionComponent (http://localhost:5173/node_modules/.vite/deps/chunk-YQ5BCTVV.js?v=5398434d:14630:28)
    at beginWork (http://localhost:5173/node_modules/.vite/deps/chunk-YQ5BCTVV.js?v=5398434d:15972:22)
    at HTMLUnknownElement.callCallback2 (http://localhost:5173/node_modules/.vite/deps/chunk-YQ5BCTVV.js?v=5398434d:3680:22)
    at Object.invokeGuardedCallbackDev (http://localhost:5173/node_modules/.vite/deps/chunk-YQ5BCTVV.js?v=5398434d:3705:24)
    at invokeGuardedCallback (http://localhost:5173/node_modules/.vite/deps/chunk-YQ5BCTVV.js?v=5398434d:3739:39)
    at beginWork$1 (http://localhost:5173/node_modules/.vite/deps/chunk-YQ5BCTVV.js?v=5398434d:19818:15)
    at performUnitOfWork (http://localhost:5173/node_modules/.vite/deps/chunk-YQ5BCTVV.js?v=5398434d:19251:20)
    at workLoopSync (http://localhost:5173/node_modules/.vite/deps/chunk-YQ5BCTVV.js?v=5398434d:19190:13)
[ 3642474ms] ReferenceError: CLONE_SQ is not defined
    at CloneCell (http://localhost:5173/src/app/components/AiExperience.tsx?t=1783436165338:1905:19)
    at renderWithHooks (http://localhost:5173/node_modules/.vite/deps/chunk-YQ5BCTVV.js?v=5398434d:11596:26)
    at updateFunctionComponent (http://localhost:5173/node_modules/.vite/deps/chunk-YQ5BCTVV.js?v=5398434d:14630:28)
    at beginWork (http://localhost:5173/node_modules/.vite/deps/chunk-YQ5BCTVV.js?v=5398434d:15972:22)
    at HTMLUnknownElement.callCallback2 (http://localhost:5173/node_modules/.vite/deps/chunk-YQ5BCTVV.js?v=5398434d:3680:22)
    at Object.invokeGuardedCallbackDev (http://localhost:5173/node_modules/.vite/deps/chunk-YQ5BCTVV.js?v=5398434d:3705:24)
    at invokeGuardedCallback (http://localhost:5173/node_modules/.vite/deps/chunk-YQ5BCTVV.js?v=5398434d:3739:39)
    at beginWork$1 (http://localhost:5173/node_modules/.vite/deps/chunk-YQ5BCTVV.js?v=5398434d:19818:15)
    at performUnitOfWork (http://localhost:5173/node_modules/.vite/deps/chunk-YQ5BCTVV.js?v=5398434d:19251:20)
    at workLoopSync (http://localhost:5173/node_modules/.vite/deps/chunk-YQ5BCTVV.js?v=5398434d:19190:13)
[ 3642474ms] ReferenceError: CLONE_SQ is not defined
    at CloneCell (http://localhost:5173/src/app/components/AiExperience.tsx?t=1783436165338:1905:19)
    at renderWithHooks (http://localhost:5173/node_modules/.vite/deps/chunk-YQ5BCTVV.js?v=5398434d:11596:26)
    at updateFunctionComponent (http://localhost:5173/node_modules/.vite/deps/chunk-YQ5BCTVV.js?v=5398434d:14630:28)
    at beginWork (http://localhost:5173/node_modules/.vite/deps/chunk-YQ5BCTVV.js?v=5398434d:15972:22)
    at HTMLUnknownElement.callCallback2 (http://localhost:5173/node_modules/.vite/deps/chunk-YQ5BCTVV.js?v=5398434d:3680:22)
    at Object.invokeGuardedCallbackDev (http://localhost:5173/node_modules/.vite/deps/chunk-YQ5BCTVV.js?v=5398434d:3705:24)
    at invokeGuardedCallback (http://localhost:5173/node_modules/.vite/deps/chunk-YQ5BCTVV.js?v=5398434d:3739:39)
    at beginWork$1 (http://localhost:5173/node_modules/.vite/deps/chunk-YQ5BCTVV.js?v=5398434d:19818:15)
    at performUnitOfWork (http://localhost:5173/node_modules/.vite/deps/chunk-YQ5BCTVV.js?v=5398434d:19251:20)
    at workLoopSync (http://localhost:5173/node_modules/.vite/deps/chunk-YQ5BCTVV.js?v=5398434d:19190:13)
[ 3642475ms] ReferenceError: CLONE_SQ is not defined
    at CloneCell (http://localhost:5173/src/app/components/AiExperience.tsx?t=1783436165338:1905:19)
    at renderWithHooks (http://localhost:5173/node_modules/.vite/deps/chunk-YQ5BCTVV.js?v=5398434d:11596:26)
    at updateFunctionComponent (http://localhost:5173/node_modules/.vite/deps/chunk-YQ5BCTVV.js?v=5398434d:14630:28)
    at beginWork (http://localhost:5173/node_modules/.vite/deps/chunk-YQ5BCTVV.js?v=5398434d:15972:22)
    at HTMLUnknownElement.callCallback2 (http://localhost:5173/node_modules/.vite/deps/chunk-YQ5BCTVV.js?v=5398434d:3680:22)
    at Object.invokeGuardedCallbackDev (http://localhost:5173/node_modules/.vite/deps/chunk-YQ5BCTVV.js?v=5398434d:3705:24)
    at invokeGuardedCallback (http://localhost:5173/node_modules/.vite/deps/chunk-YQ5BCTVV.js?v=5398434d:3739:39)
    at beginWork$1 (http://localhost:5173/node_modules/.vite/deps/chunk-YQ5BCTVV.js?v=5398434d:19818:15)
    at performUnitOfWork (http://localhost:5173/node_modules/.vite/deps/chunk-YQ5BCTVV.js?v=5398434d:19251:20)
    at workLoopSync (http://localhost:5173/node_modules/.vite/deps/chunk-YQ5BCTVV.js?v=5398434d:19190:13)
[ 3642475ms] ReferenceError: CLONE_SQ is not defined
    at CloneCell (http://localhost:5173/src/app/components/AiExperience.tsx?t=1783436165338:1905:19)
    at renderWithHooks (http://localhost:5173/node_modules/.vite/deps/chunk-YQ5BCTVV.js?v=5398434d:11596:26)
    at updateFunctionComponent (http://localhost:5173/node_modules/.vite/deps/chunk-YQ5BCTVV.js?v=5398434d:14630:28)
    at beginWork (http://localhost:5173/node_modules/.vite/deps/chunk-YQ5BCTVV.js?v=5398434d:15972:22)
    at HTMLUnknownElement.callCallback2 (http://localhost:5173/node_modules/.vite/deps/chunk-YQ5BCTVV.js?v=5398434d:3680:22)
    at Object.invokeGuardedCallbackDev (http://localhost:5173/node_modules/.vite/deps/chunk-YQ5BCTVV.js?v=5398434d:3705:24)
    at invokeGuardedCallback (http://localhost:5173/node_modules/.vite/deps/chunk-YQ5BCTVV.js?v=5398434d:3739:39)
    at beginWork$1 (http://localhost:5173/node_modules/.vite/deps/chunk-YQ5BCTVV.js?v=5398434d:19818:15)
    at performUnitOfWork (http://localhost:5173/node_modules/.vite/deps/chunk-YQ5BCTVV.js?v=5398434d:19251:20)
    at workLoopSync (http://localhost:5173/node_modules/.vite/deps/chunk-YQ5BCTVV.js?v=5398434d:19190:13)
[ 3642475ms] ReferenceError: CLONE_SQ is not defined
    at CloneCell (http://localhost:5173/src/app/components/AiExperience.tsx?t=1783436165338:1905:19)
    at renderWithHooks (http://localhost:5173/node_modules/.vite/deps/chunk-YQ5BCTVV.js?v=5398434d:11596:26)
    at updateFunctionComponent (http://localhost:5173/node_modules/.vite/deps/chunk-YQ5BCTVV.js?v=5398434d:14630:28)
    at beginWork (http://localhost:5173/node_modules/.vite/deps/chunk-YQ5BCTVV.js?v=5398434d:15972:22)
    at HTMLUnknownElement.callCallback2 (http://localhost:5173/node_modules/.vite/deps/chunk-YQ5BCTVV.js?v=5398434d:3680:22)
    at Object.invokeGuardedCallbackDev (http://localhost:5173/node_modules/.vite/deps/chunk-YQ5BCTVV.js?v=5398434d:3705:24)
    at invokeGuardedCallback (http://localhost:5173/node_modules/.vite/deps/chunk-YQ5BCTVV.js?v=5398434d:3739:39)
    at beginWork$1 (http://localhost:5173/node_modules/.vite/deps/chunk-YQ5BCTVV.js?v=5398434d:19818:15)
    at performUnitOfWork (http://localhost:5173/node_modules/.vite/deps/chunk-YQ5BCTVV.js?v=5398434d:19251:20)
    at workLoopSync (http://localhost:5173/node_modules/.vite/deps/chunk-YQ5BCTVV.js?v=5398434d:19190:13)
[ 3642475ms] ReferenceError: CLONE_SQ is not defined
    at CloneCell (http://localhost:5173/src/app/components/AiExperience.tsx?t=1783436165338:1905:19)
    at renderWithHooks (http://localhost:5173/node_modules/.vite/deps/chunk-YQ5BCTVV.js?v=5398434d:11596:26)
    at updateFunctionComponent (http://localhost:5173/node_modules/.vite/deps/chunk-YQ5BCTVV.js?v=5398434d:14630:28)
    at beginWork (http://localhost:5173/node_modules/.vite/deps/chunk-YQ5BCTVV.js?v=5398434d:15972:22)
    at HTMLUnknownElement.callCallback2 (http://localhost:5173/node_modules/.vite/deps/chunk-YQ5BCTVV.js?v=5398434d:3680:22)
    at Object.invokeGuardedCallbackDev (http://localhost:5173/node_modules/.vite/deps/chunk-YQ5BCTVV.js?v=5398434d:3705:24)
    at invokeGuardedCallback (http://localhost:5173/node_modules/.vite/deps/chunk-YQ5BCTVV.js?v=5398434d:3739:39)
    at beginWork$1 (http://localhost:5173/node_modules/.vite/deps/chunk-YQ5BCTVV.js?v=5398434d:19818:15)
    at performUnitOfWork (http://localhost:5173/node_modules/.vite/deps/chunk-YQ5BCTVV.js?v=5398434d:19251:20)
    at workLoopSync (http://localhost:5173/node_modules/.vite/deps/chunk-YQ5BCTVV.js?v=5398434d:19190:13)
[ 3642475ms] ReferenceError: CLONE_SQ is not defined
    at CloneCell (http://localhost:5173/src/app/components/AiExperience.tsx?t=1783436165338:1905:19)
    at renderWithHooks (http://localhost:5173/node_modules/.vite/deps/chunk-YQ5BCTVV.js?v=5398434d:11596:26)
    at updateFunctionComponent (http://localhost:5173/node_modules/.vite/deps/chunk-YQ5BCTVV.js?v=5398434d:14630:28)
    at beginWork (http://localhost:5173/node_modules/.vite/deps/chunk-YQ5BCTVV.js?v=5398434d:15972:22)
    at HTMLUnknownElement.callCallback2 (http://localhost:5173/node_modules/.vite/deps/chunk-YQ5BCTVV.js?v=5398434d:3680:22)
    at Object.invokeGuardedCallbackDev (http://localhost:5173/node_modules/.vite/deps/chunk-YQ5BCTVV.js?v=5398434d:3705:24)
    at invokeGuardedCallback (http://localhost:5173/node_modules/.vite/deps/chunk-YQ5BCTVV.js?v=5398434d:3739:39)
    at beginWork$1 (http://localhost:5173/node_modules/.vite/deps/chunk-YQ5BCTVV.js?v=5398434d:19818:15)
    at performUnitOfWork (http://localhost:5173/node_modules/.vite/deps/chunk-YQ5BCTVV.js?v=5398434d:19251:20)
    at workLoopSync (http://localhost:5173/node_modules/.vite/deps/chunk-YQ5BCTVV.js?v=5398434d:19190:13)
[ 3642475ms] ReferenceError: CLONE_SQ is not defined
    at CloneCell (http://localhost:5173/src/app/components/AiExperience.tsx?t=1783436165338:1905:19)
    at renderWithHooks (http://localhost:5173/node_modules/.vite/deps/chunk-YQ5BCTVV.js?v=5398434d:11596:26)
    at updateFunctionComponent (http://localhost:5173/node_modules/.vite/deps/chunk-YQ5BCTVV.js?v=5398434d:14630:28)
    at beginWork (http://localhost:5173/node_modules/.vite/deps/chunk-YQ5BCTVV.js?v=5398434d:15972:22)
    at HTMLUnknownElement.callCallback2 (http://localhost:5173/node_modules/.vite/deps/chunk-YQ5BCTVV.js?v=5398434d:3680:22)
    at Object.invokeGuardedCallbackDev (http://localhost:5173/node_modules/.vite/deps/chunk-YQ5BCTVV.js?v=5398434d:3705:24)
    at invokeGuardedCallback (http://localhost:5173/node_modules/.vite/deps/chunk-YQ5BCTVV.js?v=5398434d:3739:39)
    at beginWork$1 (http://localhost:5173/node_modules/.vite/deps/chunk-YQ5BCTVV.js?v=5398434d:19818:15)
    at performUnitOfWork (http://localhost:5173/node_modules/.vite/deps/chunk-YQ5BCTVV.js?v=5398434d:19251:20)
    at workLoopSync (http://localhost:5173/node_modules/.vite/deps/chunk-YQ5BCTVV.js?v=5398434d:19190:13)
[ 3642476ms] ReferenceError: CLONE_SQ is not defined
    at CloneCell (http://localhost:5173/src/app/components/AiExperience.tsx?t=1783436165338:1905:19)
    at renderWithHooks (http://localhost:5173/node_modules/.vite/deps/chunk-YQ5BCTVV.js?v=5398434d:11596:26)
    at updateFunctionComponent (http://localhost:5173/node_modules/.vite/deps/chunk-YQ5BCTVV.js?v=5398434d:14630:28)
    at beginWork (http://localhost:5173/node_modules/.vite/deps/chunk-YQ5BCTVV.js?v=5398434d:15972:22)
    at HTMLUnknownElement.callCallback2 (http://localhost:5173/node_modules/.vite/deps/chunk-YQ5BCTVV.js?v=5398434d:3680:22)
    at Object.invokeGuardedCallbackDev (http://localhost:5173/node_modules/.vite/deps/chunk-YQ5BCTVV.js?v=5398434d:3705:24)
    at invokeGuardedCallback (http://localhost:5173/node_modules/.vite/deps/chunk-YQ5BCTVV.js?v=5398434d:3739:39)
    at beginWork$1 (http://localhost:5173/node_modules/.vite/deps/chunk-YQ5BCTVV.js?v=5398434d:19818:15)
    at performUnitOfWork (http://localhost:5173/node_modules/.vite/deps/chunk-YQ5BCTVV.js?v=5398434d:19251:20)
    at workLoopSync (http://localhost:5173/node_modules/.vite/deps/chunk-YQ5BCTVV.js?v=5398434d:19190:13)
[ 3642476ms] ReferenceError: CLONE_SQ is not defined
    at CloneCell (http://localhost:5173/src/app/components/AiExperience.tsx?t=1783436165338:1905:19)
    at renderWithHooks (http://localhost:5173/node_modules/.vite/deps/chunk-YQ5BCTVV.js?v=5398434d:11596:26)
    at updateFunctionComponent (http://localhost:5173/node_modules/.vite/deps/chunk-YQ5BCTVV.js?v=5398434d:14630:28)
    at beginWork (http://localhost:5173/node_modules/.vite/deps/chunk-YQ5BCTVV.js?v=5398434d:15972:22)
    at HTMLUnknownElement.callCallback2 (http://localhost:5173/node_modules/.vite/deps/chunk-YQ5BCTVV.js?v=5398434d:3680:22)
    at Object.invokeGuardedCallbackDev (http://localhost:5173/node_modules/.vite/deps/chunk-YQ5BCTVV.js?v=5398434d:3705:24)
    at invokeGuardedCallback (http://localhost:5173/node_modules/.vite/deps/chunk-YQ5BCTVV.js?v=5398434d:3739:39)
    at beginWork$1 (http://localhost:5173/node_modules/.vite/deps/chunk-YQ5BCTVV.js?v=5398434d:19818:15)
    at performUnitOfWork (http://localhost:5173/node_modules/.vite/deps/chunk-YQ5BCTVV.js?v=5398434d:19251:20)
    at workLoopSync (http://localhost:5173/node_modules/.vite/deps/chunk-YQ5BCTVV.js?v=5398434d:19190:13)
[ 3642476ms] ReferenceError: CLONE_SQ is not defined
    at CloneCell (http://localhost:5173/src/app/components/AiExperience.tsx?t=1783436165338:1905:19)
    at renderWithHooks (http://localhost:5173/node_modules/.vite/deps/chunk-YQ5BCTVV.js?v=5398434d:11596:26)
    at updateFunctionComponent (http://localhost:5173/node_modules/.vite/deps/chunk-YQ5BCTVV.js?v=5398434d:14630:28)
    at beginWork (http://localhost:5173/node_modules/.vite/deps/chunk-YQ5BCTVV.js?v=5398434d:15972:22)
    at HTMLUnknownElement.callCallback2 (http://localhost:5173/node_modules/.vite/deps/chunk-YQ5BCTVV.js?v=5398434d:3680:22)
    at Object.invokeGuardedCallbackDev (http://localhost:5173/node_modules/.vite/deps/chunk-YQ5BCTVV.js?v=5398434d:3705:24)
    at invokeGuardedCallback (http://localhost:5173/node_modules/.vite/deps/chunk-YQ5BCTVV.js?v=5398434d:3739:39)
    at beginWork$1 (http://localhost:5173/node_modules/.vite/deps/chunk-YQ5BCTVV.js?v=5398434d:19818:15)
    at performUnitOfWork (http://localhost:5173/node_modules/.vite/deps/chunk-YQ5BCTVV.js?v=5398434d:19251:20)
    at workLoopSync (http://localhost:5173/node_modules/.vite/deps/chunk-YQ5BCTVV.js?v=5398434d:19190:13)
[ 3642476ms] ReferenceError: CLONE_SQ is not defined
    at CloneCell (http://localhost:5173/src/app/components/AiExperience.tsx?t=1783436165338:1905:19)
    at renderWithHooks (http://localhost:5173/node_modules/.vite/deps/chunk-YQ5BCTVV.js?v=5398434d:11596:26)
    at updateFunctionComponent (http://localhost:5173/node_modules/.vite/deps/chunk-YQ5BCTVV.js?v=5398434d:14630:28)
    at beginWork (http://localhost:5173/node_modules/.vite/deps/chunk-YQ5BCTVV.js?v=5398434d:15972:22)
    at HTMLUnknownElement.callCallback2 (http://localhost:5173/node_modules/.vite/deps/chunk-YQ5BCTVV.js?v=5398434d:3680:22)
    at Object.invokeGuardedCallbackDev (http://localhost:5173/node_modules/.vite/deps/chunk-YQ5BCTVV.js?v=5398434d:3705:24)
    at invokeGuardedCallback (http://localhost:5173/node_modules/.vite/deps/chunk-YQ5BCTVV.js?v=5398434d:3739:39)
    at beginWork$1 (http://localhost:5173/node_modules/.vite/deps/chunk-YQ5BCTVV.js?v=5398434d:19818:15)
    at performUnitOfWork (http://localhost:5173/node_modules/.vite/deps/chunk-YQ5BCTVV.js?v=5398434d:19251:20)
    at workLoopSync (http://localhost:5173/node_modules/.vite/deps/chunk-YQ5BCTVV.js?v=5398434d:19190:13)
[ 3642476ms] ReferenceError: CLONE_SQ is not defined
    at CloneCell (http://localhost:5173/src/app/components/AiExperience.tsx?t=1783436165338:1905:19)
    at renderWithHooks (http://localhost:5173/node_modules/.vite/deps/chunk-YQ5BCTVV.js?v=5398434d:11596:26)
    at updateFunctionComponent (http://localhost:5173/node_modules/.vite/deps/chunk-YQ5BCTVV.js?v=5398434d:14630:28)
    at beginWork (http://localhost:5173/node_modules/.vite/deps/chunk-YQ5BCTVV.js?v=5398434d:15972:22)
    at HTMLUnknownElement.callCallback2 (http://localhost:5173/node_modules/.vite/deps/chunk-YQ5BCTVV.js?v=5398434d:3680:22)
    at Object.invokeGuardedCallbackDev (http://localhost:5173/node_modules/.vite/deps/chunk-YQ5BCTVV.js?v=5398434d:3705:24)
    at invokeGuardedCallback (http://localhost:5173/node_modules/.vite/deps/chunk-YQ5BCTVV.js?v=5398434d:3739:39)
    at beginWork$1 (http://localhost:5173/node_modules/.vite/deps/chunk-YQ5BCTVV.js?v=5398434d:19818:15)
    at performUnitOfWork (http://localhost:5173/node_modules/.vite/deps/chunk-YQ5BCTVV.js?v=5398434d:19251:20)
    at workLoopSync (http://localhost:5173/node_modules/.vite/deps/chunk-YQ5BCTVV.js?v=5398434d:19190:13)
[ 3642476ms] ReferenceError: CLONE_SQ is not defined
    at CloneCell (http://localhost:5173/src/app/components/AiExperience.tsx?t=1783436165338:1905:19)
    at renderWithHooks (http://localhost:5173/node_modules/.vite/deps/chunk-YQ5BCTVV.js?v=5398434d:11596:26)
    at updateFunctionComponent (http://localhost:5173/node_modules/.vite/deps/chunk-YQ5BCTVV.js?v=5398434d:14630:28)
    at beginWork (http://localhost:5173/node_modules/.vite/deps/chunk-YQ5BCTVV.js?v=5398434d:15972:22)
    at HTMLUnknownElement.callCallback2 (http://localhost:5173/node_modules/.vite/deps/chunk-YQ5BCTVV.js?v=5398434d:3680:22)
    at Object.invokeGuardedCallbackDev (http://localhost:5173/node_modules/.vite/deps/chunk-YQ5BCTVV.js?v=5398434d:3705:24)
    at invokeGuardedCallback (http://localhost:5173/node_modules/.vite/deps/chunk-YQ5BCTVV.js?v=5398434d:3739:39)
    at beginWork$1 (http://localhost:5173/node_modules/.vite/deps/chunk-YQ5BCTVV.js?v=5398434d:19818:15)
    at performUnitOfWork (http://localhost:5173/node_modules/.vite/deps/chunk-YQ5BCTVV.js?v=5398434d:19251:20)
    at workLoopSync (http://localhost:5173/node_modules/.vite/deps/chunk-YQ5BCTVV.js?v=5398434d:19190:13)
[ 3642476ms] ReferenceError: CLONE_SQ is not defined
    at CloneCell (http://localhost:5173/src/app/components/AiExperience.tsx?t=1783436165338:1905:19)
    at renderWithHooks (http://localhost:5173/node_modules/.vite/deps/chunk-YQ5BCTVV.js?v=5398434d:11596:26)
    at updateFunctionComponent (http://localhost:5173/node_modules/.vite/deps/chunk-YQ5BCTVV.js?v=5398434d:14630:28)
    at beginWork (http://localhost:5173/node_modules/.vite/deps/chunk-YQ5BCTVV.js?v=5398434d:15972:22)
    at HTMLUnknownElement.callCallback2 (http://localhost:5173/node_modules/.vite/deps/chunk-YQ5BCTVV.js?v=5398434d:3680:22)
    at Object.invokeGuardedCallbackDev (http://localhost:5173/node_modules/.vite/deps/chunk-YQ5BCTVV.js?v=5398434d:3705:24)
    at invokeGuardedCallback (http://localhost:5173/node_modules/.vite/deps/chunk-YQ5BCTVV.js?v=5398434d:3739:39)
    at beginWork$1 (http://localhost:5173/node_modules/.vite/deps/chunk-YQ5BCTVV.js?v=5398434d:19818:15)
    at performUnitOfWork (http://localhost:5173/node_modules/.vite/deps/chunk-YQ5BCTVV.js?v=5398434d:19251:20)
    at workLoopSync (http://localhost:5173/node_modules/.vite/deps/chunk-YQ5BCTVV.js?v=5398434d:19190:13)
[ 3642476ms] ReferenceError: CLONE_SQ is not defined
    at CloneCell (http://localhost:5173/src/app/components/AiExperience.tsx?t=1783436165338:1905:19)
    at renderWithHooks (http://localhost:5173/node_modules/.vite/deps/chunk-YQ5BCTVV.js?v=5398434d:11596:26)
    at updateFunctionComponent (http://localhost:5173/node_modules/.vite/deps/chunk-YQ5BCTVV.js?v=5398434d:14630:28)
    at beginWork (http://localhost:5173/node_modules/.vite/deps/chunk-YQ5BCTVV.js?v=5398434d:15972:22)
    at HTMLUnknownElement.callCallback2 (http://localhost:5173/node_modules/.vite/deps/chunk-YQ5BCTVV.js?v=5398434d:3680:22)
    at Object.invokeGuardedCallbackDev (http://localhost:5173/node_modules/.vite/deps/chunk-YQ5BCTVV.js?v=5398434d:3705:24)
    at invokeGuardedCallback (http://localhost:5173/node_modules/.vite/deps/chunk-YQ5BCTVV.js?v=5398434d:3739:39)
    at beginWork$1 (http://localhost:5173/node_modules/.vite/deps/chunk-YQ5BCTVV.js?v=5398434d:19818:15)
    at performUnitOfWork (http://localhost:5173/node_modules/.vite/deps/chunk-YQ5BCTVV.js?v=5398434d:19251:20)
    at workLoopSync (http://localhost:5173/node_modules/.vite/deps/chunk-YQ5BCTVV.js?v=5398434d:19190:13)
[ 3642476ms] ReferenceError: CLONE_SQ is not defined
    at CloneCell (http://localhost:5173/src/app/components/AiExperience.tsx?t=1783436165338:1905:19)
    at renderWithHooks (http://localhost:5173/node_modules/.vite/deps/chunk-YQ5BCTVV.js?v=5398434d:11596:26)
    at updateFunctionComponent (http://localhost:5173/node_modules/.vite/deps/chunk-YQ5BCTVV.js?v=5398434d:14630:28)
    at beginWork (http://localhost:5173/node_modules/.vite/deps/chunk-YQ5BCTVV.js?v=5398434d:15972:22)
    at HTMLUnknownElement.callCallback2 (http://localhost:5173/node_modules/.vite/deps/chunk-YQ5BCTVV.js?v=5398434d:3680:22)
    at Object.invokeGuardedCallbackDev (http://localhost:5173/node_modules/.vite/deps/chunk-YQ5BCTVV.js?v=5398434d:3705:24)
    at invokeGuardedCallback (http://localhost:5173/node_modules/.vite/deps/chunk-YQ5BCTVV.js?v=5398434d:3739:39)
    at beginWork$1 (http://localhost:5173/node_modules/.vite/deps/chunk-YQ5BCTVV.js?v=5398434d:19818:15)
    at performUnitOfWork (http://localhost:5173/node_modules/.vite/deps/chunk-YQ5BCTVV.js?v=5398434d:19251:20)
    at workLoopSync (http://localhost:5173/node_modules/.vite/deps/chunk-YQ5BCTVV.js?v=5398434d:19190:13)
[ 3642477ms] ReferenceError: CLONE_SQ is not defined
    at CloneCell (http://localhost:5173/src/app/components/AiExperience.tsx?t=1783436165338:1905:19)
    at renderWithHooks (http://localhost:5173/node_modules/.vite/deps/chunk-YQ5BCTVV.js?v=5398434d:11596:26)
    at updateFunctionComponent (http://localhost:5173/node_modules/.vite/deps/chunk-YQ5BCTVV.js?v=5398434d:14630:28)
    at beginWork (http://localhost:5173/node_modules/.vite/deps/chunk-YQ5BCTVV.js?v=5398434d:15972:22)
    at HTMLUnknownElement.callCallback2 (http://localhost:5173/node_modules/.vite/deps/chunk-YQ5BCTVV.js?v=5398434d:3680:22)
    at Object.invokeGuardedCallbackDev (http://localhost:5173/node_modules/.vite/deps/chunk-YQ5BCTVV.js?v=5398434d:3705:24)
    at invokeGuardedCallback (http://localhost:5173/node_modules/.vite/deps/chunk-YQ5BCTVV.js?v=5398434d:3739:39)
    at beginWork$1 (http://localhost:5173/node_modules/.vite/deps/chunk-YQ5BCTVV.js?v=5398434d:19818:15)
    at performUnitOfWork (http://localhost:5173/node_modules/.vite/deps/chunk-YQ5BCTVV.js?v=5398434d:19251:20)
    at workLoopSync (http://localhost:5173/node_modules/.vite/deps/chunk-YQ5BCTVV.js?v=5398434d:19190:13)
[ 3642477ms] ReferenceError: CLONE_SQ is not defined
    at CloneCell (http://localhost:5173/src/app/components/AiExperience.tsx?t=1783436165338:1905:19)
    at renderWithHooks (http://localhost:5173/node_modules/.vite/deps/chunk-YQ5BCTVV.js?v=5398434d:11596:26)
    at updateFunctionComponent (http://localhost:5173/node_modules/.vite/deps/chunk-YQ5BCTVV.js?v=5398434d:14630:28)
    at beginWork (http://localhost:5173/node_modules/.vite/deps/chunk-YQ5BCTVV.js?v=5398434d:15972:22)
    at HTMLUnknownElement.callCallback2 (http://localhost:5173/node_modules/.vite/deps/chunk-YQ5BCTVV.js?v=5398434d:3680:22)
    at Object.invokeGuardedCallbackDev (http://localhost:5173/node_modules/.vite/deps/chunk-YQ5BCTVV.js?v=5398434d:3705:24)
    at invokeGuardedCallback (http://localhost:5173/node_modules/.vite/deps/chunk-YQ5BCTVV.js?v=5398434d:3739:39)
    at beginWork$1 (http://localhost:5173/node_modules/.vite/deps/chunk-YQ5BCTVV.js?v=5398434d:19818:15)
    at performUnitOfWork (http://localhost:5173/node_modules/.vite/deps/chunk-YQ5BCTVV.js?v=5398434d:19251:20)
    at workLoopSync (http://localhost:5173/node_modules/.vite/deps/chunk-YQ5BCTVV.js?v=5398434d:19190:13)
[ 3642477ms] ReferenceError: CLONE_SQ is not defined
    at CloneCell (http://localhost:5173/src/app/components/AiExperience.tsx?t=1783436165338:1905:19)
    at renderWithHooks (http://localhost:5173/node_modules/.vite/deps/chunk-YQ5BCTVV.js?v=5398434d:11596:26)
    at updateFunctionComponent (http://localhost:5173/node_modules/.vite/deps/chunk-YQ5BCTVV.js?v=5398434d:14630:28)
    at beginWork (http://localhost:5173/node_modules/.vite/deps/chunk-YQ5BCTVV.js?v=5398434d:15972:22)
    at HTMLUnknownElement.callCallback2 (http://localhost:5173/node_modules/.vite/deps/chunk-YQ5BCTVV.js?v=5398434d:3680:22)
    at Object.invokeGuardedCallbackDev (http://localhost:5173/node_modules/.vite/deps/chunk-YQ5BCTVV.js?v=5398434d:3705:24)
    at invokeGuardedCallback (http://localhost:5173/node_modules/.vite/deps/chunk-YQ5BCTVV.js?v=5398434d:3739:39)
    at beginWork$1 (http://localhost:5173/node_modules/.vite/deps/chunk-YQ5BCTVV.js?v=5398434d:19818:15)
    at performUnitOfWork (http://localhost:5173/node_modules/.vite/deps/chunk-YQ5BCTVV.js?v=5398434d:19251:20)
    at workLoopSync (http://localhost:5173/node_modules/.vite/deps/chunk-YQ5BCTVV.js?v=5398434d:19190:13)
[ 3642477ms] ReferenceError: CLONE_SQ is not defined
    at CloneCell (http://localhost:5173/src/app/components/AiExperience.tsx?t=1783436165338:1905:19)
    at renderWithHooks (http://localhost:5173/node_modules/.vite/deps/chunk-YQ5BCTVV.js?v=5398434d:11596:26)
    at updateFunctionComponent (http://localhost:5173/node_modules/.vite/deps/chunk-YQ5BCTVV.js?v=5398434d:14630:28)
    at beginWork (http://localhost:5173/node_modules/.vite/deps/chunk-YQ5BCTVV.js?v=5398434d:15972:22)
    at HTMLUnknownElement.callCallback2 (http://localhost:5173/node_modules/.vite/deps/chunk-YQ5BCTVV.js?v=5398434d:3680:22)
    at Object.invokeGuardedCallbackDev (http://localhost:5173/node_modules/.vite/deps/chunk-YQ5BCTVV.js?v=5398434d:3705:24)
    at invokeGuardedCallback (http://localhost:5173/node_modules/.vite/deps/chunk-YQ5BCTVV.js?v=5398434d:3739:39)
    at beginWork$1 (http://localhost:5173/node_modules/.vite/deps/chunk-YQ5BCTVV.js?v=5398434d:19818:15)
    at performUnitOfWork (http://localhost:5173/node_modules/.vite/deps/chunk-YQ5BCTVV.js?v=5398434d:19251:20)
    at workLoopSync (http://localhost:5173/node_modules/.vite/deps/chunk-YQ5BCTVV.js?v=5398434d:19190:13)
[ 3642477ms] ReferenceError: CLONE_SQ is not defined
    at CloneCell (http://localhost:5173/src/app/components/AiExperience.tsx?t=1783436165338:1905:19)
    at renderWithHooks (http://localhost:5173/node_modules/.vite/deps/chunk-YQ5BCTVV.js?v=5398434d:11596:26)
    at updateFunctionComponent (http://localhost:5173/node_modules/.vite/deps/chunk-YQ5BCTVV.js?v=5398434d:14630:28)
    at beginWork (http://localhost:5173/node_modules/.vite/deps/chunk-YQ5BCTVV.js?v=5398434d:15972:22)
    at HTMLUnknownElement.callCallback2 (http://localhost:5173/node_modules/.vite/deps/chunk-YQ5BCTVV.js?v=5398434d:3680:22)
    at Object.invokeGuardedCallbackDev (http://localhost:5173/node_modules/.vite/deps/chunk-YQ5BCTVV.js?v=5398434d:3705:24)
    at invokeGuardedCallback (http://localhost:5173/node_modules/.vite/deps/chunk-YQ5BCTVV.js?v=5398434d:3739:39)
    at beginWork$1 (http://localhost:5173/node_modules/.vite/deps/chunk-YQ5BCTVV.js?v=5398434d:19818:15)
    at performUnitOfWork (http://localhost:5173/node_modules/.vite/deps/chunk-YQ5BCTVV.js?v=5398434d:19251:20)
    at workLoopSync (http://localhost:5173/node_modules/.vite/deps/chunk-YQ5BCTVV.js?v=5398434d:19190:13)
[ 3642477ms] ReferenceError: CLONE_SQ is not defined
    at CloneCell (http://localhost:5173/src/app/components/AiExperience.tsx?t=1783436165338:1905:19)
    at renderWithHooks (http://localhost:5173/node_modules/.vite/deps/chunk-YQ5BCTVV.js?v=5398434d:11596:26)
    at updateFunctionComponent (http://localhost:5173/node_modules/.vite/deps/chunk-YQ5BCTVV.js?v=5398434d:14630:28)
    at beginWork (http://localhost:5173/node_modules/.vite/deps/chunk-YQ5BCTVV.js?v=5398434d:15972:22)
    at HTMLUnknownElement.callCallback2 (http://localhost:5173/node_modules/.vite/deps/chunk-YQ5BCTVV.js?v=5398434d:3680:22)
    at Object.invokeGuardedCallbackDev (http://localhost:5173/node_modules/.vite/deps/chunk-YQ5BCTVV.js?v=5398434d:3705:24)
    at invokeGuardedCallback (http://localhost:5173/node_modules/.vite/deps/chunk-YQ5BCTVV.js?v=5398434d:3739:39)
    at beginWork$1 (http://localhost:5173/node_modules/.vite/deps/chunk-YQ5BCTVV.js?v=5398434d:19818:15)
    at performUnitOfWork (http://localhost:5173/node_modules/.vite/deps/chunk-YQ5BCTVV.js?v=5398434d:19251:20)
    at workLoopSync (http://localhost:5173/node_modules/.vite/deps/chunk-YQ5BCTVV.js?v=5398434d:19190:13)
[ 3642477ms] ReferenceError: CLONE_SQ is not defined
    at CloneCell (http://localhost:5173/src/app/components/AiExperience.tsx?t=1783436165338:1905:19)
    at renderWithHooks (http://localhost:5173/node_modules/.vite/deps/chunk-YQ5BCTVV.js?v=5398434d:11596:26)
    at updateFunctionComponent (http://localhost:5173/node_modules/.vite/deps/chunk-YQ5BCTVV.js?v=5398434d:14630:28)
    at beginWork (http://localhost:5173/node_modules/.vite/deps/chunk-YQ5BCTVV.js?v=5398434d:15972:22)
    at HTMLUnknownElement.callCallback2 (http://localhost:5173/node_modules/.vite/deps/chunk-YQ5BCTVV.js?v=5398434d:3680:22)
    at Object.invokeGuardedCallbackDev (http://localhost:5173/node_modules/.vite/deps/chunk-YQ5BCTVV.js?v=5398434d:3705:24)
    at invokeGuardedCallback (http://localhost:5173/node_modules/.vite/deps/chunk-YQ5BCTVV.js?v=5398434d:3739:39)
    at beginWork$1 (http://localhost:5173/node_modules/.vite/deps/chunk-YQ5BCTVV.js?v=5398434d:19818:15)
    at performUnitOfWork (http://localhost:5173/node_modules/.vite/deps/chunk-YQ5BCTVV.js?v=5398434d:19251:20)
    at workLoopSync (http://localhost:5173/node_modules/.vite/deps/chunk-YQ5BCTVV.js?v=5398434d:19190:13)
[ 3642477ms] ReferenceError: CLONE_SQ is not defined
    at CloneCell (http://localhost:5173/src/app/components/AiExperience.tsx?t=1783436165338:1905:19)
    at renderWithHooks (http://localhost:5173/node_modules/.vite/deps/chunk-YQ5BCTVV.js?v=5398434d:11596:26)
    at updateFunctionComponent (http://localhost:5173/node_modules/.vite/deps/chunk-YQ5BCTVV.js?v=5398434d:14630:28)
    at beginWork (http://localhost:5173/node_modules/.vite/deps/chunk-YQ5BCTVV.js?v=5398434d:15972:22)
    at HTMLUnknownElement.callCallback2 (http://localhost:5173/node_modules/.vite/deps/chunk-YQ5BCTVV.js?v=5398434d:3680:22)
    at Object.invokeGuardedCallbackDev (http://localhost:5173/node_modules/.vite/deps/chunk-YQ5BCTVV.js?v=5398434d:3705:24)
    at invokeGuardedCallback (http://localhost:5173/node_modules/.vite/deps/chunk-YQ5BCTVV.js?v=5398434d:3739:39)
    at beginWork$1 (http://localhost:5173/node_modules/.vite/deps/chunk-YQ5BCTVV.js?v=5398434d:19818:15)
    at performUnitOfWork (http://localhost:5173/node_modules/.vite/deps/chunk-YQ5BCTVV.js?v=5398434d:19251:20)
    at workLoopSync (http://localhost:5173/node_modules/.vite/deps/chunk-YQ5BCTVV.js?v=5398434d:19190:13)
[ 3642478ms] ReferenceError: CLONE_SQ is not defined
    at CloneCell (http://localhost:5173/src/app/components/AiExperience.tsx?t=1783436165338:1905:19)
    at renderWithHooks (http://localhost:5173/node_modules/.vite/deps/chunk-YQ5BCTVV.js?v=5398434d:11596:26)
    at updateFunctionComponent (http://localhost:5173/node_modules/.vite/deps/chunk-YQ5BCTVV.js?v=5398434d:14630:28)
    at beginWork (http://localhost:5173/node_modules/.vite/deps/chunk-YQ5BCTVV.js?v=5398434d:15972:22)
    at HTMLUnknownElement.callCallback2 (http://localhost:5173/node_modules/.vite/deps/chunk-YQ5BCTVV.js?v=5398434d:3680:22)
    at Object.invokeGuardedCallbackDev (http://localhost:5173/node_modules/.vite/deps/chunk-YQ5BCTVV.js?v=5398434d:3705:24)
    at invokeGuardedCallback (http://localhost:5173/node_modules/.vite/deps/chunk-YQ5BCTVV.js?v=5398434d:3739:39)
    at beginWork$1 (http://localhost:5173/node_modules/.vite/deps/chunk-YQ5BCTVV.js?v=5398434d:19818:15)
    at performUnitOfWork (http://localhost:5173/node_modules/.vite/deps/chunk-YQ5BCTVV.js?v=5398434d:19251:20)
    at workLoopSync (http://localhost:5173/node_modules/.vite/deps/chunk-YQ5BCTVV.js?v=5398434d:19190:13)
[ 3642478ms] ReferenceError: CLONE_SQ is not defined
    at CloneCell (http://localhost:5173/src/app/components/AiExperience.tsx?t=1783436165338:1905:19)
    at renderWithHooks (http://localhost:5173/node_modules/.vite/deps/chunk-YQ5BCTVV.js?v=5398434d:11596:26)
    at updateFunctionComponent (http://localhost:5173/node_modules/.vite/deps/chunk-YQ5BCTVV.js?v=5398434d:14630:28)
    at beginWork (http://localhost:5173/node_modules/.vite/deps/chunk-YQ5BCTVV.js?v=5398434d:15972:22)
    at HTMLUnknownElement.callCallback2 (http://localhost:5173/node_modules/.vite/deps/chunk-YQ5BCTVV.js?v=5398434d:3680:22)
    at Object.invokeGuardedCallbackDev (http://localhost:5173/node_modules/.vite/deps/chunk-YQ5BCTVV.js?v=5398434d:3705:24)
    at invokeGuardedCallback (http://localhost:5173/node_modules/.vite/deps/chunk-YQ5BCTVV.js?v=5398434d:3739:39)
    at beginWork$1 (http://localhost:5173/node_modules/.vite/deps/chunk-YQ5BCTVV.js?v=5398434d:19818:15)
    at performUnitOfWork (http://localhost:5173/node_modules/.vite/deps/chunk-YQ5BCTVV.js?v=5398434d:19251:20)
    at workLoopSync (http://localhost:5173/node_modules/.vite/deps/chunk-YQ5BCTVV.js?v=5398434d:19190:13)
[ 3642478ms] ReferenceError: CLONE_SQ is not defined
    at CloneCell (http://localhost:5173/src/app/components/AiExperience.tsx?t=1783436165338:1905:19)
    at renderWithHooks (http://localhost:5173/node_modules/.vite/deps/chunk-YQ5BCTVV.js?v=5398434d:11596:26)
    at updateFunctionComponent (http://localhost:5173/node_modules/.vite/deps/chunk-YQ5BCTVV.js?v=5398434d:14630:28)
    at beginWork (http://localhost:5173/node_modules/.vite/deps/chunk-YQ5BCTVV.js?v=5398434d:15972:22)
    at HTMLUnknownElement.callCallback2 (http://localhost:5173/node_modules/.vite/deps/chunk-YQ5BCTVV.js?v=5398434d:3680:22)
    at Object.invokeGuardedCallbackDev (http://localhost:5173/node_modules/.vite/deps/chunk-YQ5BCTVV.js?v=5398434d:3705:24)
    at invokeGuardedCallback (http://localhost:5173/node_modules/.vite/deps/chunk-YQ5BCTVV.js?v=5398434d:3739:39)
    at beginWork$1 (http://localhost:5173/node_modules/.vite/deps/chunk-YQ5BCTVV.js?v=5398434d:19818:15)
    at performUnitOfWork (http://localhost:5173/node_modules/.vite/deps/chunk-YQ5BCTVV.js?v=5398434d:19251:20)
    at workLoopSync (http://localhost:5173/node_modules/.vite/deps/chunk-YQ5BCTVV.js?v=5398434d:19190:13)
[ 3642478ms] ReferenceError: CLONE_SQ is not defined
    at CloneCell (http://localhost:5173/src/app/components/AiExperience.tsx?t=1783436165338:1905:19)
    at renderWithHooks (http://localhost:5173/node_modules/.vite/deps/chunk-YQ5BCTVV.js?v=5398434d:11596:26)
    at updateFunctionComponent (http://localhost:5173/node_modules/.vite/deps/chunk-YQ5BCTVV.js?v=5398434d:14630:28)
    at beginWork (http://localhost:5173/node_modules/.vite/deps/chunk-YQ5BCTVV.js?v=5398434d:15972:22)
    at HTMLUnknownElement.callCallback2 (http://localhost:5173/node_modules/.vite/deps/chunk-YQ5BCTVV.js?v=5398434d:3680:22)
    at Object.invokeGuardedCallbackDev (http://localhost:5173/node_modules/.vite/deps/chunk-YQ5BCTVV.js?v=5398434d:3705:24)
    at invokeGuardedCallback (http://localhost:5173/node_modules/.vite/deps/chunk-YQ5BCTVV.js?v=5398434d:3739:39)
    at beginWork$1 (http://localhost:5173/node_modules/.vite/deps/chunk-YQ5BCTVV.js?v=5398434d:19818:15)
    at performUnitOfWork (http://localhost:5173/node_modules/.vite/deps/chunk-YQ5BCTVV.js?v=5398434d:19251:20)
    at workLoopSync (http://localhost:5173/node_modules/.vite/deps/chunk-YQ5BCTVV.js?v=5398434d:19190:13)
[ 3642478ms] ReferenceError: CLONE_SQ is not defined
    at CloneCell (http://localhost:5173/src/app/components/AiExperience.tsx?t=1783436165338:1905:19)
    at renderWithHooks (http://localhost:5173/node_modules/.vite/deps/chunk-YQ5BCTVV.js?v=5398434d:11596:26)
    at updateFunctionComponent (http://localhost:5173/node_modules/.vite/deps/chunk-YQ5BCTVV.js?v=5398434d:14630:28)
    at beginWork (http://localhost:5173/node_modules/.vite/deps/chunk-YQ5BCTVV.js?v=5398434d:15972:22)
    at HTMLUnknownElement.callCallback2 (http://localhost:5173/node_modules/.vite/deps/chunk-YQ5BCTVV.js?v=5398434d:3680:22)
    at Object.invokeGuardedCallbackDev (http://localhost:5173/node_modules/.vite/deps/chunk-YQ5BCTVV.js?v=5398434d:3705:24)
    at invokeGuardedCallback (http://localhost:5173/node_modules/.vite/deps/chunk-YQ5BCTVV.js?v=5398434d:3739:39)
    at beginWork$1 (http://localhost:5173/node_modules/.vite/deps/chunk-YQ5BCTVV.js?v=5398434d:19818:15)
    at performUnitOfWork (http://localhost:5173/node_modules/.vite/deps/chunk-YQ5BCTVV.js?v=5398434d:19251:20)
    at workLoopSync (http://localhost:5173/node_modules/.vite/deps/chunk-YQ5BCTVV.js?v=5398434d:19190:13)
[ 3642478ms] ReferenceError: CLONE_SQ is not defined
    at CloneCell (http://localhost:5173/src/app/components/AiExperience.tsx?t=1783436165338:1905:19)
    at renderWithHooks (http://localhost:5173/node_modules/.vite/deps/chunk-YQ5BCTVV.js?v=5398434d:11596:26)
    at updateFunctionComponent (http://localhost:5173/node_modules/.vite/deps/chunk-YQ5BCTVV.js?v=5398434d:14630:28)
    at beginWork (http://localhost:5173/node_modules/.vite/deps/chunk-YQ5BCTVV.js?v=5398434d:15972:22)
    at HTMLUnknownElement.callCallback2 (http://localhost:5173/node_modules/.vite/deps/chunk-YQ5BCTVV.js?v=5398434d:3680:22)
    at Object.invokeGuardedCallbackDev (http://localhost:5173/node_modules/.vite/deps/chunk-YQ5BCTVV.js?v=5398434d:3705:24)
    at invokeGuardedCallback (http://localhost:5173/node_modules/.vite/deps/chunk-YQ5BCTVV.js?v=5398434d:3739:39)
    at beginWork$1 (http://localhost:5173/node_modules/.vite/deps/chunk-YQ5BCTVV.js?v=5398434d:19818:15)
    at performUnitOfWork (http://localhost:5173/node_modules/.vite/deps/chunk-YQ5BCTVV.js?v=5398434d:19251:20)
    at workLoopSync (http://localhost:5173/node_modules/.vite/deps/chunk-YQ5BCTVV.js?v=5398434d:19190:13)
[ 3642478ms] ReferenceError: CLONE_SQ is not defined
    at CloneCell (http://localhost:5173/src/app/components/AiExperience.tsx?t=1783436165338:1905:19)
    at renderWithHooks (http://localhost:5173/node_modules/.vite/deps/chunk-YQ5BCTVV.js?v=5398434d:11596:26)
    at updateFunctionComponent (http://localhost:5173/node_modules/.vite/deps/chunk-YQ5BCTVV.js?v=5398434d:14630:28)
    at beginWork (http://localhost:5173/node_modules/.vite/deps/chunk-YQ5BCTVV.js?v=5398434d:15972:22)
    at HTMLUnknownElement.callCallback2 (http://localhost:5173/node_modules/.vite/deps/chunk-YQ5BCTVV.js?v=5398434d:3680:22)
    at Object.invokeGuardedCallbackDev (http://localhost:5173/node_modules/.vite/deps/chunk-YQ5BCTVV.js?v=5398434d:3705:24)
    at invokeGuardedCallback (http://localhost:5173/node_modules/.vite/deps/chunk-YQ5BCTVV.js?v=5398434d:3739:39)
    at beginWork$1 (http://localhost:5173/node_modules/.vite/deps/chunk-YQ5BCTVV.js?v=5398434d:19818:15)
    at performUnitOfWork (http://localhost:5173/node_modules/.vite/deps/chunk-YQ5BCTVV.js?v=5398434d:19251:20)
    at workLoopSync (http://localhost:5173/node_modules/.vite/deps/chunk-YQ5BCTVV.js?v=5398434d:19190:13)
[ 3642478ms] ReferenceError: CLONE_SQ is not defined
    at CloneCell (http://localhost:5173/src/app/components/AiExperience.tsx?t=1783436165338:1905:19)
    at renderWithHooks (http://localhost:5173/node_modules/.vite/deps/chunk-YQ5BCTVV.js?v=5398434d:11596:26)
    at updateFunctionComponent (http://localhost:5173/node_modules/.vite/deps/chunk-YQ5BCTVV.js?v=5398434d:14630:28)
    at beginWork (http://localhost:5173/node_modules/.vite/deps/chunk-YQ5BCTVV.js?v=5398434d:15972:22)
    at HTMLUnknownElement.callCallback2 (http://localhost:5173/node_modules/.vite/deps/chunk-YQ5BCTVV.js?v=5398434d:3680:22)
    at Object.invokeGuardedCallbackDev (http://localhost:5173/node_modules/.vite/deps/chunk-YQ5BCTVV.js?v=5398434d:3705:24)
    at invokeGuardedCallback (http://localhost:5173/node_modules/.vite/deps/chunk-YQ5BCTVV.js?v=5398434d:3739:39)
    at beginWork$1 (http://localhost:5173/node_modules/.vite/deps/chunk-YQ5BCTVV.js?v=5398434d:19818:15)
    at performUnitOfWork (http://localhost:5173/node_modules/.vite/deps/chunk-YQ5BCTVV.js?v=5398434d:19251:20)
    at workLoopSync (http://localhost:5173/node_modules/.vite/deps/chunk-YQ5BCTVV.js?v=5398434d:19190:13)
[ 3642478ms] ReferenceError: CLONE_SQ is not defined
    at CloneCell (http://localhost:5173/src/app/components/AiExperience.tsx?t=1783436165338:1905:19)
    at renderWithHooks (http://localhost:5173/node_modules/.vite/deps/chunk-YQ5BCTVV.js?v=5398434d:11596:26)
    at updateFunctionComponent (http://localhost:5173/node_modules/.vite/deps/chunk-YQ5BCTVV.js?v=5398434d:14630:28)
    at beginWork (http://localhost:5173/node_modules/.vite/deps/chunk-YQ5BCTVV.js?v=5398434d:15972:22)
    at HTMLUnknownElement.callCallback2 (http://localhost:5173/node_modules/.vite/deps/chunk-YQ5BCTVV.js?v=5398434d:3680:22)
    at Object.invokeGuardedCallbackDev (http://localhost:5173/node_modules/.vite/deps/chunk-YQ5BCTVV.js?v=5398434d:3705:24)
    at invokeGuardedCallback (http://localhost:5173/node_modules/.vite/deps/chunk-YQ5BCTVV.js?v=5398434d:3739:39)
    at beginWork$1 (http://localhost:5173/node_modules/.vite/deps/chunk-YQ5BCTVV.js?v=5398434d:19818:15)
    at performUnitOfWork (http://localhost:5173/node_modules/.vite/deps/chunk-YQ5BCTVV.js?v=5398434d:19251:20)
    at workLoopSync (http://localhost:5173/node_modules/.vite/deps/chunk-YQ5BCTVV.js?v=5398434d:19190:13)
[ 3642482ms] ReferenceError: CLONE_SQ is not defined
    at CloneCell (http://localhost:5173/src/app/components/AiExperience.tsx?t=1783436165338:1905:19)
    at renderWithHooks (http://localhost:5173/node_modules/.vite/deps/chunk-YQ5BCTVV.js?v=5398434d:11596:26)
    at updateFunctionComponent (http://localhost:5173/node_modules/.vite/deps/chunk-YQ5BCTVV.js?v=5398434d:14630:28)
    at beginWork (http://localhost:5173/node_modules/.vite/deps/chunk-YQ5BCTVV.js?v=5398434d:15972:22)
    at HTMLUnknownElement.callCallback2 (http://localhost:5173/node_modules/.vite/deps/chunk-YQ5BCTVV.js?v=5398434d:3680:22)
    at Object.invokeGuardedCallbackDev (http://localhost:5173/node_modules/.vite/deps/chunk-YQ5BCTVV.js?v=5398434d:3705:24)
    at invokeGuardedCallback (http://localhost:5173/node_modules/.vite/deps/chunk-YQ5BCTVV.js?v=5398434d:3739:39)
    at beginWork$1 (http://localhost:5173/node_modules/.vite/deps/chunk-YQ5BCTVV.js?v=5398434d:19818:15)
    at performUnitOfWork (http://localhost:5173/node_modules/.vite/deps/chunk-YQ5BCTVV.js?v=5398434d:19251:20)
    at workLoopSync (http://localhost:5173/node_modules/.vite/deps/chunk-YQ5BCTVV.js?v=5398434d:19190:13)
[ 3642482ms] ReferenceError: CLONE_SQ is not defined
    at CloneCell (http://localhost:5173/src/app/components/AiExperience.tsx?t=1783436165338:1905:19)
    at renderWithHooks (http://localhost:5173/node_modules/.vite/deps/chunk-YQ5BCTVV.js?v=5398434d:11596:26)
    at updateFunctionComponent (http://localhost:5173/node_modules/.vite/deps/chunk-YQ5BCTVV.js?v=5398434d:14630:28)
    at beginWork (http://localhost:5173/node_modules/.vite/deps/chunk-YQ5BCTVV.js?v=5398434d:15972:22)
    at HTMLUnknownElement.callCallback2 (http://localhost:5173/node_modules/.vite/deps/chunk-YQ5BCTVV.js?v=5398434d:3680:22)
    at Object.invokeGuardedCallbackDev (http://localhost:5173/node_modules/.vite/deps/chunk-YQ5BCTVV.js?v=5398434d:3705:24)
    at invokeGuardedCallback (http://localhost:5173/node_modules/.vite/deps/chunk-YQ5BCTVV.js?v=5398434d:3739:39)
    at beginWork$1 (http://localhost:5173/node_modules/.vite/deps/chunk-YQ5BCTVV.js?v=5398434d:19818:15)
    at performUnitOfWork (http://localhost:5173/node_modules/.vite/deps/chunk-YQ5BCTVV.js?v=5398434d:19251:20)
    at workLoopSync (http://localhost:5173/node_modules/.vite/deps/chunk-YQ5BCTVV.js?v=5398434d:19190:13)
[ 3642482ms] ReferenceError: CLONE_SQ is not defined
    at CloneCell (http://localhost:5173/src/app/components/AiExperience.tsx?t=1783436165338:1905:19)
    at renderWithHooks (http://localhost:5173/node_modules/.vite/deps/chunk-YQ5BCTVV.js?v=5398434d:11596:26)
    at updateFunctionComponent (http://localhost:5173/node_modules/.vite/deps/chunk-YQ5BCTVV.js?v=5398434d:14630:28)
    at beginWork (http://localhost:5173/node_modules/.vite/deps/chunk-YQ5BCTVV.js?v=5398434d:15972:22)
    at HTMLUnknownElement.callCallback2 (http://localhost:5173/node_modules/.vite/deps/chunk-YQ5BCTVV.js?v=5398434d:3680:22)
    at Object.invokeGuardedCallbackDev (http://localhost:5173/node_modules/.vite/deps/chunk-YQ5BCTVV.js?v=5398434d:3705:24)
    at invokeGuardedCallback (http://localhost:5173/node_modules/.vite/deps/chunk-YQ5BCTVV.js?v=5398434d:3739:39)
    at beginWork$1 (http://localhost:5173/node_modules/.vite/deps/chunk-YQ5BCTVV.js?v=5398434d:19818:15)
    at performUnitOfWork (http://localhost:5173/node_modules/.vite/deps/chunk-YQ5BCTVV.js?v=5398434d:19251:20)
    at workLoopSync (http://localhost:5173/node_modules/.vite/deps/chunk-YQ5BCTVV.js?v=5398434d:19190:13)
[ 3642483ms] ReferenceError: CLONE_SQ is not defined
    at CloneCell (http://localhost:5173/src/app/components/AiExperience.tsx?t=1783436165338:1905:19)
    at renderWithHooks (http://localhost:5173/node_modules/.vite/deps/chunk-YQ5BCTVV.js?v=5398434d:11596:26)
    at updateFunctionComponent (http://localhost:5173/node_modules/.vite/deps/chunk-YQ5BCTVV.js?v=5398434d:14630:28)
    at beginWork (http://localhost:5173/node_modules/.vite/deps/chunk-YQ5BCTVV.js?v=5398434d:15972:22)
    at HTMLUnknownElement.callCallback2 (http://localhost:5173/node_modules/.vite/deps/chunk-YQ5BCTVV.js?v=5398434d:3680:22)
    at Object.invokeGuardedCallbackDev (http://localhost:5173/node_modules/.vite/deps/chunk-YQ5BCTVV.js?v=5398434d:3705:24)
    at invokeGuardedCallback (http://localhost:5173/node_modules/.vite/deps/chunk-YQ5BCTVV.js?v=5398434d:3739:39)
    at beginWork$1 (http://localhost:5173/node_modules/.vite/deps/chunk-YQ5BCTVV.js?v=5398434d:19818:15)
    at performUnitOfWork (http://localhost:5173/node_modules/.vite/deps/chunk-YQ5BCTVV.js?v=5398434d:19251:20)
    at workLoopSync (http://localhost:5173/node_modules/.vite/deps/chunk-YQ5BCTVV.js?v=5398434d:19190:13)
[ 3642483ms] ReferenceError: CLONE_SQ is not defined
    at CloneCell (http://localhost:5173/src/app/components/AiExperience.tsx?t=1783436165338:1905:19)
    at renderWithHooks (http://localhost:5173/node_modules/.vite/deps/chunk-YQ5BCTVV.js?v=5398434d:11596:26)
    at updateFunctionComponent (http://localhost:5173/node_modules/.vite/deps/chunk-YQ5BCTVV.js?v=5398434d:14630:28)
    at beginWork (http://localhost:5173/node_modules/.vite/deps/chunk-YQ5BCTVV.js?v=5398434d:15972:22)
    at HTMLUnknownElement.callCallback2 (http://localhost:5173/node_modules/.vite/deps/chunk-YQ5BCTVV.js?v=5398434d:3680:22)
    at Object.invokeGuardedCallbackDev (http://localhost:5173/node_modules/.vite/deps/chunk-YQ5BCTVV.js?v=5398434d:3705:24)
    at invokeGuardedCallback (http://localhost:5173/node_modules/.vite/deps/chunk-YQ5BCTVV.js?v=5398434d:3739:39)
    at beginWork$1 (http://localhost:5173/node_modules/.vite/deps/chunk-YQ5BCTVV.js?v=5398434d:19818:15)
    at performUnitOfWork (http://localhost:5173/node_modules/.vite/deps/chunk-YQ5BCTVV.js?v=5398434d:19251:20)
    at workLoopSync (http://localhost:5173/node_modules/.vite/deps/chunk-YQ5BCTVV.js?v=5398434d:19190:13)
[ 3642483ms] ReferenceError: CLONE_SQ is not defined
    at CloneCell (http://localhost:5173/src/app/components/AiExperience.tsx?t=1783436165338:1905:19)
    at renderWithHooks (http://localhost:5173/node_modules/.vite/deps/chunk-YQ5BCTVV.js?v=5398434d:11596:26)
    at updateFunctionComponent (http://localhost:5173/node_modules/.vite/deps/chunk-YQ5BCTVV.js?v=5398434d:14630:28)
    at beginWork (http://localhost:5173/node_modules/.vite/deps/chunk-YQ5BCTVV.js?v=5398434d:15972:22)
    at HTMLUnknownElement.callCallback2 (http://localhost:5173/node_modules/.vite/deps/chunk-YQ5BCTVV.js?v=5398434d:3680:22)
    at Object.invokeGuardedCallbackDev (http://localhost:5173/node_modules/.vite/deps/chunk-YQ5BCTVV.js?v=5398434d:3705:24)
    at invokeGuardedCallback (http://localhost:5173/node_modules/.vite/deps/chunk-YQ5BCTVV.js?v=5398434d:3739:39)
    at beginWork$1 (http://localhost:5173/node_modules/.vite/deps/chunk-YQ5BCTVV.js?v=5398434d:19818:15)
    at performUnitOfWork (http://localhost:5173/node_modules/.vite/deps/chunk-YQ5BCTVV.js?v=5398434d:19251:20)
    at workLoopSync (http://localhost:5173/node_modules/.vite/deps/chunk-YQ5BCTVV.js?v=5398434d:19190:13)
[ 3642483ms] ReferenceError: CLONE_SQ is not defined
    at CloneCell (http://localhost:5173/src/app/components/AiExperience.tsx?t=1783436165338:1905:19)
    at renderWithHooks (http://localhost:5173/node_modules/.vite/deps/chunk-YQ5BCTVV.js?v=5398434d:11596:26)
    at updateFunctionComponent (http://localhost:5173/node_modules/.vite/deps/chunk-YQ5BCTVV.js?v=5398434d:14630:28)
    at beginWork (http://localhost:5173/node_modules/.vite/deps/chunk-YQ5BCTVV.js?v=5398434d:15972:22)
    at HTMLUnknownElement.callCallback2 (http://localhost:5173/node_modules/.vite/deps/chunk-YQ5BCTVV.js?v=5398434d:3680:22)
    at Object.invokeGuardedCallbackDev (http://localhost:5173/node_modules/.vite/deps/chunk-YQ5BCTVV.js?v=5398434d:3705:24)
    at invokeGuardedCallback (http://localhost:5173/node_modules/.vite/deps/chunk-YQ5BCTVV.js?v=5398434d:3739:39)
    at beginWork$1 (http://localhost:5173/node_modules/.vite/deps/chunk-YQ5BCTVV.js?v=5398434d:19818:15)
    at performUnitOfWork (http://localhost:5173/node_modules/.vite/deps/chunk-YQ5BCTVV.js?v=5398434d:19251:20)
    at workLoopSync (http://localhost:5173/node_modules/.vite/deps/chunk-YQ5BCTVV.js?v=5398434d:19190:13)
[ 3642483ms] ReferenceError: CLONE_SQ is not defined
    at CloneCell (http://localhost:5173/src/app/components/AiExperience.tsx?t=1783436165338:1905:19)
    at renderWithHooks (http://localhost:5173/node_modules/.vite/deps/chunk-YQ5BCTVV.js?v=5398434d:11596:26)
    at updateFunctionComponent (http://localhost:5173/node_modules/.vite/deps/chunk-YQ5BCTVV.js?v=5398434d:14630:28)
    at beginWork (http://localhost:5173/node_modules/.vite/deps/chunk-YQ5BCTVV.js?v=5398434d:15972:22)
    at HTMLUnknownElement.callCallback2 (http://localhost:5173/node_modules/.vite/deps/chunk-YQ5BCTVV.js?v=5398434d:3680:22)
    at Object.invokeGuardedCallbackDev (http://localhost:5173/node_modules/.vite/deps/chunk-YQ5BCTVV.js?v=5398434d:3705:24)
    at invokeGuardedCallback (http://localhost:5173/node_modules/.vite/deps/chunk-YQ5BCTVV.js?v=5398434d:3739:39)
    at beginWork$1 (http://localhost:5173/node_modules/.vite/deps/chunk-YQ5BCTVV.js?v=5398434d:19818:15)
    at performUnitOfWork (http://localhost:5173/node_modules/.vite/deps/chunk-YQ5BCTVV.js?v=5398434d:19251:20)
    at workLoopSync (http://localhost:5173/node_modules/.vite/deps/chunk-YQ5BCTVV.js?v=5398434d:19190:13)
[ 3642483ms] ReferenceError: CLONE_SQ is not defined
    at CloneCell (http://localhost:5173/src/app/components/AiExperience.tsx?t=1783436165338:1905:19)
    at renderWithHooks (http://localhost:5173/node_modules/.vite/deps/chunk-YQ5BCTVV.js?v=5398434d:11596:26)
    at updateFunctionComponent (http://localhost:5173/node_modules/.vite/deps/chunk-YQ5BCTVV.js?v=5398434d:14630:28)
    at beginWork (http://localhost:5173/node_modules/.vite/deps/chunk-YQ5BCTVV.js?v=5398434d:15972:22)
    at HTMLUnknownElement.callCallback2 (http://localhost:5173/node_modules/.vite/deps/chunk-YQ5BCTVV.js?v=5398434d:3680:22)
    at Object.invokeGuardedCallbackDev (http://localhost:5173/node_modules/.vite/deps/chunk-YQ5BCTVV.js?v=5398434d:3705:24)
    at invokeGuardedCallback (http://localhost:5173/node_modules/.vite/deps/chunk-YQ5BCTVV.js?v=5398434d:3739:39)
    at beginWork$1 (http://localhost:5173/node_modules/.vite/deps/chunk-YQ5BCTVV.js?v=5398434d:19818:15)
    at performUnitOfWork (http://localhost:5173/node_modules/.vite/deps/chunk-YQ5BCTVV.js?v=5398434d:19251:20)
    at workLoopSync (http://localhost:5173/node_modules/.vite/deps/chunk-YQ5BCTVV.js?v=5398434d:19190:13)
[ 3642483ms] ReferenceError: CLONE_SQ is not defined
    at CloneCell (http://localhost:5173/src/app/components/AiExperience.tsx?t=1783436165338:1905:19)
    at renderWithHooks (http://localhost:5173/node_modules/.vite/deps/chunk-YQ5BCTVV.js?v=5398434d:11596:26)
    at updateFunctionComponent (http://localhost:5173/node_modules/.vite/deps/chunk-YQ5BCTVV.js?v=5398434d:14630:28)
    at beginWork (http://localhost:5173/node_modules/.vite/deps/chunk-YQ5BCTVV.js?v=5398434d:15972:22)
    at HTMLUnknownElement.callCallback2 (http://localhost:5173/node_modules/.vite/deps/chunk-YQ5BCTVV.js?v=5398434d:3680:22)
    at Object.invokeGuardedCallbackDev (http://localhost:5173/node_modules/.vite/deps/chunk-YQ5BCTVV.js?v=5398434d:3705:24)
    at invokeGuardedCallback (http://localhost:5173/node_modules/.vite/deps/chunk-YQ5BCTVV.js?v=5398434d:3739:39)
    at beginWork$1 (http://localhost:5173/node_modules/.vite/deps/chunk-YQ5BCTVV.js?v=5398434d:19818:15)
    at performUnitOfWork (http://localhost:5173/node_modules/.vite/deps/chunk-YQ5BCTVV.js?v=5398434d:19251:20)
    at workLoopSync (http://localhost:5173/node_modules/.vite/deps/chunk-YQ5BCTVV.js?v=5398434d:19190:13)
[ 3642483ms] ReferenceError: CLONE_SQ is not defined
    at CloneCell (http://localhost:5173/src/app/components/AiExperience.tsx?t=1783436165338:1905:19)
    at renderWithHooks (http://localhost:5173/node_modules/.vite/deps/chunk-YQ5BCTVV.js?v=5398434d:11596:26)
    at updateFunctionComponent (http://localhost:5173/node_modules/.vite/deps/chunk-YQ5BCTVV.js?v=5398434d:14630:28)
    at beginWork (http://localhost:5173/node_modules/.vite/deps/chunk-YQ5BCTVV.js?v=5398434d:15972:22)
    at HTMLUnknownElement.callCallback2 (http://localhost:5173/node_modules/.vite/deps/chunk-YQ5BCTVV.js?v=5398434d:3680:22)
    at Object.invokeGuardedCallbackDev (http://localhost:5173/node_modules/.vite/deps/chunk-YQ5BCTVV.js?v=5398434d:3705:24)
    at invokeGuardedCallback (http://localhost:5173/node_modules/.vite/deps/chunk-YQ5BCTVV.js?v=5398434d:3739:39)
    at beginWork$1 (http://localhost:5173/node_modules/.vite/deps/chunk-YQ5BCTVV.js?v=5398434d:19818:15)
    at performUnitOfWork (http://localhost:5173/node_modules/.vite/deps/chunk-YQ5BCTVV.js?v=5398434d:19251:20)
    at workLoopSync (http://localhost:5173/node_modules/.vite/deps/chunk-YQ5BCTVV.js?v=5398434d:19190:13)
[ 3642484ms] ReferenceError: CLONE_SQ is not defined
    at CloneCell (http://localhost:5173/src/app/components/AiExperience.tsx?t=1783436165338:1905:19)
    at renderWithHooks (http://localhost:5173/node_modules/.vite/deps/chunk-YQ5BCTVV.js?v=5398434d:11596:26)
    at updateFunctionComponent (http://localhost:5173/node_modules/.vite/deps/chunk-YQ5BCTVV.js?v=5398434d:14630:28)
    at beginWork (http://localhost:5173/node_modules/.vite/deps/chunk-YQ5BCTVV.js?v=5398434d:15972:22)
    at HTMLUnknownElement.callCallback2 (http://localhost:5173/node_modules/.vite/deps/chunk-YQ5BCTVV.js?v=5398434d:3680:22)
    at Object.invokeGuardedCallbackDev (http://localhost:5173/node_modules/.vite/deps/chunk-YQ5BCTVV.js?v=5398434d:3705:24)
    at invokeGuardedCallback (http://localhost:5173/node_modules/.vite/deps/chunk-YQ5BCTVV.js?v=5398434d:3739:39)
    at beginWork$1 (http://localhost:5173/node_modules/.vite/deps/chunk-YQ5BCTVV.js?v=5398434d:19818:15)
    at performUnitOfWork (http://localhost:5173/node_modules/.vite/deps/chunk-YQ5BCTVV.js?v=5398434d:19251:20)
    at workLoopSync (http://localhost:5173/node_modules/.vite/deps/chunk-YQ5BCTVV.js?v=5398434d:19190:13)
[ 3642484ms] ReferenceError: CLONE_SQ is not defined
    at CloneCell (http://localhost:5173/src/app/components/AiExperience.tsx?t=1783436165338:1905:19)
    at renderWithHooks (http://localhost:5173/node_modules/.vite/deps/chunk-YQ5BCTVV.js?v=5398434d:11596:26)
    at updateFunctionComponent (http://localhost:5173/node_modules/.vite/deps/chunk-YQ5BCTVV.js?v=5398434d:14630:28)
    at beginWork (http://localhost:5173/node_modules/.vite/deps/chunk-YQ5BCTVV.js?v=5398434d:15972:22)
    at HTMLUnknownElement.callCallback2 (http://localhost:5173/node_modules/.vite/deps/chunk-YQ5BCTVV.js?v=5398434d:3680:22)
    at Object.invokeGuardedCallbackDev (http://localhost:5173/node_modules/.vite/deps/chunk-YQ5BCTVV.js?v=5398434d:3705:24)
    at invokeGuardedCallback (http://localhost:5173/node_modules/.vite/deps/chunk-YQ5BCTVV.js?v=5398434d:3739:39)
    at beginWork$1 (http://localhost:5173/node_modules/.vite/deps/chunk-YQ5BCTVV.js?v=5398434d:19818:15)
    at performUnitOfWork (http://localhost:5173/node_modules/.vite/deps/chunk-YQ5BCTVV.js?v=5398434d:19251:20)
    at workLoopSync (http://localhost:5173/node_modules/.vite/deps/chunk-YQ5BCTVV.js?v=5398434d:19190:13)
[ 3642484ms] ReferenceError: CLONE_SQ is not defined
    at CloneCell (http://localhost:5173/src/app/components/AiExperience.tsx?t=1783436165338:1905:19)
    at renderWithHooks (http://localhost:5173/node_modules/.vite/deps/chunk-YQ5BCTVV.js?v=5398434d:11596:26)
    at updateFunctionComponent (http://localhost:5173/node_modules/.vite/deps/chunk-YQ5BCTVV.js?v=5398434d:14630:28)
    at beginWork (http://localhost:5173/node_modules/.vite/deps/chunk-YQ5BCTVV.js?v=5398434d:15972:22)
    at HTMLUnknownElement.callCallback2 (http://localhost:5173/node_modules/.vite/deps/chunk-YQ5BCTVV.js?v=5398434d:3680:22)
    at Object.invokeGuardedCallbackDev (http://localhost:5173/node_modules/.vite/deps/chunk-YQ5BCTVV.js?v=5398434d:3705:24)
    at invokeGuardedCallback (http://localhost:5173/node_modules/.vite/deps/chunk-YQ5BCTVV.js?v=5398434d:3739:39)
    at beginWork$1 (http://localhost:5173/node_modules/.vite/deps/chunk-YQ5BCTVV.js?v=5398434d:19818:15)
    at performUnitOfWork (http://localhost:5173/node_modules/.vite/deps/chunk-YQ5BCTVV.js?v=5398434d:19251:20)
    at workLoopSync (http://localhost:5173/node_modules/.vite/deps/chunk-YQ5BCTVV.js?v=5398434d:19190:13)
[ 3642484ms] ReferenceError: CLONE_SQ is not defined
    at CloneCell (http://localhost:5173/src/app/components/AiExperience.tsx?t=1783436165338:1905:19)
    at renderWithHooks (http://localhost:5173/node_modules/.vite/deps/chunk-YQ5BCTVV.js?v=5398434d:11596:26)
    at updateFunctionComponent (http://localhost:5173/node_modules/.vite/deps/chunk-YQ5BCTVV.js?v=5398434d:14630:28)
    at beginWork (http://localhost:5173/node_modules/.vite/deps/chunk-YQ5BCTVV.js?v=5398434d:15972:22)
    at HTMLUnknownElement.callCallback2 (http://localhost:5173/node_modules/.vite/deps/chunk-YQ5BCTVV.js?v=5398434d:3680:22)
    at Object.invokeGuardedCallbackDev (http://localhost:5173/node_modules/.vite/deps/chunk-YQ5BCTVV.js?v=5398434d:3705:24)
    at invokeGuardedCallback (http://localhost:5173/node_modules/.vite/deps/chunk-YQ5BCTVV.js?v=5398434d:3739:39)
    at beginWork$1 (http://localhost:5173/node_modules/.vite/deps/chunk-YQ5BCTVV.js?v=5398434d:19818:15)
    at performUnitOfWork (http://localhost:5173/node_modules/.vite/deps/chunk-YQ5BCTVV.js?v=5398434d:19251:20)
    at workLoopSync (http://localhost:5173/node_modules/.vite/deps/chunk-YQ5BCTVV.js?v=5398434d:19190:13)
[ 3642484ms] ReferenceError: CLONE_SQ is not defined
    at CloneCell (http://localhost:5173/src/app/components/AiExperience.tsx?t=1783436165338:1905:19)
    at renderWithHooks (http://localhost:5173/node_modules/.vite/deps/chunk-YQ5BCTVV.js?v=5398434d:11596:26)
    at updateFunctionComponent (http://localhost:5173/node_modules/.vite/deps/chunk-YQ5BCTVV.js?v=5398434d:14630:28)
    at beginWork (http://localhost:5173/node_modules/.vite/deps/chunk-YQ5BCTVV.js?v=5398434d:15972:22)
    at HTMLUnknownElement.callCallback2 (http://localhost:5173/node_modules/.vite/deps/chunk-YQ5BCTVV.js?v=5398434d:3680:22)
    at Object.invokeGuardedCallbackDev (http://localhost:5173/node_modules/.vite/deps/chunk-YQ5BCTVV.js?v=5398434d:3705:24)
    at invokeGuardedCallback (http://localhost:5173/node_modules/.vite/deps/chunk-YQ5BCTVV.js?v=5398434d:3739:39)
    at beginWork$1 (http://localhost:5173/node_modules/.vite/deps/chunk-YQ5BCTVV.js?v=5398434d:19818:15)
    at performUnitOfWork (http://localhost:5173/node_modules/.vite/deps/chunk-YQ5BCTVV.js?v=5398434d:19251:20)
    at workLoopSync (http://localhost:5173/node_modules/.vite/deps/chunk-YQ5BCTVV.js?v=5398434d:19190:13)
[ 3642484ms] ReferenceError: CLONE_SQ is not defined
    at CloneCell (http://localhost:5173/src/app/components/AiExperience.tsx?t=1783436165338:1905:19)
    at renderWithHooks (http://localhost:5173/node_modules/.vite/deps/chunk-YQ5BCTVV.js?v=5398434d:11596:26)
    at updateFunctionComponent (http://localhost:5173/node_modules/.vite/deps/chunk-YQ5BCTVV.js?v=5398434d:14630:28)
    at beginWork (http://localhost:5173/node_modules/.vite/deps/chunk-YQ5BCTVV.js?v=5398434d:15972:22)
    at HTMLUnknownElement.callCallback2 (http://localhost:5173/node_modules/.vite/deps/chunk-YQ5BCTVV.js?v=5398434d:3680:22)
    at Object.invokeGuardedCallbackDev (http://localhost:5173/node_modules/.vite/deps/chunk-YQ5BCTVV.js?v=5398434d:3705:24)
    at invokeGuardedCallback (http://localhost:5173/node_modules/.vite/deps/chunk-YQ5BCTVV.js?v=5398434d:3739:39)
    at beginWork$1 (http://localhost:5173/node_modules/.vite/deps/chunk-YQ5BCTVV.js?v=5398434d:19818:15)
    at performUnitOfWork (http://localhost:5173/node_modules/.vite/deps/chunk-YQ5BCTVV.js?v=5398434d:19251:20)
    at workLoopSync (http://localhost:5173/node_modules/.vite/deps/chunk-YQ5BCTVV.js?v=5398434d:19190:13)
[ 3642484ms] ReferenceError: CLONE_SQ is not defined
    at CloneCell (http://localhost:5173/src/app/components/AiExperience.tsx?t=1783436165338:1905:19)
    at renderWithHooks (http://localhost:5173/node_modules/.vite/deps/chunk-YQ5BCTVV.js?v=5398434d:11596:26)
    at updateFunctionComponent (http://localhost:5173/node_modules/.vite/deps/chunk-YQ5BCTVV.js?v=5398434d:14630:28)
    at beginWork (http://localhost:5173/node_modules/.vite/deps/chunk-YQ5BCTVV.js?v=5398434d:15972:22)
    at HTMLUnknownElement.callCallback2 (http://localhost:5173/node_modules/.vite/deps/chunk-YQ5BCTVV.js?v=5398434d:3680:22)
    at Object.invokeGuardedCallbackDev (http://localhost:5173/node_modules/.vite/deps/chunk-YQ5BCTVV.js?v=5398434d:3705:24)
    at invokeGuardedCallback (http://localhost:5173/node_modules/.vite/deps/chunk-YQ5BCTVV.js?v=5398434d:3739:39)
    at beginWork$1 (http://localhost:5173/node_modules/.vite/deps/chunk-YQ5BCTVV.js?v=5398434d:19818:15)
    at performUnitOfWork (http://localhost:5173/node_modules/.vite/deps/chunk-YQ5BCTVV.js?v=5398434d:19251:20)
    at workLoopSync (http://localhost:5173/node_modules/.vite/deps/chunk-YQ5BCTVV.js?v=5398434d:19190:13)
[ 3642484ms] ReferenceError: CLONE_SQ is not defined
    at CloneCell (http://localhost:5173/src/app/components/AiExperience.tsx?t=1783436165338:1905:19)
    at renderWithHooks (http://localhost:5173/node_modules/.vite/deps/chunk-YQ5BCTVV.js?v=5398434d:11596:26)
    at updateFunctionComponent (http://localhost:5173/node_modules/.vite/deps/chunk-YQ5BCTVV.js?v=5398434d:14630:28)
    at beginWork (http://localhost:5173/node_modules/.vite/deps/chunk-YQ5BCTVV.js?v=5398434d:15972:22)
    at HTMLUnknownElement.callCallback2 (http://localhost:5173/node_modules/.vite/deps/chunk-YQ5BCTVV.js?v=5398434d:3680:22)
    at Object.invokeGuardedCallbackDev (http://localhost:5173/node_modules/.vite/deps/chunk-YQ5BCTVV.js?v=5398434d:3705:24)
    at invokeGuardedCallback (http://localhost:5173/node_modules/.vite/deps/chunk-YQ5BCTVV.js?v=5398434d:3739:39)
    at beginWork$1 (http://localhost:5173/node_modules/.vite/deps/chunk-YQ5BCTVV.js?v=5398434d:19818:15)
    at performUnitOfWork (http://localhost:5173/node_modules/.vite/deps/chunk-YQ5BCTVV.js?v=5398434d:19251:20)
    at workLoopSync (http://localhost:5173/node_modules/.vite/deps/chunk-YQ5BCTVV.js?v=5398434d:19190:13)
[ 3642484ms] ReferenceError: CLONE_SQ is not defined
    at CloneCell (http://localhost:5173/src/app/components/AiExperience.tsx?t=1783436165338:1905:19)
    at renderWithHooks (http://localhost:5173/node_modules/.vite/deps/chunk-YQ5BCTVV.js?v=5398434d:11596:26)
    at updateFunctionComponent (http://localhost:5173/node_modules/.vite/deps/chunk-YQ5BCTVV.js?v=5398434d:14630:28)
    at beginWork (http://localhost:5173/node_modules/.vite/deps/chunk-YQ5BCTVV.js?v=5398434d:15972:22)
    at HTMLUnknownElement.callCallback2 (http://localhost:5173/node_modules/.vite/deps/chunk-YQ5BCTVV.js?v=5398434d:3680:22)
    at Object.invokeGuardedCallbackDev (http://localhost:5173/node_modules/.vite/deps/chunk-YQ5BCTVV.js?v=5398434d:3705:24)
    at invokeGuardedCallback (http://localhost:5173/node_modules/.vite/deps/chunk-YQ5BCTVV.js?v=5398434d:3739:39)
    at beginWork$1 (http://localhost:5173/node_modules/.vite/deps/chunk-YQ5BCTVV.js?v=5398434d:19818:15)
    at performUnitOfWork (http://localhost:5173/node_modules/.vite/deps/chunk-YQ5BCTVV.js?v=5398434d:19251:20)
    at workLoopSync (http://localhost:5173/node_modules/.vite/deps/chunk-YQ5BCTVV.js?v=5398434d:19190:13)
[ 3642485ms] ReferenceError: CLONE_SQ is not defined
    at CloneCell (http://localhost:5173/src/app/components/AiExperience.tsx?t=1783436165338:1905:19)
    at renderWithHooks (http://localhost:5173/node_modules/.vite/deps/chunk-YQ5BCTVV.js?v=5398434d:11596:26)
    at updateFunctionComponent (http://localhost:5173/node_modules/.vite/deps/chunk-YQ5BCTVV.js?v=5398434d:14630:28)
    at beginWork (http://localhost:5173/node_modules/.vite/deps/chunk-YQ5BCTVV.js?v=5398434d:15972:22)
    at HTMLUnknownElement.callCallback2 (http://localhost:5173/node_modules/.vite/deps/chunk-YQ5BCTVV.js?v=5398434d:3680:22)
    at Object.invokeGuardedCallbackDev (http://localhost:5173/node_modules/.vite/deps/chunk-YQ5BCTVV.js?v=5398434d:3705:24)
    at invokeGuardedCallback (http://localhost:5173/node_modules/.vite/deps/chunk-YQ5BCTVV.js?v=5398434d:3739:39)
    at beginWork$1 (http://localhost:5173/node_modules/.vite/deps/chunk-YQ5BCTVV.js?v=5398434d:19818:15)
    at performUnitOfWork (http://localhost:5173/node_modules/.vite/deps/chunk-YQ5BCTVV.js?v=5398434d:19251:20)
    at workLoopSync (http://localhost:5173/node_modules/.vite/deps/chunk-YQ5BCTVV.js?v=5398434d:19190:13)
[ 3642485ms] ReferenceError: CLONE_SQ is not defined
    at CloneCell (http://localhost:5173/src/app/components/AiExperience.tsx?t=1783436165338:1905:19)
    at renderWithHooks (http://localhost:5173/node_modules/.vite/deps/chunk-YQ5BCTVV.js?v=5398434d:11596:26)
    at updateFunctionComponent (http://localhost:5173/node_modules/.vite/deps/chunk-YQ5BCTVV.js?v=5398434d:14630:28)
    at beginWork (http://localhost:5173/node_modules/.vite/deps/chunk-YQ5BCTVV.js?v=5398434d:15972:22)
    at HTMLUnknownElement.callCallback2 (http://localhost:5173/node_modules/.vite/deps/chunk-YQ5BCTVV.js?v=5398434d:3680:22)
    at Object.invokeGuardedCallbackDev (http://localhost:5173/node_modules/.vite/deps/chunk-YQ5BCTVV.js?v=5398434d:3705:24)
    at invokeGuardedCallback (http://localhost:5173/node_modules/.vite/deps/chunk-YQ5BCTVV.js?v=5398434d:3739:39)
    at beginWork$1 (http://localhost:5173/node_modules/.vite/deps/chunk-YQ5BCTVV.js?v=5398434d:19818:15)
    at performUnitOfWork (http://localhost:5173/node_modules/.vite/deps/chunk-YQ5BCTVV.js?v=5398434d:19251:20)
    at workLoopSync (http://localhost:5173/node_modules/.vite/deps/chunk-YQ5BCTVV.js?v=5398434d:19190:13)
[ 3642485ms] ReferenceError: CLONE_SQ is not defined
    at CloneCell (http://localhost:5173/src/app/components/AiExperience.tsx?t=1783436165338:1905:19)
    at renderWithHooks (http://localhost:5173/node_modules/.vite/deps/chunk-YQ5BCTVV.js?v=5398434d:11596:26)
    at updateFunctionComponent (http://localhost:5173/node_modules/.vite/deps/chunk-YQ5BCTVV.js?v=5398434d:14630:28)
    at beginWork (http://localhost:5173/node_modules/.vite/deps/chunk-YQ5BCTVV.js?v=5398434d:15972:22)
    at HTMLUnknownElement.callCallback2 (http://localhost:5173/node_modules/.vite/deps/chunk-YQ5BCTVV.js?v=5398434d:3680:22)
    at Object.invokeGuardedCallbackDev (http://localhost:5173/node_modules/.vite/deps/chunk-YQ5BCTVV.js?v=5398434d:3705:24)
    at invokeGuardedCallback (http://localhost:5173/node_modules/.vite/deps/chunk-YQ5BCTVV.js?v=5398434d:3739:39)
    at beginWork$1 (http://localhost:5173/node_modules/.vite/deps/chunk-YQ5BCTVV.js?v=5398434d:19818:15)
    at performUnitOfWork (http://localhost:5173/node_modules/.vite/deps/chunk-YQ5BCTVV.js?v=5398434d:19251:20)
    at workLoopSync (http://localhost:5173/node_modules/.vite/deps/chunk-YQ5BCTVV.js?v=5398434d:19190:13)
[ 3642485ms] ReferenceError: CLONE_SQ is not defined
    at CloneCell (http://localhost:5173/src/app/components/AiExperience.tsx?t=1783436165338:1905:19)
    at renderWithHooks (http://localhost:5173/node_modules/.vite/deps/chunk-YQ5BCTVV.js?v=5398434d:11596:26)
    at updateFunctionComponent (http://localhost:5173/node_modules/.vite/deps/chunk-YQ5BCTVV.js?v=5398434d:14630:28)
    at beginWork (http://localhost:5173/node_modules/.vite/deps/chunk-YQ5BCTVV.js?v=5398434d:15972:22)
    at HTMLUnknownElement.callCallback2 (http://localhost:5173/node_modules/.vite/deps/chunk-YQ5BCTVV.js?v=5398434d:3680:22)
    at Object.invokeGuardedCallbackDev (http://localhost:5173/node_modules/.vite/deps/chunk-YQ5BCTVV.js?v=5398434d:3705:24)
    at invokeGuardedCallback (http://localhost:5173/node_modules/.vite/deps/chunk-YQ5BCTVV.js?v=5398434d:3739:39)
    at beginWork$1 (http://localhost:5173/node_modules/.vite/deps/chunk-YQ5BCTVV.js?v=5398434d:19818:15)
    at performUnitOfWork (http://localhost:5173/node_modules/.vite/deps/chunk-YQ5BCTVV.js?v=5398434d:19251:20)
    at workLoopSync (http://localhost:5173/node_modules/.vite/deps/chunk-YQ5BCTVV.js?v=5398434d:19190:13)
[ 3642485ms] ReferenceError: CLONE_SQ is not defined
    at CloneCell (http://localhost:5173/src/app/components/AiExperience.tsx?t=1783436165338:1905:19)
    at renderWithHooks (http://localhost:5173/node_modules/.vite/deps/chunk-YQ5BCTVV.js?v=5398434d:11596:26)
    at updateFunctionComponent (http://localhost:5173/node_modules/.vite/deps/chunk-YQ5BCTVV.js?v=5398434d:14630:28)
    at beginWork (http://localhost:5173/node_modules/.vite/deps/chunk-YQ5BCTVV.js?v=5398434d:15972:22)
    at HTMLUnknownElement.callCallback2 (http://localhost:5173/node_modules/.vite/deps/chunk-YQ5BCTVV.js?v=5398434d:3680:22)
    at Object.invokeGuardedCallbackDev (http://localhost:5173/node_modules/.vite/deps/chunk-YQ5BCTVV.js?v=5398434d:3705:24)
    at invokeGuardedCallback (http://localhost:5173/node_modules/.vite/deps/chunk-YQ5BCTVV.js?v=5398434d:3739:39)
    at beginWork$1 (http://localhost:5173/node_modules/.vite/deps/chunk-YQ5BCTVV.js?v=5398434d:19818:15)
    at performUnitOfWork (http://localhost:5173/node_modules/.vite/deps/chunk-YQ5BCTVV.js?v=5398434d:19251:20)
    at workLoopSync (http://localhost:5173/node_modules/.vite/deps/chunk-YQ5BCTVV.js?v=5398434d:19190:13)
[ 3642485ms] ReferenceError: CLONE_SQ is not defined
    at CloneCell (http://localhost:5173/src/app/components/AiExperience.tsx?t=1783436165338:1905:19)
    at renderWithHooks (http://localhost:5173/node_modules/.vite/deps/chunk-YQ5BCTVV.js?v=5398434d:11596:26)
    at updateFunctionComponent (http://localhost:5173/node_modules/.vite/deps/chunk-YQ5BCTVV.js?v=5398434d:14630:28)
    at beginWork (http://localhost:5173/node_modules/.vite/deps/chunk-YQ5BCTVV.js?v=5398434d:15972:22)
    at HTMLUnknownElement.callCallback2 (http://localhost:5173/node_modules/.vite/deps/chunk-YQ5BCTVV.js?v=5398434d:3680:22)
    at Object.invokeGuardedCallbackDev (http://localhost:5173/node_modules/.vite/deps/chunk-YQ5BCTVV.js?v=5398434d:3705:24)
    at invokeGuardedCallback (http://localhost:5173/node_modules/.vite/deps/chunk-YQ5BCTVV.js?v=5398434d:3739:39)
    at beginWork$1 (http://localhost:5173/node_modules/.vite/deps/chunk-YQ5BCTVV.js?v=5398434d:19818:15)
    at performUnitOfWork (http://localhost:5173/node_modules/.vite/deps/chunk-YQ5BCTVV.js?v=5398434d:19251:20)
    at workLoopSync (http://localhost:5173/node_modules/.vite/deps/chunk-YQ5BCTVV.js?v=5398434d:19190:13)
[ 3642485ms] ReferenceError: CLONE_SQ is not defined
    at CloneCell (http://localhost:5173/src/app/components/AiExperience.tsx?t=1783436165338:1905:19)
    at renderWithHooks (http://localhost:5173/node_modules/.vite/deps/chunk-YQ5BCTVV.js?v=5398434d:11596:26)
    at updateFunctionComponent (http://localhost:5173/node_modules/.vite/deps/chunk-YQ5BCTVV.js?v=5398434d:14630:28)
    at beginWork (http://localhost:5173/node_modules/.vite/deps/chunk-YQ5BCTVV.js?v=5398434d:15972:22)
    at HTMLUnknownElement.callCallback2 (http://localhost:5173/node_modules/.vite/deps/chunk-YQ5BCTVV.js?v=5398434d:3680:22)
    at Object.invokeGuardedCallbackDev (http://localhost:5173/node_modules/.vite/deps/chunk-YQ5BCTVV.js?v=5398434d:3705:24)
    at invokeGuardedCallback (http://localhost:5173/node_modules/.vite/deps/chunk-YQ5BCTVV.js?v=5398434d:3739:39)
    at beginWork$1 (http://localhost:5173/node_modules/.vite/deps/chunk-YQ5BCTVV.js?v=5398434d:19818:15)
    at performUnitOfWork (http://localhost:5173/node_modules/.vite/deps/chunk-YQ5BCTVV.js?v=5398434d:19251:20)
    at workLoopSync (http://localhost:5173/node_modules/.vite/deps/chunk-YQ5BCTVV.js?v=5398434d:19190:13)
[ 3642486ms] ReferenceError: CLONE_SQ is not defined
    at CloneCell (http://localhost:5173/src/app/components/AiExperience.tsx?t=1783436165338:1905:19)
    at renderWithHooks (http://localhost:5173/node_modules/.vite/deps/chunk-YQ5BCTVV.js?v=5398434d:11596:26)
    at updateFunctionComponent (http://localhost:5173/node_modules/.vite/deps/chunk-YQ5BCTVV.js?v=5398434d:14630:28)
    at beginWork (http://localhost:5173/node_modules/.vite/deps/chunk-YQ5BCTVV.js?v=5398434d:15972:22)
    at HTMLUnknownElement.callCallback2 (http://localhost:5173/node_modules/.vite/deps/chunk-YQ5BCTVV.js?v=5398434d:3680:22)
    at Object.invokeGuardedCallbackDev (http://localhost:5173/node_modules/.vite/deps/chunk-YQ5BCTVV.js?v=5398434d:3705:24)
    at invokeGuardedCallback (http://localhost:5173/node_modules/.vite/deps/chunk-YQ5BCTVV.js?v=5398434d:3739:39)
    at beginWork$1 (http://localhost:5173/node_modules/.vite/deps/chunk-YQ5BCTVV.js?v=5398434d:19818:15)
    at performUnitOfWork (http://localhost:5173/node_modules/.vite/deps/chunk-YQ5BCTVV.js?v=5398434d:19251:20)
    at workLoopSync (http://localhost:5173/node_modules/.vite/deps/chunk-YQ5BCTVV.js?v=5398434d:19190:13)
[ 3642486ms] ReferenceError: CLONE_SQ is not defined
    at CloneCell (http://localhost:5173/src/app/components/AiExperience.tsx?t=1783436165338:1905:19)
    at renderWithHooks (http://localhost:5173/node_modules/.vite/deps/chunk-YQ5BCTVV.js?v=5398434d:11596:26)
    at updateFunctionComponent (http://localhost:5173/node_modules/.vite/deps/chunk-YQ5BCTVV.js?v=5398434d:14630:28)
    at beginWork (http://localhost:5173/node_modules/.vite/deps/chunk-YQ5BCTVV.js?v=5398434d:15972:22)
    at HTMLUnknownElement.callCallback2 (http://localhost:5173/node_modules/.vite/deps/chunk-YQ5BCTVV.js?v=5398434d:3680:22)
    at Object.invokeGuardedCallbackDev (http://localhost:5173/node_modules/.vite/deps/chunk-YQ5BCTVV.js?v=5398434d:3705:24)
    at invokeGuardedCallback (http://localhost:5173/node_modules/.vite/deps/chunk-YQ5BCTVV.js?v=5398434d:3739:39)
    at beginWork$1 (http://localhost:5173/node_modules/.vite/deps/chunk-YQ5BCTVV.js?v=5398434d:19818:15)
    at performUnitOfWork (http://localhost:5173/node_modules/.vite/deps/chunk-YQ5BCTVV.js?v=5398434d:19251:20)
    at workLoopSync (http://localhost:5173/node_modules/.vite/deps/chunk-YQ5BCTVV.js?v=5398434d:19190:13)
[ 3642486ms] ReferenceError: CLONE_SQ is not defined
    at CloneCell (http://localhost:5173/src/app/components/AiExperience.tsx?t=1783436165338:1905:19)
    at renderWithHooks (http://localhost:5173/node_modules/.vite/deps/chunk-YQ5BCTVV.js?v=5398434d:11596:26)
    at updateFunctionComponent (http://localhost:5173/node_modules/.vite/deps/chunk-YQ5BCTVV.js?v=5398434d:14630:28)
    at beginWork (http://localhost:5173/node_modules/.vite/deps/chunk-YQ5BCTVV.js?v=5398434d:15972:22)
    at HTMLUnknownElement.callCallback2 (http://localhost:5173/node_modules/.vite/deps/chunk-YQ5BCTVV.js?v=5398434d:3680:22)
    at Object.invokeGuardedCallbackDev (http://localhost:5173/node_modules/.vite/deps/chunk-YQ5BCTVV.js?v=5398434d:3705:24)
    at invokeGuardedCallback (http://localhost:5173/node_modules/.vite/deps/chunk-YQ5BCTVV.js?v=5398434d:3739:39)
    at beginWork$1 (http://localhost:5173/node_modules/.vite/deps/chunk-YQ5BCTVV.js?v=5398434d:19818:15)
    at performUnitOfWork (http://localhost:5173/node_modules/.vite/deps/chunk-YQ5BCTVV.js?v=5398434d:19251:20)
    at workLoopSync (http://localhost:5173/node_modules/.vite/deps/chunk-YQ5BCTVV.js?v=5398434d:19190:13)
[ 3642486ms] ReferenceError: CLONE_SQ is not defined
    at CloneCell (http://localhost:5173/src/app/components/AiExperience.tsx?t=1783436165338:1905:19)
    at renderWithHooks (http://localhost:5173/node_modules/.vite/deps/chunk-YQ5BCTVV.js?v=5398434d:11596:26)
    at updateFunctionComponent (http://localhost:5173/node_modules/.vite/deps/chunk-YQ5BCTVV.js?v=5398434d:14630:28)
    at beginWork (http://localhost:5173/node_modules/.vite/deps/chunk-YQ5BCTVV.js?v=5398434d:15972:22)
    at HTMLUnknownElement.callCallback2 (http://localhost:5173/node_modules/.vite/deps/chunk-YQ5BCTVV.js?v=5398434d:3680:22)
    at Object.invokeGuardedCallbackDev (http://localhost:5173/node_modules/.vite/deps/chunk-YQ5BCTVV.js?v=5398434d:3705:24)
    at invokeGuardedCallback (http://localhost:5173/node_modules/.vite/deps/chunk-YQ5BCTVV.js?v=5398434d:3739:39)
    at beginWork$1 (http://localhost:5173/node_modules/.vite/deps/chunk-YQ5BCTVV.js?v=5398434d:19818:15)
    at performUnitOfWork (http://localhost:5173/node_modules/.vite/deps/chunk-YQ5BCTVV.js?v=5398434d:19251:20)
    at workLoopSync (http://localhost:5173/node_modules/.vite/deps/chunk-YQ5BCTVV.js?v=5398434d:19190:13)
[ 3642486ms] ReferenceError: CLONE_SQ is not defined
    at CloneCell (http://localhost:5173/src/app/components/AiExperience.tsx?t=1783436165338:1905:19)
    at renderWithHooks (http://localhost:5173/node_modules/.vite/deps/chunk-YQ5BCTVV.js?v=5398434d:11596:26)
    at updateFunctionComponent (http://localhost:5173/node_modules/.vite/deps/chunk-YQ5BCTVV.js?v=5398434d:14630:28)
    at beginWork (http://localhost:5173/node_modules/.vite/deps/chunk-YQ5BCTVV.js?v=5398434d:15972:22)
    at HTMLUnknownElement.callCallback2 (http://localhost:5173/node_modules/.vite/deps/chunk-YQ5BCTVV.js?v=5398434d:3680:22)
    at Object.invokeGuardedCallbackDev (http://localhost:5173/node_modules/.vite/deps/chunk-YQ5BCTVV.js?v=5398434d:3705:24)
    at invokeGuardedCallback (http://localhost:5173/node_modules/.vite/deps/chunk-YQ5BCTVV.js?v=5398434d:3739:39)
    at beginWork$1 (http://localhost:5173/node_modules/.vite/deps/chunk-YQ5BCTVV.js?v=5398434d:19818:15)
    at performUnitOfWork (http://localhost:5173/node_modules/.vite/deps/chunk-YQ5BCTVV.js?v=5398434d:19251:20)
    at workLoopSync (http://localhost:5173/node_modules/.vite/deps/chunk-YQ5BCTVV.js?v=5398434d:19190:13)
[ 3642486ms] ReferenceError: CLONE_SQ is not defined
    at CloneCell (http://localhost:5173/src/app/components/AiExperience.tsx?t=1783436165338:1905:19)
    at renderWithHooks (http://localhost:5173/node_modules/.vite/deps/chunk-YQ5BCTVV.js?v=5398434d:11596:26)
    at updateFunctionComponent (http://localhost:5173/node_modules/.vite/deps/chunk-YQ5BCTVV.js?v=5398434d:14630:28)
    at beginWork (http://localhost:5173/node_modules/.vite/deps/chunk-YQ5BCTVV.js?v=5398434d:15972:22)
    at HTMLUnknownElement.callCallback2 (http://localhost:5173/node_modules/.vite/deps/chunk-YQ5BCTVV.js?v=5398434d:3680:22)
    at Object.invokeGuardedCallbackDev (http://localhost:5173/node_modules/.vite/deps/chunk-YQ5BCTVV.js?v=5398434d:3705:24)
    at invokeGuardedCallback (http://localhost:5173/node_modules/.vite/deps/chunk-YQ5BCTVV.js?v=5398434d:3739:39)
    at beginWork$1 (http://localhost:5173/node_modules/.vite/deps/chunk-YQ5BCTVV.js?v=5398434d:19818:15)
    at performUnitOfWork (http://localhost:5173/node_modules/.vite/deps/chunk-YQ5BCTVV.js?v=5398434d:19251:20)
    at workLoopSync (http://localhost:5173/node_modules/.vite/deps/chunk-YQ5BCTVV.js?v=5398434d:19190:13)
[ 3642486ms] ReferenceError: CLONE_SQ is not defined
    at CloneCell (http://localhost:5173/src/app/components/AiExperience.tsx?t=1783436165338:1905:19)
    at renderWithHooks (http://localhost:5173/node_modules/.vite/deps/chunk-YQ5BCTVV.js?v=5398434d:11596:26)
    at updateFunctionComponent (http://localhost:5173/node_modules/.vite/deps/chunk-YQ5BCTVV.js?v=5398434d:14630:28)
    at beginWork (http://localhost:5173/node_modules/.vite/deps/chunk-YQ5BCTVV.js?v=5398434d:15972:22)
    at HTMLUnknownElement.callCallback2 (http://localhost:5173/node_modules/.vite/deps/chunk-YQ5BCTVV.js?v=5398434d:3680:22)
    at Object.invokeGuardedCallbackDev (http://localhost:5173/node_modules/.vite/deps/chunk-YQ5BCTVV.js?v=5398434d:3705:24)
    at invokeGuardedCallback (http://localhost:5173/node_modules/.vite/deps/chunk-YQ5BCTVV.js?v=5398434d:3739:39)
    at beginWork$1 (http://localhost:5173/node_modules/.vite/deps/chunk-YQ5BCTVV.js?v=5398434d:19818:15)
    at performUnitOfWork (http://localhost:5173/node_modules/.vite/deps/chunk-YQ5BCTVV.js?v=5398434d:19251:20)
    at workLoopSync (http://localhost:5173/node_modules/.vite/deps/chunk-YQ5BCTVV.js?v=5398434d:19190:13)
[ 3642486ms] ReferenceError: CLONE_SQ is not defined
    at CloneCell (http://localhost:5173/src/app/components/AiExperience.tsx?t=1783436165338:1905:19)
    at renderWithHooks (http://localhost:5173/node_modules/.vite/deps/chunk-YQ5BCTVV.js?v=5398434d:11596:26)
    at updateFunctionComponent (http://localhost:5173/node_modules/.vite/deps/chunk-YQ5BCTVV.js?v=5398434d:14630:28)
    at beginWork (http://localhost:5173/node_modules/.vite/deps/chunk-YQ5BCTVV.js?v=5398434d:15972:22)
    at HTMLUnknownElement.callCallback2 (http://localhost:5173/node_modules/.vite/deps/chunk-YQ5BCTVV.js?v=5398434d:3680:22)
    at Object.invokeGuardedCallbackDev (http://localhost:5173/node_modules/.vite/deps/chunk-YQ5BCTVV.js?v=5398434d:3705:24)
    at invokeGuardedCallback (http://localhost:5173/node_modules/.vite/deps/chunk-YQ5BCTVV.js?v=5398434d:3739:39)
    at beginWork$1 (http://localhost:5173/node_modules/.vite/deps/chunk-YQ5BCTVV.js?v=5398434d:19818:15)
    at performUnitOfWork (http://localhost:5173/node_modules/.vite/deps/chunk-YQ5BCTVV.js?v=5398434d:19251:20)
    at workLoopSync (http://localhost:5173/node_modules/.vite/deps/chunk-YQ5BCTVV.js?v=5398434d:19190:13)
[ 3642487ms] ReferenceError: CLONE_SQ is not defined
    at CloneCell (http://localhost:5173/src/app/components/AiExperience.tsx?t=1783436165338:1905:19)
    at renderWithHooks (http://localhost:5173/node_modules/.vite/deps/chunk-YQ5BCTVV.js?v=5398434d:11596:26)
    at updateFunctionComponent (http://localhost:5173/node_modules/.vite/deps/chunk-YQ5BCTVV.js?v=5398434d:14630:28)
    at beginWork (http://localhost:5173/node_modules/.vite/deps/chunk-YQ5BCTVV.js?v=5398434d:15972:22)
    at HTMLUnknownElement.callCallback2 (http://localhost:5173/node_modules/.vite/deps/chunk-YQ5BCTVV.js?v=5398434d:3680:22)
    at Object.invokeGuardedCallbackDev (http://localhost:5173/node_modules/.vite/deps/chunk-YQ5BCTVV.js?v=5398434d:3705:24)
    at invokeGuardedCallback (http://localhost:5173/node_modules/.vite/deps/chunk-YQ5BCTVV.js?v=5398434d:3739:39)
    at beginWork$1 (http://localhost:5173/node_modules/.vite/deps/chunk-YQ5BCTVV.js?v=5398434d:19818:15)
    at performUnitOfWork (http://localhost:5173/node_modules/.vite/deps/chunk-YQ5BCTVV.js?v=5398434d:19251:20)
    at workLoopSync (http://localhost:5173/node_modules/.vite/deps/chunk-YQ5BCTVV.js?v=5398434d:19190:13)
[ 3642487ms] ReferenceError: CLONE_SQ is not defined
    at CloneCell (http://localhost:5173/src/app/components/AiExperience.tsx?t=1783436165338:1905:19)
    at renderWithHooks (http://localhost:5173/node_modules/.vite/deps/chunk-YQ5BCTVV.js?v=5398434d:11596:26)
    at updateFunctionComponent (http://localhost:5173/node_modules/.vite/deps/chunk-YQ5BCTVV.js?v=5398434d:14630:28)
    at beginWork (http://localhost:5173/node_modules/.vite/deps/chunk-YQ5BCTVV.js?v=5398434d:15972:22)
    at HTMLUnknownElement.callCallback2 (http://localhost:5173/node_modules/.vite/deps/chunk-YQ5BCTVV.js?v=5398434d:3680:22)
    at Object.invokeGuardedCallbackDev (http://localhost:5173/node_modules/.vite/deps/chunk-YQ5BCTVV.js?v=5398434d:3705:24)
    at invokeGuardedCallback (http://localhost:5173/node_modules/.vite/deps/chunk-YQ5BCTVV.js?v=5398434d:3739:39)
    at beginWork$1 (http://localhost:5173/node_modules/.vite/deps/chunk-YQ5BCTVV.js?v=5398434d:19818:15)
    at performUnitOfWork (http://localhost:5173/node_modules/.vite/deps/chunk-YQ5BCTVV.js?v=5398434d:19251:20)
    at workLoopSync (http://localhost:5173/node_modules/.vite/deps/chunk-YQ5BCTVV.js?v=5398434d:19190:13)
[ 3642487ms] ReferenceError: CLONE_SQ is not defined
    at CloneCell (http://localhost:5173/src/app/components/AiExperience.tsx?t=1783436165338:1905:19)
    at renderWithHooks (http://localhost:5173/node_modules/.vite/deps/chunk-YQ5BCTVV.js?v=5398434d:11596:26)
    at updateFunctionComponent (http://localhost:5173/node_modules/.vite/deps/chunk-YQ5BCTVV.js?v=5398434d:14630:28)
    at beginWork (http://localhost:5173/node_modules/.vite/deps/chunk-YQ5BCTVV.js?v=5398434d:15972:22)
    at HTMLUnknownElement.callCallback2 (http://localhost:5173/node_modules/.vite/deps/chunk-YQ5BCTVV.js?v=5398434d:3680:22)
    at Object.invokeGuardedCallbackDev (http://localhost:5173/node_modules/.vite/deps/chunk-YQ5BCTVV.js?v=5398434d:3705:24)
    at invokeGuardedCallback (http://localhost:5173/node_modules/.vite/deps/chunk-YQ5BCTVV.js?v=5398434d:3739:39)
    at beginWork$1 (http://localhost:5173/node_modules/.vite/deps/chunk-YQ5BCTVV.js?v=5398434d:19818:15)
    at performUnitOfWork (http://localhost:5173/node_modules/.vite/deps/chunk-YQ5BCTVV.js?v=5398434d:19251:20)
    at workLoopSync (http://localhost:5173/node_modules/.vite/deps/chunk-YQ5BCTVV.js?v=5398434d:19190:13)
[ 3642487ms] ReferenceError: CLONE_SQ is not defined
    at CloneCell (http://localhost:5173/src/app/components/AiExperience.tsx?t=1783436165338:1905:19)
    at renderWithHooks (http://localhost:5173/node_modules/.vite/deps/chunk-YQ5BCTVV.js?v=5398434d:11596:26)
    at updateFunctionComponent (http://localhost:5173/node_modules/.vite/deps/chunk-YQ5BCTVV.js?v=5398434d:14630:28)
    at beginWork (http://localhost:5173/node_modules/.vite/deps/chunk-YQ5BCTVV.js?v=5398434d:15972:22)
    at HTMLUnknownElement.callCallback2 (http://localhost:5173/node_modules/.vite/deps/chunk-YQ5BCTVV.js?v=5398434d:3680:22)
    at Object.invokeGuardedCallbackDev (http://localhost:5173/node_modules/.vite/deps/chunk-YQ5BCTVV.js?v=5398434d:3705:24)
    at invokeGuardedCallback (http://localhost:5173/node_modules/.vite/deps/chunk-YQ5BCTVV.js?v=5398434d:3739:39)
    at beginWork$1 (http://localhost:5173/node_modules/.vite/deps/chunk-YQ5BCTVV.js?v=5398434d:19818:15)
    at performUnitOfWork (http://localhost:5173/node_modules/.vite/deps/chunk-YQ5BCTVV.js?v=5398434d:19251:20)
    at workLoopSync (http://localhost:5173/node_modules/.vite/deps/chunk-YQ5BCTVV.js?v=5398434d:19190:13)
[ 3642487ms] ReferenceError: CLONE_SQ is not defined
    at CloneCell (http://localhost:5173/src/app/components/AiExperience.tsx?t=1783436165338:1905:19)
    at renderWithHooks (http://localhost:5173/node_modules/.vite/deps/chunk-YQ5BCTVV.js?v=5398434d:11596:26)
    at updateFunctionComponent (http://localhost:5173/node_modules/.vite/deps/chunk-YQ5BCTVV.js?v=5398434d:14630:28)
    at beginWork (http://localhost:5173/node_modules/.vite/deps/chunk-YQ5BCTVV.js?v=5398434d:15972:22)
    at HTMLUnknownElement.callCallback2 (http://localhost:5173/node_modules/.vite/deps/chunk-YQ5BCTVV.js?v=5398434d:3680:22)
    at Object.invokeGuardedCallbackDev (http://localhost:5173/node_modules/.vite/deps/chunk-YQ5BCTVV.js?v=5398434d:3705:24)
    at invokeGuardedCallback (http://localhost:5173/node_modules/.vite/deps/chunk-YQ5BCTVV.js?v=5398434d:3739:39)
    at beginWork$1 (http://localhost:5173/node_modules/.vite/deps/chunk-YQ5BCTVV.js?v=5398434d:19818:15)
    at performUnitOfWork (http://localhost:5173/node_modules/.vite/deps/chunk-YQ5BCTVV.js?v=5398434d:19251:20)
    at workLoopSync (http://localhost:5173/node_modules/.vite/deps/chunk-YQ5BCTVV.js?v=5398434d:19190:13)
[ 3642489ms] [ERROR] The above error occurred in the <CloneCell> component:

    at CloneCell (http://localhost:5173/src/app/components/AiExperience.tsx?t=1783436165338:1863:3)
    at div
    at CloneField (http://localhost:5173/src/app/components/AiExperience.tsx?t=1783436165338:1817:23)
    at div
    at MotionDOMComponent (http://localhost:5173/node_modules/.vite/deps/motion_react.js?v=bc1929d9:1184:40)
    at ToolsRoom (http://localhost:5173/src/app/components/AiExperience.tsx?t=1783436165338:599:3)
    at SceneRoom (http://localhost:5173/src/app/components/AiExperience.tsx?t=1783436165338:459:22)
    at div
    at section
    at JourneyStage (http://localhost:5173/src/app/components/AiExperience.tsx?t=1783436165338:410:15)
    at main
    at AiExperience (http://localhost:5173/src/app/components/AiExperience.tsx?t=1783436165338:388:3)
    at div
    at App (http://localhost:5173/src/app/App.tsx?t=1783434266461:34:30)

Consider adding an error boundary to your tree to customize error handling behavior.
Visit https://reactjs.org/link/error-boundaries to learn more about error boundaries. @ http://localhost:5173/node_modules/.vite/deps/chunk-YQ5BCTVV.js?v=5398434d:14079
[ 3642489ms] [ERROR] The above error occurred in the <CloneCell> component:

    at CloneCell (http://localhost:5173/src/app/components/AiExperience.tsx?t=1783436165338:1863:3)
    at div
    at CloneField (http://localhost:5173/src/app/components/AiExperience.tsx?t=1783436165338:1817:23)
    at div
    at MotionDOMComponent (http://localhost:5173/node_modules/.vite/deps/motion_react.js?v=bc1929d9:1184:40)
    at ToolsRoom (http://localhost:5173/src/app/components/AiExperience.tsx?t=1783436165338:599:3)
    at SceneRoom (http://localhost:5173/src/app/components/AiExperience.tsx?t=1783436165338:459:22)
    at div
    at section
    at JourneyStage (http://localhost:5173/src/app/components/AiExperience.tsx?t=1783436165338:410:15)
    at main
    at AiExperience (http://localhost:5173/src/app/components/AiExperience.tsx?t=1783436165338:388:3)
    at div
    at App (http://localhost:5173/src/app/App.tsx?t=1783434266461:34:30)

Consider adding an error boundary to your tree to customize error handling behavior.
Visit https://reactjs.org/link/error-boundaries to learn more about error boundaries. @ http://localhost:5173/node_modules/.vite/deps/chunk-YQ5BCTVV.js?v=5398434d:14079
[ 3642489ms] [ERROR] The above error occurred in the <CloneCell> component:

    at CloneCell (http://localhost:5173/src/app/components/AiExperience.tsx?t=1783436165338:1863:3)
    at div
    at CloneField (http://localhost:5173/src/app/components/AiExperience.tsx?t=1783436165338:1817:23)
    at div
    at MotionDOMComponent (http://localhost:5173/node_modules/.vite/deps/motion_react.js?v=bc1929d9:1184:40)
    at ToolsRoom (http://localhost:5173/src/app/components/AiExperience.tsx?t=1783436165338:599:3)
    at SceneRoom (http://localhost:5173/src/app/components/AiExperience.tsx?t=1783436165338:459:22)
    at div
    at section
    at JourneyStage (http://localhost:5173/src/app/components/AiExperience.tsx?t=1783436165338:410:15)
    at main
    at AiExperience (http://localhost:5173/src/app/components/AiExperience.tsx?t=1783436165338:388:3)
    at div
    at App (http://localhost:5173/src/app/App.tsx?t=1783434266461:34:30)

Consider adding an error boundary to your tree to customize error handling behavior.
Visit https://reactjs.org/link/error-boundaries to learn more about error boundaries. @ http://localhost:5173/node_modules/.vite/deps/chunk-YQ5BCTVV.js?v=5398434d:14079
[ 3642489ms] [ERROR] The above error occurred in the <CloneCell> component:

    at CloneCell (http://localhost:5173/src/app/components/AiExperience.tsx?t=1783436165338:1863:3)
    at div
    at CloneField (http://localhost:5173/src/app/components/AiExperience.tsx?t=1783436165338:1817:23)
    at div
    at MotionDOMComponent (http://localhost:5173/node_modules/.vite/deps/motion_react.js?v=bc1929d9:1184:40)
    at ToolsRoom (http://localhost:5173/src/app/components/AiExperience.tsx?t=1783436165338:599:3)
    at SceneRoom (http://localhost:5173/src/app/components/AiExperience.tsx?t=1783436165338:459:22)
    at div
    at section
    at JourneyStage (http://localhost:5173/src/app/components/AiExperience.tsx?t=1783436165338:410:15)
    at main
    at AiExperience (http://localhost:5173/src/app/components/AiExperience.tsx?t=1783436165338:388:3)
    at div
    at App (http://localhost:5173/src/app/App.tsx?t=1783434266461:34:30)

Consider adding an error boundary to your tree to customize error handling behavior.
Visit https://reactjs.org/link/error-boundaries to learn more about error boundaries. @ http://localhost:5173/node_modules/.vite/deps/chunk-YQ5BCTVV.js?v=5398434d:14079
[ 3642489ms] [ERROR] The above error occurred in the <CloneCell> component:

    at CloneCell (http://localhost:5173/src/app/components/AiExperience.tsx?t=1783436165338:1863:3)
    at div
    at CloneField (http://localhost:5173/src/app/components/AiExperience.tsx?t=1783436165338:1817:23)
    at div
    at MotionDOMComponent (http://localhost:5173/node_modules/.vite/deps/motion_react.js?v=bc1929d9:1184:40)
    at ToolsRoom (http://localhost:5173/src/app/components/AiExperience.tsx?t=1783436165338:599:3)
    at SceneRoom (http://localhost:5173/src/app/components/AiExperience.tsx?t=1783436165338:459:22)
    at div
    at section
    at JourneyStage (http://localhost:5173/src/app/components/AiExperience.tsx?t=1783436165338:410:15)
    at main
    at AiExperience (http://localhost:5173/src/app/components/AiExperience.tsx?t=1783436165338:388:3)
    at div
    at App (http://localhost:5173/src/app/App.tsx?t=1783434266461:34:30)

Consider adding an error boundary to your tree to customize error handling behavior.
Visit https://reactjs.org/link/error-boundaries to learn more about error boundaries. @ http://localhost:5173/node_modules/.vite/deps/chunk-YQ5BCTVV.js?v=5398434d:14079
[ 3642489ms] [ERROR] The above error occurred in the <CloneCell> component:

    at CloneCell (http://localhost:5173/src/app/components/AiExperience.tsx?t=1783436165338:1863:3)
    at div
    at CloneField (http://localhost:5173/src/app/components/AiExperience.tsx?t=1783436165338:1817:23)
    at div
    at MotionDOMComponent (http://localhost:5173/node_modules/.vite/deps/motion_react.js?v=bc1929d9:1184:40)
    at ToolsRoom (http://localhost:5173/src/app/components/AiExperience.tsx?t=1783436165338:599:3)
    at SceneRoom (http://localhost:5173/src/app/components/AiExperience.tsx?t=1783436165338:459:22)
    at div
    at section
    at JourneyStage (http://localhost:5173/src/app/components/AiExperience.tsx?t=1783436165338:410:15)
    at main
    at AiExperience (http://localhost:5173/src/app/components/AiExperience.tsx?t=1783436165338:388:3)
    at div
    at App (http://localhost:5173/src/app/App.tsx?t=1783434266461:34:30)

Consider adding an error boundary to your tree to customize error handling behavior.
Visit https://reactjs.org/link/error-boundaries to learn more about error boundaries. @ http://localhost:5173/node_modules/.vite/deps/chunk-YQ5BCTVV.js?v=5398434d:14079
[ 3642489ms] [ERROR] The above error occurred in the <CloneCell> component:

    at CloneCell (http://localhost:5173/src/app/components/AiExperience.tsx?t=1783436165338:1863:3)
    at div
    at CloneField (http://localhost:5173/src/app/components/AiExperience.tsx?t=1783436165338:1817:23)
    at div
    at MotionDOMComponent (http://localhost:5173/node_modules/.vite/deps/motion_react.js?v=bc1929d9:1184:40)
    at ToolsRoom (http://localhost:5173/src/app/components/AiExperience.tsx?t=1783436165338:599:3)
    at SceneRoom (http://localhost:5173/src/app/components/AiExperience.tsx?t=1783436165338:459:22)
    at div
    at section
    at JourneyStage (http://localhost:5173/src/app/components/AiExperience.tsx?t=1783436165338:410:15)
    at main
    at AiExperience (http://localhost:5173/src/app/components/AiExperience.tsx?t=1783436165338:388:3)
    at div
    at App (http://localhost:5173/src/app/App.tsx?t=1783434266461:34:30)

Consider adding an error boundary to your tree to customize error handling behavior.
Visit https://reactjs.org/link/error-boundaries to learn more about error boundaries. @ http://localhost:5173/node_modules/.vite/deps/chunk-YQ5BCTVV.js?v=5398434d:14079
[ 3642489ms] [ERROR] The above error occurred in the <CloneCell> component:

    at CloneCell (http://localhost:5173/src/app/components/AiExperience.tsx?t=1783436165338:1863:3)
    at div
    at CloneField (http://localhost:5173/src/app/components/AiExperience.tsx?t=1783436165338:1817:23)
    at div
    at MotionDOMComponent (http://localhost:5173/node_modules/.vite/deps/motion_react.js?v=bc1929d9:1184:40)
    at ToolsRoom (http://localhost:5173/src/app/components/AiExperience.tsx?t=1783436165338:599:3)
    at SceneRoom (http://localhost:5173/src/app/components/AiExperience.tsx?t=1783436165338:459:22)
    at div
    at section
    at JourneyStage (http://localhost:5173/src/app/components/AiExperience.tsx?t=1783436165338:410:15)
    at main
    at AiExperience (http://localhost:5173/src/app/components/AiExperience.tsx?t=1783436165338:388:3)
    at div
    at App (http://localhost:5173/src/app/App.tsx?t=1783434266461:34:30)

Consider adding an error boundary to your tree to customize error handling behavior.
Visit https://reactjs.org/link/error-boundaries to learn more about error boundaries. @ http://localhost:5173/node_modules/.vite/deps/chunk-YQ5BCTVV.js?v=5398434d:14079
[ 3642489ms] [ERROR] The above error occurred in the <CloneCell> component:

    at CloneCell (http://localhost:5173/src/app/components/AiExperience.tsx?t=1783436165338:1863:3)
    at div
    at CloneField (http://localhost:5173/src/app/components/AiExperience.tsx?t=1783436165338:1817:23)
    at div
    at MotionDOMComponent (http://localhost:5173/node_modules/.vite/deps/motion_react.js?v=bc1929d9:1184:40)
    at ToolsRoom (http://localhost:5173/src/app/components/AiExperience.tsx?t=1783436165338:599:3)
    at SceneRoom (http://localhost:5173/src/app/components/AiExperience.tsx?t=1783436165338:459:22)
    at div
    at section
    at JourneyStage (http://localhost:5173/src/app/components/AiExperience.tsx?t=1783436165338:410:15)
    at main
    at AiExperience (http://localhost:5173/src/app/components/AiExperience.tsx?t=1783436165338:388:3)
    at div
    at App (http://localhost:5173/src/app/App.tsx?t=1783434266461:34:30)

Consider adding an error boundary to your tree to customize error handling behavior.
Visit https://reactjs.org/link/error-boundaries to learn more about error boundaries. @ http://localhost:5173/node_modules/.vite/deps/chunk-YQ5BCTVV.js?v=5398434d:14079
[ 3642489ms] [ERROR] The above error occurred in the <CloneCell> component:

    at CloneCell (http://localhost:5173/src/app/components/AiExperience.tsx?t=1783436165338:1863:3)
    at div
    at CloneField (http://localhost:5173/src/app/components/AiExperience.tsx?t=1783436165338:1817:23)
    at div
    at MotionDOMComponent (http://localhost:5173/node_modules/.vite/deps/motion_react.js?v=bc1929d9:1184:40)
    at ToolsRoom (http://localhost:5173/src/app/components/AiExperience.tsx?t=1783436165338:599:3)
    at SceneRoom (http://localhost:5173/src/app/components/AiExperience.tsx?t=1783436165338:459:22)
    at div
    at section
    at JourneyStage (http://localhost:5173/src/app/components/AiExperience.tsx?t=1783436165338:410:15)
    at main
    at AiExperience (http://localhost:5173/src/app/components/AiExperience.tsx?t=1783436165338:388:3)
    at div
    at App (http://localhost:5173/src/app/App.tsx?t=1783434266461:34:30)

Consider adding an error boundary to your tree to customize error handling behavior.
Visit https://reactjs.org/link/error-boundaries to learn more about error boundaries. @ http://localhost:5173/node_modules/.vite/deps/chunk-YQ5BCTVV.js?v=5398434d:14079
[ 3642489ms] [ERROR] The above error occurred in the <CloneCell> component:

    at CloneCell (http://localhost:5173/src/app/components/AiExperience.tsx?t=1783436165338:1863:3)
    at div
    at CloneField (http://localhost:5173/src/app/components/AiExperience.tsx?t=1783436165338:1817:23)
    at div
    at MotionDOMComponent (http://localhost:5173/node_modules/.vite/deps/motion_react.js?v=bc1929d9:1184:40)
    at ToolsRoom (http://localhost:5173/src/app/components/AiExperience.tsx?t=1783436165338:599:3)
    at SceneRoom (http://localhost:5173/src/app/components/AiExperience.tsx?t=1783436165338:459:22)
    at div
    at section
    at JourneyStage (http://localhost:5173/src/app/components/AiExperience.tsx?t=1783436165338:410:15)
    at main
    at AiExperience (http://localhost:5173/src/app/components/AiExperience.tsx?t=1783436165338:388:3)
    at div
    at App (http://localhost:5173/src/app/App.tsx?t=1783434266461:34:30)

Consider adding an error boundary to your tree to customize error handling behavior.
Visit https://reactjs.org/link/error-boundaries to learn more about error boundaries. @ http://localhost:5173/node_modules/.vite/deps/chunk-YQ5BCTVV.js?v=5398434d:14079
[ 3642489ms] [ERROR] The above error occurred in the <CloneCell> component:

    at CloneCell (http://localhost:5173/src/app/components/AiExperience.tsx?t=1783436165338:1863:3)
    at div
    at CloneField (http://localhost:5173/src/app/components/AiExperience.tsx?t=1783436165338:1817:23)
    at div
    at MotionDOMComponent (http://localhost:5173/node_modules/.vite/deps/motion_react.js?v=bc1929d9:1184:40)
    at ToolsRoom (http://localhost:5173/src/app/components/AiExperience.tsx?t=1783436165338:599:3)
    at SceneRoom (http://localhost:5173/src/app/components/AiExperience.tsx?t=1783436165338:459:22)
    at div
    at section
    at JourneyStage (http://localhost:5173/src/app/components/AiExperience.tsx?t=1783436165338:410:15)
    at main
    at AiExperience (http://localhost:5173/src/app/components/AiExperience.tsx?t=1783436165338:388:3)
    at div
    at App (http://localhost:5173/src/app/App.tsx?t=1783434266461:34:30)

Consider adding an error boundary to your tree to customize error handling behavior.
Visit https://reactjs.org/link/error-boundaries to learn more about error boundaries. @ http://localhost:5173/node_modules/.vite/deps/chunk-YQ5BCTVV.js?v=5398434d:14079
[ 3642489ms] [ERROR] The above error occurred in the <CloneCell> component:

    at CloneCell (http://localhost:5173/src/app/components/AiExperience.tsx?t=1783436165338:1863:3)
    at div
    at CloneField (http://localhost:5173/src/app/components/AiExperience.tsx?t=1783436165338:1817:23)
    at div
    at MotionDOMComponent (http://localhost:5173/node_modules/.vite/deps/motion_react.js?v=bc1929d9:1184:40)
    at ToolsRoom (http://localhost:5173/src/app/components/AiExperience.tsx?t=1783436165338:599:3)
    at SceneRoom (http://localhost:5173/src/app/components/AiExperience.tsx?t=1783436165338:459:22)
    at div
    at section
    at JourneyStage (http://localhost:5173/src/app/components/AiExperience.tsx?t=1783436165338:410:15)
    at main
    at AiExperience (http://localhost:5173/src/app/components/AiExperience.tsx?t=1783436165338:388:3)
    at div
    at App (http://localhost:5173/src/app/App.tsx?t=1783434266461:34:30)

Consider adding an error boundary to your tree to customize error handling behavior.
Visit https://reactjs.org/link/error-boundaries to learn more about error boundaries. @ http://localhost:5173/node_modules/.vite/deps/chunk-YQ5BCTVV.js?v=5398434d:14079
[ 3642489ms] [ERROR] The above error occurred in the <CloneCell> component:

    at CloneCell (http://localhost:5173/src/app/components/AiExperience.tsx?t=1783436165338:1863:3)
    at div
    at CloneField (http://localhost:5173/src/app/components/AiExperience.tsx?t=1783436165338:1817:23)
    at div
    at MotionDOMComponent (http://localhost:5173/node_modules/.vite/deps/motion_react.js?v=bc1929d9:1184:40)
    at ToolsRoom (http://localhost:5173/src/app/components/AiExperience.tsx?t=1783436165338:599:3)
    at SceneRoom (http://localhost:5173/src/app/components/AiExperience.tsx?t=1783436165338:459:22)
    at div
    at section
    at JourneyStage (http://localhost:5173/src/app/components/AiExperience.tsx?t=1783436165338:410:15)
    at main
    at AiExperience (http://localhost:5173/src/app/components/AiExperience.tsx?t=1783436165338:388:3)
    at div
    at App (http://localhost:5173/src/app/App.tsx?t=1783434266461:34:30)

Consider adding an error boundary to your tree to customize error handling behavior.
Visit https://reactjs.org/link/error-boundaries to learn more about error boundaries. @ http://localhost:5173/node_modules/.vite/deps/chunk-YQ5BCTVV.js?v=5398434d:14079
[ 3642489ms] [ERROR] The above error occurred in the <CloneCell> component:

    at CloneCell (http://localhost:5173/src/app/components/AiExperience.tsx?t=1783436165338:1863:3)
    at div
    at CloneField (http://localhost:5173/src/app/components/AiExperience.tsx?t=1783436165338:1817:23)
    at div
    at MotionDOMComponent (http://localhost:5173/node_modules/.vite/deps/motion_react.js?v=bc1929d9:1184:40)
    at ToolsRoom (http://localhost:5173/src/app/components/AiExperience.tsx?t=1783436165338:599:3)
    at SceneRoom (http://localhost:5173/src/app/components/AiExperience.tsx?t=1783436165338:459:22)
    at div
    at section
    at JourneyStage (http://localhost:5173/src/app/components/AiExperience.tsx?t=1783436165338:410:15)
    at main
    at AiExperience (http://localhost:5173/src/app/components/AiExperience.tsx?t=1783436165338:388:3)
    at div
    at App (http://localhost:5173/src/app/App.tsx?t=1783434266461:34:30)

Consider adding an error boundary to your tree to customize error handling behavior.
Visit https://reactjs.org/link/error-boundaries to learn more about error boundaries. @ http://localhost:5173/node_modules/.vite/deps/chunk-YQ5BCTVV.js?v=5398434d:14079
[ 3642489ms] [ERROR] The above error occurred in the <CloneCell> component:

    at CloneCell (http://localhost:5173/src/app/components/AiExperience.tsx?t=1783436165338:1863:3)
    at div
    at CloneField (http://localhost:5173/src/app/components/AiExperience.tsx?t=1783436165338:1817:23)
    at div
    at MotionDOMComponent (http://localhost:5173/node_modules/.vite/deps/motion_react.js?v=bc1929d9:1184:40)
    at ToolsRoom (http://localhost:5173/src/app/components/AiExperience.tsx?t=1783436165338:599:3)
    at SceneRoom (http://localhost:5173/src/app/components/AiExperience.tsx?t=1783436165338:459:22)
    at div
    at section
    at JourneyStage (http://localhost:5173/src/app/components/AiExperience.tsx?t=1783436165338:410:15)
    at main
    at AiExperience (http://localhost:5173/src/app/components/AiExperience.tsx?t=1783436165338:388:3)
    at div
    at App (http://localhost:5173/src/app/App.tsx?t=1783434266461:34:30)

Consider adding an error boundary to your tree to customize error handling behavior.
Visit https://reactjs.org/link/error-boundaries to learn more about error boundaries. @ http://localhost:5173/node_modules/.vite/deps/chunk-YQ5BCTVV.js?v=5398434d:14079
[ 3642489ms] [ERROR] The above error occurred in the <CloneCell> component:

    at CloneCell (http://localhost:5173/src/app/components/AiExperience.tsx?t=1783436165338:1863:3)
    at div
    at CloneField (http://localhost:5173/src/app/components/AiExperience.tsx?t=1783436165338:1817:23)
    at div
    at MotionDOMComponent (http://localhost:5173/node_modules/.vite/deps/motion_react.js?v=bc1929d9:1184:40)
    at ToolsRoom (http://localhost:5173/src/app/components/AiExperience.tsx?t=1783436165338:599:3)
    at SceneRoom (http://localhost:5173/src/app/components/AiExperience.tsx?t=1783436165338:459:22)
    at div
    at section
    at JourneyStage (http://localhost:5173/src/app/components/AiExperience.tsx?t=1783436165338:410:15)
    at main
    at AiExperience (http://localhost:5173/src/app/components/AiExperience.tsx?t=1783436165338:388:3)
    at div
    at App (http://localhost:5173/src/app/App.tsx?t=1783434266461:34:30)

Consider adding an error boundary to your tree to customize error handling behavior.
Visit https://reactjs.org/link/error-boundaries to learn more about error boundaries. @ http://localhost:5173/node_modules/.vite/deps/chunk-YQ5BCTVV.js?v=5398434d:14079
[ 3642490ms] [ERROR] The above error occurred in the <CloneCell> component:

    at CloneCell (http://localhost:5173/src/app/components/AiExperience.tsx?t=1783436165338:1863:3)
    at div
    at CloneField (http://localhost:5173/src/app/components/AiExperience.tsx?t=1783436165338:1817:23)
    at div
    at MotionDOMComponent (http://localhost:5173/node_modules/.vite/deps/motion_react.js?v=bc1929d9:1184:40)
    at ToolsRoom (http://localhost:5173/src/app/components/AiExperience.tsx?t=1783436165338:599:3)
    at SceneRoom (http://localhost:5173/src/app/components/AiExperience.tsx?t=1783436165338:459:22)
    at div
    at section
    at JourneyStage (http://localhost:5173/src/app/components/AiExperience.tsx?t=1783436165338:410:15)
    at main
    at AiExperience (http://localhost:5173/src/app/components/AiExperience.tsx?t=1783436165338:388:3)
    at div
    at App (http://localhost:5173/src/app/App.tsx?t=1783434266461:34:30)

Consider adding an error boundary to your tree to customize error handling behavior.
Visit https://reactjs.org/link/error-boundaries to learn more about error boundaries. @ http://localhost:5173/node_modules/.vite/deps/chunk-YQ5BCTVV.js?v=5398434d:14079
[ 3642490ms] [ERROR] The above error occurred in the <CloneCell> component:

    at CloneCell (http://localhost:5173/src/app/components/AiExperience.tsx?t=1783436165338:1863:3)
    at div
    at CloneField (http://localhost:5173/src/app/components/AiExperience.tsx?t=1783436165338:1817:23)
    at div
    at MotionDOMComponent (http://localhost:5173/node_modules/.vite/deps/motion_react.js?v=bc1929d9:1184:40)
    at ToolsRoom (http://localhost:5173/src/app/components/AiExperience.tsx?t=1783436165338:599:3)
    at SceneRoom (http://localhost:5173/src/app/components/AiExperience.tsx?t=1783436165338:459:22)
    at div
    at section
    at JourneyStage (http://localhost:5173/src/app/components/AiExperience.tsx?t=1783436165338:410:15)
    at main
    at AiExperience (http://localhost:5173/src/app/components/AiExperience.tsx?t=1783436165338:388:3)
    at div
    at App (http://localhost:5173/src/app/App.tsx?t=1783434266461:34:30)

Consider adding an error boundary to your tree to customize error handling behavior.
Visit https://reactjs.org/link/error-boundaries to learn more about error boundaries. @ http://localhost:5173/node_modules/.vite/deps/chunk-YQ5BCTVV.js?v=5398434d:14079
[ 3642490ms] [ERROR] The above error occurred in the <CloneCell> component:

    at CloneCell (http://localhost:5173/src/app/components/AiExperience.tsx?t=1783436165338:1863:3)
    at div
    at CloneField (http://localhost:5173/src/app/components/AiExperience.tsx?t=1783436165338:1817:23)
    at div
    at MotionDOMComponent (http://localhost:5173/node_modules/.vite/deps/motion_react.js?v=bc1929d9:1184:40)
    at ToolsRoom (http://localhost:5173/src/app/components/AiExperience.tsx?t=1783436165338:599:3)
    at SceneRoom (http://localhost:5173/src/app/components/AiExperience.tsx?t=1783436165338:459:22)
    at div
    at section
    at JourneyStage (http://localhost:5173/src/app/components/AiExperience.tsx?t=1783436165338:410:15)
    at main
    at AiExperience (http://localhost:5173/src/app/components/AiExperience.tsx?t=1783436165338:388:3)
    at div
    at App (http://localhost:5173/src/app/App.tsx?t=1783434266461:34:30)

Consider adding an error boundary to your tree to customize error handling behavior.
Visit https://reactjs.org/link/error-boundaries to learn more about error boundaries. @ http://localhost:5173/node_modules/.vite/deps/chunk-YQ5BCTVV.js?v=5398434d:14079
[ 3642490ms] [ERROR] The above error occurred in the <CloneCell> component:

    at CloneCell (http://localhost:5173/src/app/components/AiExperience.tsx?t=1783436165338:1863:3)
    at div
    at CloneField (http://localhost:5173/src/app/components/AiExperience.tsx?t=1783436165338:1817:23)
    at div
    at MotionDOMComponent (http://localhost:5173/node_modules/.vite/deps/motion_react.js?v=bc1929d9:1184:40)
    at ToolsRoom (http://localhost:5173/src/app/components/AiExperience.tsx?t=1783436165338:599:3)
    at SceneRoom (http://localhost:5173/src/app/components/AiExperience.tsx?t=1783436165338:459:22)
    at div
    at section
    at JourneyStage (http://localhost:5173/src/app/components/AiExperience.tsx?t=1783436165338:410:15)
    at main
    at AiExperience (http://localhost:5173/src/app/components/AiExperience.tsx?t=1783436165338:388:3)
    at div
    at App (http://localhost:5173/src/app/App.tsx?t=1783434266461:34:30)

Consider adding an error boundary to your tree to customize error handling behavior.
Visit https://reactjs.org/link/error-boundaries to learn more about error boundaries. @ http://localhost:5173/node_modules/.vite/deps/chunk-YQ5BCTVV.js?v=5398434d:14079
[ 3642490ms] [ERROR] The above error occurred in the <CloneCell> component:

    at CloneCell (http://localhost:5173/src/app/components/AiExperience.tsx?t=1783436165338:1863:3)
    at div
    at CloneField (http://localhost:5173/src/app/components/AiExperience.tsx?t=1783436165338:1817:23)
    at div
    at MotionDOMComponent (http://localhost:5173/node_modules/.vite/deps/motion_react.js?v=bc1929d9:1184:40)
    at ToolsRoom (http://localhost:5173/src/app/components/AiExperience.tsx?t=1783436165338:599:3)
    at SceneRoom (http://localhost:5173/src/app/components/AiExperience.tsx?t=1783436165338:459:22)
    at div
    at section
    at JourneyStage (http://localhost:5173/src/app/components/AiExperience.tsx?t=1783436165338:410:15)
    at main
    at AiExperience (http://localhost:5173/src/app/components/AiExperience.tsx?t=1783436165338:388:3)
    at div
    at App (http://localhost:5173/src/app/App.tsx?t=1783434266461:34:30)

Consider adding an error boundary to your tree to customize error handling behavior.
Visit https://reactjs.org/link/error-boundaries to learn more about error boundaries. @ http://localhost:5173/node_modules/.vite/deps/chunk-YQ5BCTVV.js?v=5398434d:14079
[ 3642490ms] [ERROR] The above error occurred in the <CloneCell> component:

    at CloneCell (http://localhost:5173/src/app/components/AiExperience.tsx?t=1783436165338:1863:3)
    at div
    at CloneField (http://localhost:5173/src/app/components/AiExperience.tsx?t=1783436165338:1817:23)
    at div
    at MotionDOMComponent (http://localhost:5173/node_modules/.vite/deps/motion_react.js?v=bc1929d9:1184:40)
    at ToolsRoom (http://localhost:5173/src/app/components/AiExperience.tsx?t=1783436165338:599:3)
    at SceneRoom (http://localhost:5173/src/app/components/AiExperience.tsx?t=1783436165338:459:22)
    at div
    at section
    at JourneyStage (http://localhost:5173/src/app/components/AiExperience.tsx?t=1783436165338:410:15)
    at main
    at AiExperience (http://localhost:5173/src/app/components/AiExperience.tsx?t=1783436165338:388:3)
    at div
    at App (http://localhost:5173/src/app/App.tsx?t=1783434266461:34:30)

Consider adding an error boundary to your tree to customize error handling behavior.
Visit https://reactjs.org/link/error-boundaries to learn more about error boundaries. @ http://localhost:5173/node_modules/.vite/deps/chunk-YQ5BCTVV.js?v=5398434d:14079
[ 3642490ms] [ERROR] The above error occurred in the <CloneCell> component:

    at CloneCell (http://localhost:5173/src/app/components/AiExperience.tsx?t=1783436165338:1863:3)
    at div
    at CloneField (http://localhost:5173/src/app/components/AiExperience.tsx?t=1783436165338:1817:23)
    at div
    at MotionDOMComponent (http://localhost:5173/node_modules/.vite/deps/motion_react.js?v=bc1929d9:1184:40)
    at ToolsRoom (http://localhost:5173/src/app/components/AiExperience.tsx?t=1783436165338:599:3)
    at SceneRoom (http://localhost:5173/src/app/components/AiExperience.tsx?t=1783436165338:459:22)
    at div
    at section
    at JourneyStage (http://localhost:5173/src/app/components/AiExperience.tsx?t=1783436165338:410:15)
    at main
    at AiExperience (http://localhost:5173/src/app/components/AiExperience.tsx?t=1783436165338:388:3)
    at div
    at App (http://localhost:5173/src/app/App.tsx?t=1783434266461:34:30)

Consider adding an error boundary to your tree to customize error handling behavior.
Visit https://reactjs.org/link/error-boundaries to learn more about error boundaries. @ http://localhost:5173/node_modules/.vite/deps/chunk-YQ5BCTVV.js?v=5398434d:14079
[ 3642490ms] [ERROR] The above error occurred in the <CloneCell> component:

    at CloneCell (http://localhost:5173/src/app/components/AiExperience.tsx?t=1783436165338:1863:3)
    at div
    at CloneField (http://localhost:5173/src/app/components/AiExperience.tsx?t=1783436165338:1817:23)
    at div
    at MotionDOMComponent (http://localhost:5173/node_modules/.vite/deps/motion_react.js?v=bc1929d9:1184:40)
    at ToolsRoom (http://localhost:5173/src/app/components/AiExperience.tsx?t=1783436165338:599:3)
    at SceneRoom (http://localhost:5173/src/app/components/AiExperience.tsx?t=1783436165338:459:22)
    at div
    at section
    at JourneyStage (http://localhost:5173/src/app/components/AiExperience.tsx?t=1783436165338:410:15)
    at main
    at AiExperience (http://localhost:5173/src/app/components/AiExperience.tsx?t=1783436165338:388:3)
    at div
    at App (http://localhost:5173/src/app/App.tsx?t=1783434266461:34:30)

Consider adding an error boundary to your tree to customize error handling behavior.
Visit https://reactjs.org/link/error-boundaries to learn more about error boundaries. @ http://localhost:5173/node_modules/.vite/deps/chunk-YQ5BCTVV.js?v=5398434d:14079
[ 3642490ms] [ERROR] The above error occurred in the <CloneCell> component:

    at CloneCell (http://localhost:5173/src/app/components/AiExperience.tsx?t=1783436165338:1863:3)
    at div
    at CloneField (http://localhost:5173/src/app/components/AiExperience.tsx?t=1783436165338:1817:23)
    at div
    at MotionDOMComponent (http://localhost:5173/node_modules/.vite/deps/motion_react.js?v=bc1929d9:1184:40)
    at ToolsRoom (http://localhost:5173/src/app/components/AiExperience.tsx?t=1783436165338:599:3)
    at SceneRoom (http://localhost:5173/src/app/components/AiExperience.tsx?t=1783436165338:459:22)
    at div
    at section
    at JourneyStage (http://localhost:5173/src/app/components/AiExperience.tsx?t=1783436165338:410:15)
    at main
    at AiExperience (http://localhost:5173/src/app/components/AiExperience.tsx?t=1783436165338:388:3)
    at div
    at App (http://localhost:5173/src/app/App.tsx?t=1783434266461:34:30)

Consider adding an error boundary to your tree to customize error handling behavior.
Visit https://reactjs.org/link/error-boundaries to learn more about error boundaries. @ http://localhost:5173/node_modules/.vite/deps/chunk-YQ5BCTVV.js?v=5398434d:14079
[ 3642490ms] [ERROR] The above error occurred in the <CloneCell> component:

    at CloneCell (http://localhost:5173/src/app/components/AiExperience.tsx?t=1783436165338:1863:3)
    at div
    at CloneField (http://localhost:5173/src/app/components/AiExperience.tsx?t=1783436165338:1817:23)
    at div
    at MotionDOMComponent (http://localhost:5173/node_modules/.vite/deps/motion_react.js?v=bc1929d9:1184:40)
    at ToolsRoom (http://localhost:5173/src/app/components/AiExperience.tsx?t=1783436165338:599:3)
    at SceneRoom (http://localhost:5173/src/app/components/AiExperience.tsx?t=1783436165338:459:22)
    at div
    at section
    at JourneyStage (http://localhost:5173/src/app/components/AiExperience.tsx?t=1783436165338:410:15)
    at main
    at AiExperience (http://localhost:5173/src/app/components/AiExperience.tsx?t=1783436165338:388:3)
    at div
    at App (http://localhost:5173/src/app/App.tsx?t=1783434266461:34:30)

Consider adding an error boundary to your tree to customize error handling behavior.
Visit https://reactjs.org/link/error-boundaries to learn more about error boundaries. @ http://localhost:5173/node_modules/.vite/deps/chunk-YQ5BCTVV.js?v=5398434d:14079
[ 3642490ms] [ERROR] The above error occurred in the <CloneCell> component:

    at CloneCell (http://localhost:5173/src/app/components/AiExperience.tsx?t=1783436165338:1863:3)
    at div
    at CloneField (http://localhost:5173/src/app/components/AiExperience.tsx?t=1783436165338:1817:23)
    at div
    at MotionDOMComponent (http://localhost:5173/node_modules/.vite/deps/motion_react.js?v=bc1929d9:1184:40)
    at ToolsRoom (http://localhost:5173/src/app/components/AiExperience.tsx?t=1783436165338:599:3)
    at SceneRoom (http://localhost:5173/src/app/components/AiExperience.tsx?t=1783436165338:459:22)
    at div
    at section
    at JourneyStage (http://localhost:5173/src/app/components/AiExperience.tsx?t=1783436165338:410:15)
    at main
    at AiExperience (http://localhost:5173/src/app/components/AiExperience.tsx?t=1783436165338:388:3)
    at div
    at App (http://localhost:5173/src/app/App.tsx?t=1783434266461:34:30)

Consider adding an error boundary to your tree to customize error handling behavior.
Visit https://reactjs.org/link/error-boundaries to learn more about error boundaries. @ http://localhost:5173/node_modules/.vite/deps/chunk-YQ5BCTVV.js?v=5398434d:14079
[ 3642490ms] [ERROR] The above error occurred in the <CloneCell> component:

    at CloneCell (http://localhost:5173/src/app/components/AiExperience.tsx?t=1783436165338:1863:3)
    at div
    at CloneField (http://localhost:5173/src/app/components/AiExperience.tsx?t=1783436165338:1817:23)
    at div
    at MotionDOMComponent (http://localhost:5173/node_modules/.vite/deps/motion_react.js?v=bc1929d9:1184:40)
    at ToolsRoom (http://localhost:5173/src/app/components/AiExperience.tsx?t=1783436165338:599:3)
    at SceneRoom (http://localhost:5173/src/app/components/AiExperience.tsx?t=1783436165338:459:22)
    at div
    at section
    at JourneyStage (http://localhost:5173/src/app/components/AiExperience.tsx?t=1783436165338:410:15)
    at main
    at AiExperience (http://localhost:5173/src/app/components/AiExperience.tsx?t=1783436165338:388:3)
    at div
    at App (http://localhost:5173/src/app/App.tsx?t=1783434266461:34:30)

Consider adding an error boundary to your tree to customize error handling behavior.
Visit https://reactjs.org/link/error-boundaries to learn more about error boundaries. @ http://localhost:5173/node_modules/.vite/deps/chunk-YQ5BCTVV.js?v=5398434d:14079
[ 3642490ms] [ERROR] The above error occurred in the <CloneCell> component:

    at CloneCell (http://localhost:5173/src/app/components/AiExperience.tsx?t=1783436165338:1863:3)
    at div
    at CloneField (http://localhost:5173/src/app/components/AiExperience.tsx?t=1783436165338:1817:23)
    at div
    at MotionDOMComponent (http://localhost:5173/node_modules/.vite/deps/motion_react.js?v=bc1929d9:1184:40)
    at ToolsRoom (http://localhost:5173/src/app/components/AiExperience.tsx?t=1783436165338:599:3)
    at SceneRoom (http://localhost:5173/src/app/components/AiExperience.tsx?t=1783436165338:459:22)
    at div
    at section
    at JourneyStage (http://localhost:5173/src/app/components/AiExperience.tsx?t=1783436165338:410:15)
    at main
    at AiExperience (http://localhost:5173/src/app/components/AiExperience.tsx?t=1783436165338:388:3)
    at div
    at App (http://localhost:5173/src/app/App.tsx?t=1783434266461:34:30)

Consider adding an error boundary to your tree to customize error handling behavior.
Visit https://reactjs.org/link/error-boundaries to learn more about error boundaries. @ http://localhost:5173/node_modules/.vite/deps/chunk-YQ5BCTVV.js?v=5398434d:14079
[ 3642490ms] [ERROR] The above error occurred in the <CloneCell> component:

    at CloneCell (http://localhost:5173/src/app/components/AiExperience.tsx?t=1783436165338:1863:3)
    at div
    at CloneField (http://localhost:5173/src/app/components/AiExperience.tsx?t=1783436165338:1817:23)
    at div
    at MotionDOMComponent (http://localhost:5173/node_modules/.vite/deps/motion_react.js?v=bc1929d9:1184:40)
    at ToolsRoom (http://localhost:5173/src/app/components/AiExperience.tsx?t=1783436165338:599:3)
    at SceneRoom (http://localhost:5173/src/app/components/AiExperience.tsx?t=1783436165338:459:22)
    at div
    at section
    at JourneyStage (http://localhost:5173/src/app/components/AiExperience.tsx?t=1783436165338:410:15)
    at main
    at AiExperience (http://localhost:5173/src/app/components/AiExperience.tsx?t=1783436165338:388:3)
    at div
    at App (http://localhost:5173/src/app/App.tsx?t=1783434266461:34:30)

Consider adding an error boundary to your tree to customize error handling behavior.
Visit https://reactjs.org/link/error-boundaries to learn more about error boundaries. @ http://localhost:5173/node_modules/.vite/deps/chunk-YQ5BCTVV.js?v=5398434d:14079
[ 3642490ms] [ERROR] The above error occurred in the <CloneCell> component:

    at CloneCell (http://localhost:5173/src/app/components/AiExperience.tsx?t=1783436165338:1863:3)
    at div
    at CloneField (http://localhost:5173/src/app/components/AiExperience.tsx?t=1783436165338:1817:23)
    at div
    at MotionDOMComponent (http://localhost:5173/node_modules/.vite/deps/motion_react.js?v=bc1929d9:1184:40)
    at ToolsRoom (http://localhost:5173/src/app/components/AiExperience.tsx?t=1783436165338:599:3)
    at SceneRoom (http://localhost:5173/src/app/components/AiExperience.tsx?t=1783436165338:459:22)
    at div
    at section
    at JourneyStage (http://localhost:5173/src/app/components/AiExperience.tsx?t=1783436165338:410:15)
    at main
    at AiExperience (http://localhost:5173/src/app/components/AiExperience.tsx?t=1783436165338:388:3)
    at div
    at App (http://localhost:5173/src/app/App.tsx?t=1783434266461:34:30)

Consider adding an error boundary to your tree to customize error handling behavior.
Visit https://reactjs.org/link/error-boundaries to learn more about error boundaries. @ http://localhost:5173/node_modules/.vite/deps/chunk-YQ5BCTVV.js?v=5398434d:14079
[ 3642490ms] [ERROR] The above error occurred in the <CloneCell> component:

    at CloneCell (http://localhost:5173/src/app/components/AiExperience.tsx?t=1783436165338:1863:3)
    at div
    at CloneField (http://localhost:5173/src/app/components/AiExperience.tsx?t=1783436165338:1817:23)
    at div
    at MotionDOMComponent (http://localhost:5173/node_modules/.vite/deps/motion_react.js?v=bc1929d9:1184:40)
    at ToolsRoom (http://localhost:5173/src/app/components/AiExperience.tsx?t=1783436165338:599:3)
    at SceneRoom (http://localhost:5173/src/app/components/AiExperience.tsx?t=1783436165338:459:22)
    at div
    at section
    at JourneyStage (http://localhost:5173/src/app/components/AiExperience.tsx?t=1783436165338:410:15)
    at main
    at AiExperience (http://localhost:5173/src/app/components/AiExperience.tsx?t=1783436165338:388:3)
    at div
    at App (http://localhost:5173/src/app/App.tsx?t=1783434266461:34:30)

Consider adding an error boundary to your tree to customize error handling behavior.
Visit https://reactjs.org/link/error-boundaries to learn more about error boundaries. @ http://localhost:5173/node_modules/.vite/deps/chunk-YQ5BCTVV.js?v=5398434d:14079
[ 3642490ms] [ERROR] The above error occurred in the <CloneCell> component:

    at CloneCell (http://localhost:5173/src/app/components/AiExperience.tsx?t=1783436165338:1863:3)
    at div
    at CloneField (http://localhost:5173/src/app/components/AiExperience.tsx?t=1783436165338:1817:23)
    at div
    at MotionDOMComponent (http://localhost:5173/node_modules/.vite/deps/motion_react.js?v=bc1929d9:1184:40)
    at ToolsRoom (http://localhost:5173/src/app/components/AiExperience.tsx?t=1783436165338:599:3)
    at SceneRoom (http://localhost:5173/src/app/components/AiExperience.tsx?t=1783436165338:459:22)
    at div
    at section
    at JourneyStage (http://localhost:5173/src/app/components/AiExperience.tsx?t=1783436165338:410:15)
    at main
    at AiExperience (http://localhost:5173/src/app/components/AiExperience.tsx?t=1783436165338:388:3)
    at div
    at App (http://localhost:5173/src/app/App.tsx?t=1783434266461:34:30)

Consider adding an error boundary to your tree to customize error handling behavior.
Visit https://reactjs.org/link/error-boundaries to learn more about error boundaries. @ http://localhost:5173/node_modules/.vite/deps/chunk-YQ5BCTVV.js?v=5398434d:14079
[ 3642490ms] [ERROR] The above error occurred in the <CloneCell> component:

    at CloneCell (http://localhost:5173/src/app/components/AiExperience.tsx?t=1783436165338:1863:3)
    at div
    at CloneField (http://localhost:5173/src/app/components/AiExperience.tsx?t=1783436165338:1817:23)
    at div
    at MotionDOMComponent (http://localhost:5173/node_modules/.vite/deps/motion_react.js?v=bc1929d9:1184:40)
    at ToolsRoom (http://localhost:5173/src/app/components/AiExperience.tsx?t=1783436165338:599:3)
    at SceneRoom (http://localhost:5173/src/app/components/AiExperience.tsx?t=1783436165338:459:22)
    at div
    at section
    at JourneyStage (http://localhost:5173/src/app/components/AiExperience.tsx?t=1783436165338:410:15)
    at main
    at AiExperience (http://localhost:5173/src/app/components/AiExperience.tsx?t=1783436165338:388:3)
    at div
    at App (http://localhost:5173/src/app/App.tsx?t=1783434266461:34:30)

Consider adding an error boundary to your tree to customize error handling behavior.
Visit https://reactjs.org/link/error-boundaries to learn more about error boundaries. @ http://localhost:5173/node_modules/.vite/deps/chunk-YQ5BCTVV.js?v=5398434d:14079
[ 3642490ms] [ERROR] The above error occurred in the <CloneCell> component:

    at CloneCell (http://localhost:5173/src/app/components/AiExperience.tsx?t=1783436165338:1863:3)
    at div
    at CloneField (http://localhost:5173/src/app/components/AiExperience.tsx?t=1783436165338:1817:23)
    at div
    at MotionDOMComponent (http://localhost:5173/node_modules/.vite/deps/motion_react.js?v=bc1929d9:1184:40)
    at ToolsRoom (http://localhost:5173/src/app/components/AiExperience.tsx?t=1783436165338:599:3)
    at SceneRoom (http://localhost:5173/src/app/components/AiExperience.tsx?t=1783436165338:459:22)
    at div
    at section
    at JourneyStage (http://localhost:5173/src/app/components/AiExperience.tsx?t=1783436165338:410:15)
    at main
    at AiExperience (http://localhost:5173/src/app/components/AiExperience.tsx?t=1783436165338:388:3)
    at div
    at App (http://localhost:5173/src/app/App.tsx?t=1783434266461:34:30)

Consider adding an error boundary to your tree to customize error handling behavior.
Visit https://reactjs.org/link/error-boundaries to learn more about error boundaries. @ http://localhost:5173/node_modules/.vite/deps/chunk-YQ5BCTVV.js?v=5398434d:14079
[ 3642490ms] [ERROR] The above error occurred in the <CloneCell> component:

    at CloneCell (http://localhost:5173/src/app/components/AiExperience.tsx?t=1783436165338:1863:3)
    at div
    at CloneField (http://localhost:5173/src/app/components/AiExperience.tsx?t=1783436165338:1817:23)
    at div
    at MotionDOMComponent (http://localhost:5173/node_modules/.vite/deps/motion_react.js?v=bc1929d9:1184:40)
    at ToolsRoom (http://localhost:5173/src/app/components/AiExperience.tsx?t=1783436165338:599:3)
    at SceneRoom (http://localhost:5173/src/app/components/AiExperience.tsx?t=1783436165338:459:22)
    at div
    at section
    at JourneyStage (http://localhost:5173/src/app/components/AiExperience.tsx?t=1783436165338:410:15)
    at main
    at AiExperience (http://localhost:5173/src/app/components/AiExperience.tsx?t=1783436165338:388:3)
    at div
    at App (http://localhost:5173/src/app/App.tsx?t=1783434266461:34:30)

Consider adding an error boundary to your tree to customize error handling behavior.
Visit https://reactjs.org/link/error-boundaries to learn more about error boundaries. @ http://localhost:5173/node_modules/.vite/deps/chunk-YQ5BCTVV.js?v=5398434d:14079
[ 3642490ms] [ERROR] The above error occurred in the <CloneCell> component:

    at CloneCell (http://localhost:5173/src/app/components/AiExperience.tsx?t=1783436165338:1863:3)
    at div
    at CloneField (http://localhost:5173/src/app/components/AiExperience.tsx?t=1783436165338:1817:23)
    at div
    at MotionDOMComponent (http://localhost:5173/node_modules/.vite/deps/motion_react.js?v=bc1929d9:1184:40)
    at ToolsRoom (http://localhost:5173/src/app/components/AiExperience.tsx?t=1783436165338:599:3)
    at SceneRoom (http://localhost:5173/src/app/components/AiExperience.tsx?t=1783436165338:459:22)
    at div
    at section
    at JourneyStage (http://localhost:5173/src/app/components/AiExperience.tsx?t=1783436165338:410:15)
    at main
    at AiExperience (http://localhost:5173/src/app/components/AiExperience.tsx?t=1783436165338:388:3)
    at div
    at App (http://localhost:5173/src/app/App.tsx?t=1783434266461:34:30)

Consider adding an error boundary to your tree to customize error handling behavior.
Visit https://reactjs.org/link/error-boundaries to learn more about error boundaries. @ http://localhost:5173/node_modules/.vite/deps/chunk-YQ5BCTVV.js?v=5398434d:14079
[ 3642490ms] [ERROR] The above error occurred in the <CloneCell> component:

    at CloneCell (http://localhost:5173/src/app/components/AiExperience.tsx?t=1783436165338:1863:3)
    at div
    at CloneField (http://localhost:5173/src/app/components/AiExperience.tsx?t=1783436165338:1817:23)
    at div
    at MotionDOMComponent (http://localhost:5173/node_modules/.vite/deps/motion_react.js?v=bc1929d9:1184:40)
    at ToolsRoom (http://localhost:5173/src/app/components/AiExperience.tsx?t=1783436165338:599:3)
    at SceneRoom (http://localhost:5173/src/app/components/AiExperience.tsx?t=1783436165338:459:22)
    at div
    at section
    at JourneyStage (http://localhost:5173/src/app/components/AiExperience.tsx?t=1783436165338:410:15)
    at main
    at AiExperience (http://localhost:5173/src/app/components/AiExperience.tsx?t=1783436165338:388:3)
    at div
    at App (http://localhost:5173/src/app/App.tsx?t=1783434266461:34:30)

Consider adding an error boundary to your tree to customize error handling behavior.
Visit https://reactjs.org/link/error-boundaries to learn more about error boundaries. @ http://localhost:5173/node_modules/.vite/deps/chunk-YQ5BCTVV.js?v=5398434d:14079
[ 3642490ms] [ERROR] The above error occurred in the <CloneCell> component:

    at CloneCell (http://localhost:5173/src/app/components/AiExperience.tsx?t=1783436165338:1863:3)
    at div
    at CloneField (http://localhost:5173/src/app/components/AiExperience.tsx?t=1783436165338:1817:23)
    at div
    at MotionDOMComponent (http://localhost:5173/node_modules/.vite/deps/motion_react.js?v=bc1929d9:1184:40)
    at ToolsRoom (http://localhost:5173/src/app/components/AiExperience.tsx?t=1783436165338:599:3)
    at SceneRoom (http://localhost:5173/src/app/components/AiExperience.tsx?t=1783436165338:459:22)
    at div
    at section
    at JourneyStage (http://localhost:5173/src/app/components/AiExperience.tsx?t=1783436165338:410:15)
    at main
    at AiExperience (http://localhost:5173/src/app/components/AiExperience.tsx?t=1783436165338:388:3)
    at div
    at App (http://localhost:5173/src/app/App.tsx?t=1783434266461:34:30)

Consider adding an error boundary to your tree to customize error handling behavior.
Visit https://reactjs.org/link/error-boundaries to learn more about error boundaries. @ http://localhost:5173/node_modules/.vite/deps/chunk-YQ5BCTVV.js?v=5398434d:14079
[ 3642493ms] ReferenceError: CLONE_SQ is not defined
    at CloneCell (http://localhost:5173/src/app/components/AiExperience.tsx?t=1783436165338:1905:19)
    at renderWithHooks (http://localhost:5173/node_modules/.vite/deps/chunk-YQ5BCTVV.js?v=5398434d:11596:26)
    at updateFunctionComponent (http://localhost:5173/node_modules/.vite/deps/chunk-YQ5BCTVV.js?v=5398434d:14630:28)
    at beginWork (http://localhost:5173/node_modules/.vite/deps/chunk-YQ5BCTVV.js?v=5398434d:15972:22)
    at beginWork$1 (http://localhost:5173/node_modules/.vite/deps/chunk-YQ5BCTVV.js?v=5398434d:19806:22)
    at performUnitOfWork (http://localhost:5173/node_modules/.vite/deps/chunk-YQ5BCTVV.js?v=5398434d:19251:20)
    at workLoopSync (http://localhost:5173/node_modules/.vite/deps/chunk-YQ5BCTVV.js?v=5398434d:19190:13)
    at renderRootSync (http://localhost:5173/node_modules/.vite/deps/chunk-YQ5BCTVV.js?v=5398434d:19169:15)
    at recoverFromConcurrentError (http://localhost:5173/node_modules/.vite/deps/chunk-YQ5BCTVV.js?v=5398434d:18786:28)
    at performSyncWorkOnRoot (http://localhost:5173/node_modules/.vite/deps/chunk-YQ5BCTVV.js?v=5398434d:18932:28)
[ 3694926ms] [INFO] %cDownload the React DevTools for a better development experience: https://reactjs.org/link/react-devtools font-weight:bold @ http://localhost:5173/node_modules/.vite/deps/chunk-YQ5BCTVV.js?v=5398434d:21608
[ 3695263ms] [WARNING] Please ensure that the container has a non-static position, like 'relative', 'fixed', or 'absolute' to ensure scroll offset is calculated correctly. @ http://localhost:5173/node_modules/.vite/deps/chunk-JA7CUYV3.js?v=5398434d:139
[ 4301330ms] [INFO] %cDownload the React DevTools for a better development experience: https://reactjs.org/link/react-devtools font-weight:bold @ http://localhost:5173/node_modules/.vite/deps/chunk-YQ5BCTVV.js?v=5398434d:21608
[ 4301671ms] [WARNING] Please ensure that the container has a non-static position, like 'relative', 'fixed', or 'absolute' to ensure scroll offset is calculated correctly. @ http://localhost:5173/node_modules/.vite/deps/chunk-JA7CUYV3.js?v=5398434d:139
[ 5088653ms] [INFO] %cDownload the React DevTools for a better development experience: https://reactjs.org/link/react-devtools font-weight:bold @ http://localhost:5173/node_modules/.vite/deps/chunk-YQ5BCTVV.js?v=5398434d:21608
[ 5088990ms] [WARNING] Please ensure that the container has a non-static position, like 'relative', 'fixed', or 'absolute' to ensure scroll offset is calculated correctly. @ http://localhost:5173/node_modules/.vite/deps/chunk-JA7CUYV3.js?v=5398434d:139
[ 5855840ms] [INFO] %cDownload the React DevTools for a better development experience: https://reactjs.org/link/react-devtools font-weight:bold @ http://localhost:5173/node_modules/.vite/deps/chunk-YQ5BCTVV.js?v=5398434d:21608
[ 5856175ms] [WARNING] Please ensure that the container has a non-static position, like 'relative', 'fixed', or 'absolute' to ensure scroll offset is calculated correctly. @ http://localhost:5173/node_modules/.vite/deps/chunk-JA7CUYV3.js?v=5398434d:139
[ 6625131ms] [INFO] %cDownload the React DevTools for a better development experience: https://reactjs.org/link/react-devtools font-weight:bold @ http://localhost:5173/node_modules/.vite/deps/chunk-YQ5BCTVV.js?v=5398434d:21608
[ 6625465ms] [WARNING] Please ensure that the container has a non-static position, like 'relative', 'fixed', or 'absolute' to ensure scroll offset is calculated correctly. @ http://localhost:5173/node_modules/.vite/deps/chunk-JA7CUYV3.js?v=5398434d:139
[ 7675575ms] ReferenceError: AuditorToPipelineWave is not defined
    at SceneRoom (http://localhost:5173/src/app/components/AiExperience.tsx?t=1783440198471:564:54)
    at renderWithHooks (http://localhost:5173/node_modules/.vite/deps/chunk-YQ5BCTVV.js?v=5398434d:11596:26)
    at updateFunctionComponent (http://localhost:5173/node_modules/.vite/deps/chunk-YQ5BCTVV.js?v=5398434d:14630:28)
    at beginWork (http://localhost:5173/node_modules/.vite/deps/chunk-YQ5BCTVV.js?v=5398434d:15972:22)
    at HTMLUnknownElement.callCallback2 (http://localhost:5173/node_modules/.vite/deps/chunk-YQ5BCTVV.js?v=5398434d:3680:22)
    at Object.invokeGuardedCallbackDev (http://localhost:5173/node_modules/.vite/deps/chunk-YQ5BCTVV.js?v=5398434d:3705:24)
    at invokeGuardedCallback (http://localhost:5173/node_modules/.vite/deps/chunk-YQ5BCTVV.js?v=5398434d:3739:39)
    at beginWork$1 (http://localhost:5173/node_modules/.vite/deps/chunk-YQ5BCTVV.js?v=5398434d:19818:15)
    at performUnitOfWork (http://localhost:5173/node_modules/.vite/deps/chunk-YQ5BCTVV.js?v=5398434d:19251:20)
    at workLoopSync (http://localhost:5173/node_modules/.vite/deps/chunk-YQ5BCTVV.js?v=5398434d:19190:13)
[ 7675582ms] ReferenceError: AuditorToPipelineWave is not defined
    at SceneRoom (http://localhost:5173/src/app/components/AiExperience.tsx?t=1783440198471:564:54)
    at renderWithHooks (http://localhost:5173/node_modules/.vite/deps/chunk-YQ5BCTVV.js?v=5398434d:11596:26)
    at updateFunctionComponent (http://localhost:5173/node_modules/.vite/deps/chunk-YQ5BCTVV.js?v=5398434d:14630:28)
    at beginWork (http://localhost:5173/node_modules/.vite/deps/chunk-YQ5BCTVV.js?v=5398434d:15972:22)
    at HTMLUnknownElement.callCallback2 (http://localhost:5173/node_modules/.vite/deps/chunk-YQ5BCTVV.js?v=5398434d:3680:22)
    at Object.invokeGuardedCallbackDev (http://localhost:5173/node_modules/.vite/deps/chunk-YQ5BCTVV.js?v=5398434d:3705:24)
    at invokeGuardedCallback (http://localhost:5173/node_modules/.vite/deps/chunk-YQ5BCTVV.js?v=5398434d:3739:39)
    at beginWork$1 (http://localhost:5173/node_modules/.vite/deps/chunk-YQ5BCTVV.js?v=5398434d:19818:15)
    at performUnitOfWork (http://localhost:5173/node_modules/.vite/deps/chunk-YQ5BCTVV.js?v=5398434d:19251:20)
    at workLoopSync (http://localhost:5173/node_modules/.vite/deps/chunk-YQ5BCTVV.js?v=5398434d:19190:13)
[ 7675586ms] [ERROR] The above error occurred in the <SceneRoom> component:

    at SceneRoom (http://localhost:5173/src/app/components/AiExperience.tsx?t=1783440198471:492:22)
    at div
    at section
    at JourneyStage (http://localhost:5173/src/app/components/AiExperience.tsx?t=1783440198471:448:15)
    at main
    at AiExperience (http://localhost:5173/src/app/components/AiExperience.tsx?t=1783440198471:426:3)
    at div
    at App (http://localhost:5173/src/app/App.tsx?t=1783439122781:34:30)

Consider adding an error boundary to your tree to customize error handling behavior.
Visit https://reactjs.org/link/error-boundaries to learn more about error boundaries. @ http://localhost:5173/node_modules/.vite/deps/chunk-YQ5BCTVV.js?v=5398434d:14079
[ 7675587ms] ReferenceError: AuditorToPipelineWave is not defined
    at SceneRoom (http://localhost:5173/src/app/components/AiExperience.tsx?t=1783440198471:564:54)
    at renderWithHooks (http://localhost:5173/node_modules/.vite/deps/chunk-YQ5BCTVV.js?v=5398434d:11596:26)
    at updateFunctionComponent (http://localhost:5173/node_modules/.vite/deps/chunk-YQ5BCTVV.js?v=5398434d:14630:28)
    at beginWork (http://localhost:5173/node_modules/.vite/deps/chunk-YQ5BCTVV.js?v=5398434d:15972:22)
    at beginWork$1 (http://localhost:5173/node_modules/.vite/deps/chunk-YQ5BCTVV.js?v=5398434d:19806:22)
    at performUnitOfWork (http://localhost:5173/node_modules/.vite/deps/chunk-YQ5BCTVV.js?v=5398434d:19251:20)
    at workLoopSync (http://localhost:5173/node_modules/.vite/deps/chunk-YQ5BCTVV.js?v=5398434d:19190:13)
    at renderRootSync (http://localhost:5173/node_modules/.vite/deps/chunk-YQ5BCTVV.js?v=5398434d:19169:15)
    at recoverFromConcurrentError (http://localhost:5173/node_modules/.vite/deps/chunk-YQ5BCTVV.js?v=5398434d:18786:28)
    at performSyncWorkOnRoot (http://localhost:5173/node_modules/.vite/deps/chunk-YQ5BCTVV.js?v=5398434d:18932:28)
