[     101ms] [INFO] %cDownload the React DevTools for a better development experience: https://reactjs.org/link/react-devtools font-weight:bold @ http://localhost:5173/node_modules/.vite/deps/chunk-YQ5BCTVV.js?v=5398434d:21608
[     269ms] [WARNING] Please ensure that the container has a non-static position, like 'relative', 'fixed', or 'absolute' to ensure scroll offset is calculated correctly. @ http://localhost:5173/node_modules/.vite/deps/chunk-JA7CUYV3.js?v=5398434d:139
[     308ms] [ERROR] Failed to load resource: the server responded with a status of 404 (Not Found) @ http://localhost:5173/favicon.ico:0
[  776028ms] ReferenceError: dieOpacity is not defined
    at RollingDie (http://localhost:5173/src/app/components/AiExperience.tsx?t=1783257940630:1063:107)
    at renderWithHooks (http://localhost:5173/node_modules/.vite/deps/chunk-YQ5BCTVV.js?v=5398434d:11596:26)
    at updateFunctionComponent (http://localhost:5173/node_modules/.vite/deps/chunk-YQ5BCTVV.js?v=5398434d:14630:28)
    at beginWork (http://localhost:5173/node_modules/.vite/deps/chunk-YQ5BCTVV.js?v=5398434d:15972:22)
    at HTMLUnknownElement.callCallback2 (http://localhost:5173/node_modules/.vite/deps/chunk-YQ5BCTVV.js?v=5398434d:3680:22)
    at Object.invokeGuardedCallbackDev (http://localhost:5173/node_modules/.vite/deps/chunk-YQ5BCTVV.js?v=5398434d:3705:24)
    at invokeGuardedCallback (http://localhost:5173/node_modules/.vite/deps/chunk-YQ5BCTVV.js?v=5398434d:3739:39)
    at beginWork$1 (http://localhost:5173/node_modules/.vite/deps/chunk-YQ5BCTVV.js?v=5398434d:19818:15)
    at performUnitOfWork (http://localhost:5173/node_modules/.vite/deps/chunk-YQ5BCTVV.js?v=5398434d:19251:20)
    at workLoopSync (http://localhost:5173/node_modules/.vite/deps/chunk-YQ5BCTVV.js?v=5398434d:19190:13)
[  776033ms] ReferenceError: dieOpacity is not defined
    at RollingDie (http://localhost:5173/src/app/components/AiExperience.tsx?t=1783257940630:1063:107)
    at renderWithHooks (http://localhost:5173/node_modules/.vite/deps/chunk-YQ5BCTVV.js?v=5398434d:11596:26)
    at updateFunctionComponent (http://localhost:5173/node_modules/.vite/deps/chunk-YQ5BCTVV.js?v=5398434d:14630:28)
    at beginWork (http://localhost:5173/node_modules/.vite/deps/chunk-YQ5BCTVV.js?v=5398434d:15972:22)
    at HTMLUnknownElement.callCallback2 (http://localhost:5173/node_modules/.vite/deps/chunk-YQ5BCTVV.js?v=5398434d:3680:22)
    at Object.invokeGuardedCallbackDev (http://localhost:5173/node_modules/.vite/deps/chunk-YQ5BCTVV.js?v=5398434d:3705:24)
    at invokeGuardedCallback (http://localhost:5173/node_modules/.vite/deps/chunk-YQ5BCTVV.js?v=5398434d:3739:39)
    at beginWork$1 (http://localhost:5173/node_modules/.vite/deps/chunk-YQ5BCTVV.js?v=5398434d:19818:15)
    at performUnitOfWork (http://localhost:5173/node_modules/.vite/deps/chunk-YQ5BCTVV.js?v=5398434d:19251:20)
    at workLoopSync (http://localhost:5173/node_modules/.vite/deps/chunk-YQ5BCTVV.js?v=5398434d:19190:13)
[  776034ms] [ERROR] The above error occurred in the <RollingDie> component:

    at RollingDie (http://localhost:5173/src/app/components/AiExperience.tsx?t=1783257940630:915:23)
    at div
    at section
    at JourneyStage (http://localhost:5173/src/app/components/AiExperience.tsx?t=1783257940630:306:15)
    at main
    at AiExperience (http://localhost:5173/src/app/components/AiExperience.tsx?t=1783257940630:284:3)
    at div
    at App (http://localhost:5173/src/app/App.tsx?t=1783257036827:34:30)

Consider adding an error boundary to your tree to customize error handling behavior.
Visit https://reactjs.org/link/error-boundaries to learn more about error boundaries. @ http://localhost:5173/node_modules/.vite/deps/chunk-YQ5BCTVV.js?v=5398434d:14079
[  776035ms] ReferenceError: dieOpacity is not defined
    at RollingDie (http://localhost:5173/src/app/components/AiExperience.tsx?t=1783257940630:1063:107)
    at renderWithHooks (http://localhost:5173/node_modules/.vite/deps/chunk-YQ5BCTVV.js?v=5398434d:11596:26)
    at updateFunctionComponent (http://localhost:5173/node_modules/.vite/deps/chunk-YQ5BCTVV.js?v=5398434d:14630:28)
    at beginWork (http://localhost:5173/node_modules/.vite/deps/chunk-YQ5BCTVV.js?v=5398434d:15972:22)
    at beginWork$1 (http://localhost:5173/node_modules/.vite/deps/chunk-YQ5BCTVV.js?v=5398434d:19806:22)
    at performUnitOfWork (http://localhost:5173/node_modules/.vite/deps/chunk-YQ5BCTVV.js?v=5398434d:19251:20)
    at workLoopSync (http://localhost:5173/node_modules/.vite/deps/chunk-YQ5BCTVV.js?v=5398434d:19190:13)
    at renderRootSync (http://localhost:5173/node_modules/.vite/deps/chunk-YQ5BCTVV.js?v=5398434d:19169:15)
    at recoverFromConcurrentError (http://localhost:5173/node_modules/.vite/deps/chunk-YQ5BCTVV.js?v=5398434d:18786:28)
    at performSyncWorkOnRoot (http://localhost:5173/node_modules/.vite/deps/chunk-YQ5BCTVV.js?v=5398434d:18932:28)
[  879570ms] [INFO] %cDownload the React DevTools for a better development experience: https://reactjs.org/link/react-devtools font-weight:bold @ http://localhost:5173/node_modules/.vite/deps/chunk-YQ5BCTVV.js?v=5398434d:21608
[  879689ms] [WARNING] Please ensure that the container has a non-static position, like 'relative', 'fixed', or 'absolute' to ensure scroll offset is calculated correctly. @ http://localhost:5173/node_modules/.vite/deps/chunk-JA7CUYV3.js?v=5398434d:139
[ 1890620ms] TypeError: Cannot read properties of undefined (reading 'flyExit')
    at exitBeat (http://localhost:5173/src/app/components/AiExperience.tsx?t=1783259055169:493:13)
    at HeadPart (http://localhost:5173/src/app/components/AiExperience.tsx?t=1783259055169:513:16)
    at renderWithHooks (http://localhost:5173/node_modules/.vite/deps/chunk-YQ5BCTVV.js?v=5398434d:11596:26)
    at updateFunctionComponent (http://localhost:5173/node_modules/.vite/deps/chunk-YQ5BCTVV.js?v=5398434d:14630:28)
    at beginWork (http://localhost:5173/node_modules/.vite/deps/chunk-YQ5BCTVV.js?v=5398434d:15972:22)
    at HTMLUnknownElement.callCallback2 (http://localhost:5173/node_modules/.vite/deps/chunk-YQ5BCTVV.js?v=5398434d:3680:22)
    at Object.invokeGuardedCallbackDev (http://localhost:5173/node_modules/.vite/deps/chunk-YQ5BCTVV.js?v=5398434d:3705:24)
    at invokeGuardedCallback (http://localhost:5173/node_modules/.vite/deps/chunk-YQ5BCTVV.js?v=5398434d:3739:39)
    at beginWork$1 (http://localhost:5173/node_modules/.vite/deps/chunk-YQ5BCTVV.js?v=5398434d:19818:15)
    at performUnitOfWork (http://localhost:5173/node_modules/.vite/deps/chunk-YQ5BCTVV.js?v=5398434d:19251:20)
[ 1890621ms] TypeError: Cannot read properties of undefined (reading 'flyExit')
    at exitBeat (http://localhost:5173/src/app/components/AiExperience.tsx?t=1783259055169:493:13)
    at HeadPart (http://localhost:5173/src/app/components/AiExperience.tsx?t=1783259055169:513:16)
    at renderWithHooks (http://localhost:5173/node_modules/.vite/deps/chunk-YQ5BCTVV.js?v=5398434d:11596:26)
    at updateFunctionComponent (http://localhost:5173/node_modules/.vite/deps/chunk-YQ5BCTVV.js?v=5398434d:14630:28)
    at beginWork (http://localhost:5173/node_modules/.vite/deps/chunk-YQ5BCTVV.js?v=5398434d:15972:22)
    at HTMLUnknownElement.callCallback2 (http://localhost:5173/node_modules/.vite/deps/chunk-YQ5BCTVV.js?v=5398434d:3680:22)
    at Object.invokeGuardedCallbackDev (http://localhost:5173/node_modules/.vite/deps/chunk-YQ5BCTVV.js?v=5398434d:3705:24)
    at invokeGuardedCallback (http://localhost:5173/node_modules/.vite/deps/chunk-YQ5BCTVV.js?v=5398434d:3739:39)
    at beginWork$1 (http://localhost:5173/node_modules/.vite/deps/chunk-YQ5BCTVV.js?v=5398434d:19818:15)
    at performUnitOfWork (http://localhost:5173/node_modules/.vite/deps/chunk-YQ5BCTVV.js?v=5398434d:19251:20)
[ 1890622ms] TypeError: Cannot read properties of undefined (reading 'flyExit')
    at exitBeat (http://localhost:5173/src/app/components/AiExperience.tsx?t=1783259055169:493:13)
    at HeadPart (http://localhost:5173/src/app/components/AiExperience.tsx?t=1783259055169:513:16)
    at renderWithHooks (http://localhost:5173/node_modules/.vite/deps/chunk-YQ5BCTVV.js?v=5398434d:11596:26)
    at updateFunctionComponent (http://localhost:5173/node_modules/.vite/deps/chunk-YQ5BCTVV.js?v=5398434d:14630:28)
    at beginWork (http://localhost:5173/node_modules/.vite/deps/chunk-YQ5BCTVV.js?v=5398434d:15972:22)
    at HTMLUnknownElement.callCallback2 (http://localhost:5173/node_modules/.vite/deps/chunk-YQ5BCTVV.js?v=5398434d:3680:22)
    at Object.invokeGuardedCallbackDev (http://localhost:5173/node_modules/.vite/deps/chunk-YQ5BCTVV.js?v=5398434d:3705:24)
    at invokeGuardedCallback (http://localhost:5173/node_modules/.vite/deps/chunk-YQ5BCTVV.js?v=5398434d:3739:39)
    at beginWork$1 (http://localhost:5173/node_modules/.vite/deps/chunk-YQ5BCTVV.js?v=5398434d:19818:15)
    at performUnitOfWork (http://localhost:5173/node_modules/.vite/deps/chunk-YQ5BCTVV.js?v=5398434d:19251:20)
[ 1890622ms] TypeError: Cannot read properties of undefined (reading 'flyExit')
    at exitBeat (http://localhost:5173/src/app/components/AiExperience.tsx?t=1783259055169:493:13)
    at HeadPart (http://localhost:5173/src/app/components/AiExperience.tsx?t=1783259055169:513:16)
    at renderWithHooks (http://localhost:5173/node_modules/.vite/deps/chunk-YQ5BCTVV.js?v=5398434d:11596:26)
    at updateFunctionComponent (http://localhost:5173/node_modules/.vite/deps/chunk-YQ5BCTVV.js?v=5398434d:14630:28)
    at beginWork (http://localhost:5173/node_modules/.vite/deps/chunk-YQ5BCTVV.js?v=5398434d:15972:22)
    at HTMLUnknownElement.callCallback2 (http://localhost:5173/node_modules/.vite/deps/chunk-YQ5BCTVV.js?v=5398434d:3680:22)
    at Object.invokeGuardedCallbackDev (http://localhost:5173/node_modules/.vite/deps/chunk-YQ5BCTVV.js?v=5398434d:3705:24)
    at invokeGuardedCallback (http://localhost:5173/node_modules/.vite/deps/chunk-YQ5BCTVV.js?v=5398434d:3739:39)
    at beginWork$1 (http://localhost:5173/node_modules/.vite/deps/chunk-YQ5BCTVV.js?v=5398434d:19818:15)
    at performUnitOfWork (http://localhost:5173/node_modules/.vite/deps/chunk-YQ5BCTVV.js?v=5398434d:19251:20)
[ 1890623ms] TypeError: Cannot read properties of undefined (reading 'flyExit')
    at exitBeat (http://localhost:5173/src/app/components/AiExperience.tsx?t=1783259055169:493:13)
    at HeadPart (http://localhost:5173/src/app/components/AiExperience.tsx?t=1783259055169:513:16)
    at renderWithHooks (http://localhost:5173/node_modules/.vite/deps/chunk-YQ5BCTVV.js?v=5398434d:11596:26)
    at updateFunctionComponent (http://localhost:5173/node_modules/.vite/deps/chunk-YQ5BCTVV.js?v=5398434d:14630:28)
    at beginWork (http://localhost:5173/node_modules/.vite/deps/chunk-YQ5BCTVV.js?v=5398434d:15972:22)
    at HTMLUnknownElement.callCallback2 (http://localhost:5173/node_modules/.vite/deps/chunk-YQ5BCTVV.js?v=5398434d:3680:22)
    at Object.invokeGuardedCallbackDev (http://localhost:5173/node_modules/.vite/deps/chunk-YQ5BCTVV.js?v=5398434d:3705:24)
    at invokeGuardedCallback (http://localhost:5173/node_modules/.vite/deps/chunk-YQ5BCTVV.js?v=5398434d:3739:39)
    at beginWork$1 (http://localhost:5173/node_modules/.vite/deps/chunk-YQ5BCTVV.js?v=5398434d:19818:15)
    at performUnitOfWork (http://localhost:5173/node_modules/.vite/deps/chunk-YQ5BCTVV.js?v=5398434d:19251:20)
[ 1890623ms] TypeError: Cannot read properties of undefined (reading 'flyExit')
    at exitBeat (http://localhost:5173/src/app/components/AiExperience.tsx?t=1783259055169:493:13)
    at HeadPart (http://localhost:5173/src/app/components/AiExperience.tsx?t=1783259055169:513:16)
    at renderWithHooks (http://localhost:5173/node_modules/.vite/deps/chunk-YQ5BCTVV.js?v=5398434d:11596:26)
    at updateFunctionComponent (http://localhost:5173/node_modules/.vite/deps/chunk-YQ5BCTVV.js?v=5398434d:14630:28)
    at beginWork (http://localhost:5173/node_modules/.vite/deps/chunk-YQ5BCTVV.js?v=5398434d:15972:22)
    at HTMLUnknownElement.callCallback2 (http://localhost:5173/node_modules/.vite/deps/chunk-YQ5BCTVV.js?v=5398434d:3680:22)
    at Object.invokeGuardedCallbackDev (http://localhost:5173/node_modules/.vite/deps/chunk-YQ5BCTVV.js?v=5398434d:3705:24)
    at invokeGuardedCallback (http://localhost:5173/node_modules/.vite/deps/chunk-YQ5BCTVV.js?v=5398434d:3739:39)
    at beginWork$1 (http://localhost:5173/node_modules/.vite/deps/chunk-YQ5BCTVV.js?v=5398434d:19818:15)
    at performUnitOfWork (http://localhost:5173/node_modules/.vite/deps/chunk-YQ5BCTVV.js?v=5398434d:19251:20)
[ 1890623ms] TypeError: Cannot read properties of undefined (reading 'flyExit')
    at exitBeat (http://localhost:5173/src/app/components/AiExperience.tsx?t=1783259055169:493:13)
    at HeadPart (http://localhost:5173/src/app/components/AiExperience.tsx?t=1783259055169:513:16)
    at renderWithHooks (http://localhost:5173/node_modules/.vite/deps/chunk-YQ5BCTVV.js?v=5398434d:11596:26)
    at updateFunctionComponent (http://localhost:5173/node_modules/.vite/deps/chunk-YQ5BCTVV.js?v=5398434d:14630:28)
    at beginWork (http://localhost:5173/node_modules/.vite/deps/chunk-YQ5BCTVV.js?v=5398434d:15972:22)
    at HTMLUnknownElement.callCallback2 (http://localhost:5173/node_modules/.vite/deps/chunk-YQ5BCTVV.js?v=5398434d:3680:22)
    at Object.invokeGuardedCallbackDev (http://localhost:5173/node_modules/.vite/deps/chunk-YQ5BCTVV.js?v=5398434d:3705:24)
    at invokeGuardedCallback (http://localhost:5173/node_modules/.vite/deps/chunk-YQ5BCTVV.js?v=5398434d:3739:39)
    at beginWork$1 (http://localhost:5173/node_modules/.vite/deps/chunk-YQ5BCTVV.js?v=5398434d:19818:15)
    at performUnitOfWork (http://localhost:5173/node_modules/.vite/deps/chunk-YQ5BCTVV.js?v=5398434d:19251:20)
[ 1890623ms] TypeError: Cannot read properties of undefined (reading 'flyExit')
    at exitBeat (http://localhost:5173/src/app/components/AiExperience.tsx?t=1783259055169:493:13)
    at HeadPart (http://localhost:5173/src/app/components/AiExperience.tsx?t=1783259055169:513:16)
    at renderWithHooks (http://localhost:5173/node_modules/.vite/deps/chunk-YQ5BCTVV.js?v=5398434d:11596:26)
    at updateFunctionComponent (http://localhost:5173/node_modules/.vite/deps/chunk-YQ5BCTVV.js?v=5398434d:14630:28)
    at beginWork (http://localhost:5173/node_modules/.vite/deps/chunk-YQ5BCTVV.js?v=5398434d:15972:22)
    at HTMLUnknownElement.callCallback2 (http://localhost:5173/node_modules/.vite/deps/chunk-YQ5BCTVV.js?v=5398434d:3680:22)
    at Object.invokeGuardedCallbackDev (http://localhost:5173/node_modules/.vite/deps/chunk-YQ5BCTVV.js?v=5398434d:3705:24)
    at invokeGuardedCallback (http://localhost:5173/node_modules/.vite/deps/chunk-YQ5BCTVV.js?v=5398434d:3739:39)
    at beginWork$1 (http://localhost:5173/node_modules/.vite/deps/chunk-YQ5BCTVV.js?v=5398434d:19818:15)
    at performUnitOfWork (http://localhost:5173/node_modules/.vite/deps/chunk-YQ5BCTVV.js?v=5398434d:19251:20)
[ 1890623ms] TypeError: Cannot read properties of undefined (reading 'flyExit')
    at exitBeat (http://localhost:5173/src/app/components/AiExperience.tsx?t=1783259055169:493:13)
    at HeadPart (http://localhost:5173/src/app/components/AiExperience.tsx?t=1783259055169:513:16)
    at renderWithHooks (http://localhost:5173/node_modules/.vite/deps/chunk-YQ5BCTVV.js?v=5398434d:11596:26)
    at updateFunctionComponent (http://localhost:5173/node_modules/.vite/deps/chunk-YQ5BCTVV.js?v=5398434d:14630:28)
    at beginWork (http://localhost:5173/node_modules/.vite/deps/chunk-YQ5BCTVV.js?v=5398434d:15972:22)
    at HTMLUnknownElement.callCallback2 (http://localhost:5173/node_modules/.vite/deps/chunk-YQ5BCTVV.js?v=5398434d:3680:22)
    at Object.invokeGuardedCallbackDev (http://localhost:5173/node_modules/.vite/deps/chunk-YQ5BCTVV.js?v=5398434d:3705:24)
    at invokeGuardedCallback (http://localhost:5173/node_modules/.vite/deps/chunk-YQ5BCTVV.js?v=5398434d:3739:39)
    at beginWork$1 (http://localhost:5173/node_modules/.vite/deps/chunk-YQ5BCTVV.js?v=5398434d:19818:15)
    at performUnitOfWork (http://localhost:5173/node_modules/.vite/deps/chunk-YQ5BCTVV.js?v=5398434d:19251:20)
[ 1890624ms] TypeError: Cannot read properties of undefined (reading 'flyExit')
    at exitBeat (http://localhost:5173/src/app/components/AiExperience.tsx?t=1783259055169:493:13)
    at HeadPart (http://localhost:5173/src/app/components/AiExperience.tsx?t=1783259055169:513:16)
    at renderWithHooks (http://localhost:5173/node_modules/.vite/deps/chunk-YQ5BCTVV.js?v=5398434d:11596:26)
    at updateFunctionComponent (http://localhost:5173/node_modules/.vite/deps/chunk-YQ5BCTVV.js?v=5398434d:14630:28)
    at beginWork (http://localhost:5173/node_modules/.vite/deps/chunk-YQ5BCTVV.js?v=5398434d:15972:22)
    at HTMLUnknownElement.callCallback2 (http://localhost:5173/node_modules/.vite/deps/chunk-YQ5BCTVV.js?v=5398434d:3680:22)
    at Object.invokeGuardedCallbackDev (http://localhost:5173/node_modules/.vite/deps/chunk-YQ5BCTVV.js?v=5398434d:3705:24)
    at invokeGuardedCallback (http://localhost:5173/node_modules/.vite/deps/chunk-YQ5BCTVV.js?v=5398434d:3739:39)
    at beginWork$1 (http://localhost:5173/node_modules/.vite/deps/chunk-YQ5BCTVV.js?v=5398434d:19818:15)
    at performUnitOfWork (http://localhost:5173/node_modules/.vite/deps/chunk-YQ5BCTVV.js?v=5398434d:19251:20)
[ 1890624ms] TypeError: Cannot read properties of undefined (reading 'flyExit')
    at exitBeat (http://localhost:5173/src/app/components/AiExperience.tsx?t=1783259055169:493:13)
    at HeadPart (http://localhost:5173/src/app/components/AiExperience.tsx?t=1783259055169:513:16)
    at renderWithHooks (http://localhost:5173/node_modules/.vite/deps/chunk-YQ5BCTVV.js?v=5398434d:11596:26)
    at updateFunctionComponent (http://localhost:5173/node_modules/.vite/deps/chunk-YQ5BCTVV.js?v=5398434d:14630:28)
    at beginWork (http://localhost:5173/node_modules/.vite/deps/chunk-YQ5BCTVV.js?v=5398434d:15972:22)
    at HTMLUnknownElement.callCallback2 (http://localhost:5173/node_modules/.vite/deps/chunk-YQ5BCTVV.js?v=5398434d:3680:22)
    at Object.invokeGuardedCallbackDev (http://localhost:5173/node_modules/.vite/deps/chunk-YQ5BCTVV.js?v=5398434d:3705:24)
    at invokeGuardedCallback (http://localhost:5173/node_modules/.vite/deps/chunk-YQ5BCTVV.js?v=5398434d:3739:39)
    at beginWork$1 (http://localhost:5173/node_modules/.vite/deps/chunk-YQ5BCTVV.js?v=5398434d:19818:15)
    at performUnitOfWork (http://localhost:5173/node_modules/.vite/deps/chunk-YQ5BCTVV.js?v=5398434d:19251:20)
[ 1890624ms] TypeError: Cannot read properties of undefined (reading 'flyExit')
    at exitBeat (http://localhost:5173/src/app/components/AiExperience.tsx?t=1783259055169:493:13)
    at HeadPart (http://localhost:5173/src/app/components/AiExperience.tsx?t=1783259055169:513:16)
    at renderWithHooks (http://localhost:5173/node_modules/.vite/deps/chunk-YQ5BCTVV.js?v=5398434d:11596:26)
    at updateFunctionComponent (http://localhost:5173/node_modules/.vite/deps/chunk-YQ5BCTVV.js?v=5398434d:14630:28)
    at beginWork (http://localhost:5173/node_modules/.vite/deps/chunk-YQ5BCTVV.js?v=5398434d:15972:22)
    at HTMLUnknownElement.callCallback2 (http://localhost:5173/node_modules/.vite/deps/chunk-YQ5BCTVV.js?v=5398434d:3680:22)
    at Object.invokeGuardedCallbackDev (http://localhost:5173/node_modules/.vite/deps/chunk-YQ5BCTVV.js?v=5398434d:3705:24)
    at invokeGuardedCallback (http://localhost:5173/node_modules/.vite/deps/chunk-YQ5BCTVV.js?v=5398434d:3739:39)
    at beginWork$1 (http://localhost:5173/node_modules/.vite/deps/chunk-YQ5BCTVV.js?v=5398434d:19818:15)
    at performUnitOfWork (http://localhost:5173/node_modules/.vite/deps/chunk-YQ5BCTVV.js?v=5398434d:19251:20)
[ 1890624ms] TypeError: Cannot read properties of undefined (reading 'flyExit')
    at exitBeat (http://localhost:5173/src/app/components/AiExperience.tsx?t=1783259055169:493:13)
    at HeadPart (http://localhost:5173/src/app/components/AiExperience.tsx?t=1783259055169:513:16)
    at renderWithHooks (http://localhost:5173/node_modules/.vite/deps/chunk-YQ5BCTVV.js?v=5398434d:11596:26)
    at updateFunctionComponent (http://localhost:5173/node_modules/.vite/deps/chunk-YQ5BCTVV.js?v=5398434d:14630:28)
    at beginWork (http://localhost:5173/node_modules/.vite/deps/chunk-YQ5BCTVV.js?v=5398434d:15972:22)
    at HTMLUnknownElement.callCallback2 (http://localhost:5173/node_modules/.vite/deps/chunk-YQ5BCTVV.js?v=5398434d:3680:22)
    at Object.invokeGuardedCallbackDev (http://localhost:5173/node_modules/.vite/deps/chunk-YQ5BCTVV.js?v=5398434d:3705:24)
    at invokeGuardedCallback (http://localhost:5173/node_modules/.vite/deps/chunk-YQ5BCTVV.js?v=5398434d:3739:39)
    at beginWork$1 (http://localhost:5173/node_modules/.vite/deps/chunk-YQ5BCTVV.js?v=5398434d:19818:15)
    at performUnitOfWork (http://localhost:5173/node_modules/.vite/deps/chunk-YQ5BCTVV.js?v=5398434d:19251:20)
[ 1890624ms] TypeError: Cannot read properties of undefined (reading 'flyExit')
    at exitBeat (http://localhost:5173/src/app/components/AiExperience.tsx?t=1783259055169:493:13)
    at HeadPart (http://localhost:5173/src/app/components/AiExperience.tsx?t=1783259055169:513:16)
    at renderWithHooks (http://localhost:5173/node_modules/.vite/deps/chunk-YQ5BCTVV.js?v=5398434d:11596:26)
    at updateFunctionComponent (http://localhost:5173/node_modules/.vite/deps/chunk-YQ5BCTVV.js?v=5398434d:14630:28)
    at beginWork (http://localhost:5173/node_modules/.vite/deps/chunk-YQ5BCTVV.js?v=5398434d:15972:22)
    at HTMLUnknownElement.callCallback2 (http://localhost:5173/node_modules/.vite/deps/chunk-YQ5BCTVV.js?v=5398434d:3680:22)
    at Object.invokeGuardedCallbackDev (http://localhost:5173/node_modules/.vite/deps/chunk-YQ5BCTVV.js?v=5398434d:3705:24)
    at invokeGuardedCallback (http://localhost:5173/node_modules/.vite/deps/chunk-YQ5BCTVV.js?v=5398434d:3739:39)
    at beginWork$1 (http://localhost:5173/node_modules/.vite/deps/chunk-YQ5BCTVV.js?v=5398434d:19818:15)
    at performUnitOfWork (http://localhost:5173/node_modules/.vite/deps/chunk-YQ5BCTVV.js?v=5398434d:19251:20)
[ 1890624ms] TypeError: Cannot read properties of undefined (reading 'flyExit')
    at exitBeat (http://localhost:5173/src/app/components/AiExperience.tsx?t=1783259055169:493:13)
    at HeadPart (http://localhost:5173/src/app/components/AiExperience.tsx?t=1783259055169:513:16)
    at renderWithHooks (http://localhost:5173/node_modules/.vite/deps/chunk-YQ5BCTVV.js?v=5398434d:11596:26)
    at updateFunctionComponent (http://localhost:5173/node_modules/.vite/deps/chunk-YQ5BCTVV.js?v=5398434d:14630:28)
    at beginWork (http://localhost:5173/node_modules/.vite/deps/chunk-YQ5BCTVV.js?v=5398434d:15972:22)
    at HTMLUnknownElement.callCallback2 (http://localhost:5173/node_modules/.vite/deps/chunk-YQ5BCTVV.js?v=5398434d:3680:22)
    at Object.invokeGuardedCallbackDev (http://localhost:5173/node_modules/.vite/deps/chunk-YQ5BCTVV.js?v=5398434d:3705:24)
    at invokeGuardedCallback (http://localhost:5173/node_modules/.vite/deps/chunk-YQ5BCTVV.js?v=5398434d:3739:39)
    at beginWork$1 (http://localhost:5173/node_modules/.vite/deps/chunk-YQ5BCTVV.js?v=5398434d:19818:15)
    at performUnitOfWork (http://localhost:5173/node_modules/.vite/deps/chunk-YQ5BCTVV.js?v=5398434d:19251:20)
[ 1890624ms] TypeError: Cannot read properties of undefined (reading 'flyExit')
    at exitBeat (http://localhost:5173/src/app/components/AiExperience.tsx?t=1783259055169:493:13)
    at HeadPart (http://localhost:5173/src/app/components/AiExperience.tsx?t=1783259055169:513:16)
    at renderWithHooks (http://localhost:5173/node_modules/.vite/deps/chunk-YQ5BCTVV.js?v=5398434d:11596:26)
    at updateFunctionComponent (http://localhost:5173/node_modules/.vite/deps/chunk-YQ5BCTVV.js?v=5398434d:14630:28)
    at beginWork (http://localhost:5173/node_modules/.vite/deps/chunk-YQ5BCTVV.js?v=5398434d:15972:22)
    at HTMLUnknownElement.callCallback2 (http://localhost:5173/node_modules/.vite/deps/chunk-YQ5BCTVV.js?v=5398434d:3680:22)
    at Object.invokeGuardedCallbackDev (http://localhost:5173/node_modules/.vite/deps/chunk-YQ5BCTVV.js?v=5398434d:3705:24)
    at invokeGuardedCallback (http://localhost:5173/node_modules/.vite/deps/chunk-YQ5BCTVV.js?v=5398434d:3739:39)
    at beginWork$1 (http://localhost:5173/node_modules/.vite/deps/chunk-YQ5BCTVV.js?v=5398434d:19818:15)
    at performUnitOfWork (http://localhost:5173/node_modules/.vite/deps/chunk-YQ5BCTVV.js?v=5398434d:19251:20)
[ 1890625ms] TypeError: Cannot read properties of undefined (reading 'flyExit')
    at exitBeat (http://localhost:5173/src/app/components/AiExperience.tsx?t=1783259055169:493:13)
    at HeadPart (http://localhost:5173/src/app/components/AiExperience.tsx?t=1783259055169:513:16)
    at renderWithHooks (http://localhost:5173/node_modules/.vite/deps/chunk-YQ5BCTVV.js?v=5398434d:11596:26)
    at updateFunctionComponent (http://localhost:5173/node_modules/.vite/deps/chunk-YQ5BCTVV.js?v=5398434d:14630:28)
    at beginWork (http://localhost:5173/node_modules/.vite/deps/chunk-YQ5BCTVV.js?v=5398434d:15972:22)
    at HTMLUnknownElement.callCallback2 (http://localhost:5173/node_modules/.vite/deps/chunk-YQ5BCTVV.js?v=5398434d:3680:22)
    at Object.invokeGuardedCallbackDev (http://localhost:5173/node_modules/.vite/deps/chunk-YQ5BCTVV.js?v=5398434d:3705:24)
    at invokeGuardedCallback (http://localhost:5173/node_modules/.vite/deps/chunk-YQ5BCTVV.js?v=5398434d:3739:39)
    at beginWork$1 (http://localhost:5173/node_modules/.vite/deps/chunk-YQ5BCTVV.js?v=5398434d:19818:15)
    at performUnitOfWork (http://localhost:5173/node_modules/.vite/deps/chunk-YQ5BCTVV.js?v=5398434d:19251:20)
[ 1890625ms] TypeError: Cannot read properties of undefined (reading 'flyExit')
    at exitBeat (http://localhost:5173/src/app/components/AiExperience.tsx?t=1783259055169:493:13)
    at HeadPart (http://localhost:5173/src/app/components/AiExperience.tsx?t=1783259055169:513:16)
    at renderWithHooks (http://localhost:5173/node_modules/.vite/deps/chunk-YQ5BCTVV.js?v=5398434d:11596:26)
    at updateFunctionComponent (http://localhost:5173/node_modules/.vite/deps/chunk-YQ5BCTVV.js?v=5398434d:14630:28)
    at beginWork (http://localhost:5173/node_modules/.vite/deps/chunk-YQ5BCTVV.js?v=5398434d:15972:22)
    at HTMLUnknownElement.callCallback2 (http://localhost:5173/node_modules/.vite/deps/chunk-YQ5BCTVV.js?v=5398434d:3680:22)
    at Object.invokeGuardedCallbackDev (http://localhost:5173/node_modules/.vite/deps/chunk-YQ5BCTVV.js?v=5398434d:3705:24)
    at invokeGuardedCallback (http://localhost:5173/node_modules/.vite/deps/chunk-YQ5BCTVV.js?v=5398434d:3739:39)
    at beginWork$1 (http://localhost:5173/node_modules/.vite/deps/chunk-YQ5BCTVV.js?v=5398434d:19818:15)
    at performUnitOfWork (http://localhost:5173/node_modules/.vite/deps/chunk-YQ5BCTVV.js?v=5398434d:19251:20)
[ 1890625ms] TypeError: Cannot read properties of undefined (reading 'flyExit')
    at exitBeat (http://localhost:5173/src/app/components/AiExperience.tsx?t=1783259055169:493:13)
    at HeadPart (http://localhost:5173/src/app/components/AiExperience.tsx?t=1783259055169:513:16)
    at renderWithHooks (http://localhost:5173/node_modules/.vite/deps/chunk-YQ5BCTVV.js?v=5398434d:11596:26)
    at updateFunctionComponent (http://localhost:5173/node_modules/.vite/deps/chunk-YQ5BCTVV.js?v=5398434d:14630:28)
    at beginWork (http://localhost:5173/node_modules/.vite/deps/chunk-YQ5BCTVV.js?v=5398434d:15972:22)
    at HTMLUnknownElement.callCallback2 (http://localhost:5173/node_modules/.vite/deps/chunk-YQ5BCTVV.js?v=5398434d:3680:22)
    at Object.invokeGuardedCallbackDev (http://localhost:5173/node_modules/.vite/deps/chunk-YQ5BCTVV.js?v=5398434d:3705:24)
    at invokeGuardedCallback (http://localhost:5173/node_modules/.vite/deps/chunk-YQ5BCTVV.js?v=5398434d:3739:39)
    at beginWork$1 (http://localhost:5173/node_modules/.vite/deps/chunk-YQ5BCTVV.js?v=5398434d:19818:15)
    at performUnitOfWork (http://localhost:5173/node_modules/.vite/deps/chunk-YQ5BCTVV.js?v=5398434d:19251:20)
[ 1890625ms] TypeError: Cannot read properties of undefined (reading 'flyExit')
    at exitBeat (http://localhost:5173/src/app/components/AiExperience.tsx?t=1783259055169:493:13)
    at HeadPart (http://localhost:5173/src/app/components/AiExperience.tsx?t=1783259055169:513:16)
    at renderWithHooks (http://localhost:5173/node_modules/.vite/deps/chunk-YQ5BCTVV.js?v=5398434d:11596:26)
    at updateFunctionComponent (http://localhost:5173/node_modules/.vite/deps/chunk-YQ5BCTVV.js?v=5398434d:14630:28)
    at beginWork (http://localhost:5173/node_modules/.vite/deps/chunk-YQ5BCTVV.js?v=5398434d:15972:22)
    at HTMLUnknownElement.callCallback2 (http://localhost:5173/node_modules/.vite/deps/chunk-YQ5BCTVV.js?v=5398434d:3680:22)
    at Object.invokeGuardedCallbackDev (http://localhost:5173/node_modules/.vite/deps/chunk-YQ5BCTVV.js?v=5398434d:3705:24)
    at invokeGuardedCallback (http://localhost:5173/node_modules/.vite/deps/chunk-YQ5BCTVV.js?v=5398434d:3739:39)
    at beginWork$1 (http://localhost:5173/node_modules/.vite/deps/chunk-YQ5BCTVV.js?v=5398434d:19818:15)
    at performUnitOfWork (http://localhost:5173/node_modules/.vite/deps/chunk-YQ5BCTVV.js?v=5398434d:19251:20)
[ 1890625ms] TypeError: Cannot read properties of undefined (reading 'flyExit')
    at exitBeat (http://localhost:5173/src/app/components/AiExperience.tsx?t=1783259055169:493:13)
    at HeadPart (http://localhost:5173/src/app/components/AiExperience.tsx?t=1783259055169:513:16)
    at renderWithHooks (http://localhost:5173/node_modules/.vite/deps/chunk-YQ5BCTVV.js?v=5398434d:11596:26)
    at updateFunctionComponent (http://localhost:5173/node_modules/.vite/deps/chunk-YQ5BCTVV.js?v=5398434d:14630:28)
    at beginWork (http://localhost:5173/node_modules/.vite/deps/chunk-YQ5BCTVV.js?v=5398434d:15972:22)
    at HTMLUnknownElement.callCallback2 (http://localhost:5173/node_modules/.vite/deps/chunk-YQ5BCTVV.js?v=5398434d:3680:22)
    at Object.invokeGuardedCallbackDev (http://localhost:5173/node_modules/.vite/deps/chunk-YQ5BCTVV.js?v=5398434d:3705:24)
    at invokeGuardedCallback (http://localhost:5173/node_modules/.vite/deps/chunk-YQ5BCTVV.js?v=5398434d:3739:39)
    at beginWork$1 (http://localhost:5173/node_modules/.vite/deps/chunk-YQ5BCTVV.js?v=5398434d:19818:15)
    at performUnitOfWork (http://localhost:5173/node_modules/.vite/deps/chunk-YQ5BCTVV.js?v=5398434d:19251:20)
[ 1890625ms] TypeError: Cannot read properties of undefined (reading 'flyExit')
    at exitBeat (http://localhost:5173/src/app/components/AiExperience.tsx?t=1783259055169:493:13)
    at HeadPart (http://localhost:5173/src/app/components/AiExperience.tsx?t=1783259055169:513:16)
    at renderWithHooks (http://localhost:5173/node_modules/.vite/deps/chunk-YQ5BCTVV.js?v=5398434d:11596:26)
    at updateFunctionComponent (http://localhost:5173/node_modules/.vite/deps/chunk-YQ5BCTVV.js?v=5398434d:14630:28)
    at beginWork (http://localhost:5173/node_modules/.vite/deps/chunk-YQ5BCTVV.js?v=5398434d:15972:22)
    at HTMLUnknownElement.callCallback2 (http://localhost:5173/node_modules/.vite/deps/chunk-YQ5BCTVV.js?v=5398434d:3680:22)
    at Object.invokeGuardedCallbackDev (http://localhost:5173/node_modules/.vite/deps/chunk-YQ5BCTVV.js?v=5398434d:3705:24)
    at invokeGuardedCallback (http://localhost:5173/node_modules/.vite/deps/chunk-YQ5BCTVV.js?v=5398434d:3739:39)
    at beginWork$1 (http://localhost:5173/node_modules/.vite/deps/chunk-YQ5BCTVV.js?v=5398434d:19818:15)
    at performUnitOfWork (http://localhost:5173/node_modules/.vite/deps/chunk-YQ5BCTVV.js?v=5398434d:19251:20)
[ 1890626ms] TypeError: Cannot read properties of undefined (reading 'flyExit')
    at exitBeat (http://localhost:5173/src/app/components/AiExperience.tsx?t=1783259055169:493:13)
    at HeadPart (http://localhost:5173/src/app/components/AiExperience.tsx?t=1783259055169:513:16)
    at renderWithHooks (http://localhost:5173/node_modules/.vite/deps/chunk-YQ5BCTVV.js?v=5398434d:11596:26)
    at updateFunctionComponent (http://localhost:5173/node_modules/.vite/deps/chunk-YQ5BCTVV.js?v=5398434d:14630:28)
    at beginWork (http://localhost:5173/node_modules/.vite/deps/chunk-YQ5BCTVV.js?v=5398434d:15972:22)
    at HTMLUnknownElement.callCallback2 (http://localhost:5173/node_modules/.vite/deps/chunk-YQ5BCTVV.js?v=5398434d:3680:22)
    at Object.invokeGuardedCallbackDev (http://localhost:5173/node_modules/.vite/deps/chunk-YQ5BCTVV.js?v=5398434d:3705:24)
    at invokeGuardedCallback (http://localhost:5173/node_modules/.vite/deps/chunk-YQ5BCTVV.js?v=5398434d:3739:39)
    at beginWork$1 (http://localhost:5173/node_modules/.vite/deps/chunk-YQ5BCTVV.js?v=5398434d:19818:15)
    at performUnitOfWork (http://localhost:5173/node_modules/.vite/deps/chunk-YQ5BCTVV.js?v=5398434d:19251:20)
[ 1890626ms] TypeError: Cannot read properties of undefined (reading 'flyExit')
    at exitBeat (http://localhost:5173/src/app/components/AiExperience.tsx?t=1783259055169:493:13)
    at HeadPart (http://localhost:5173/src/app/components/AiExperience.tsx?t=1783259055169:513:16)
    at renderWithHooks (http://localhost:5173/node_modules/.vite/deps/chunk-YQ5BCTVV.js?v=5398434d:11596:26)
    at updateFunctionComponent (http://localhost:5173/node_modules/.vite/deps/chunk-YQ5BCTVV.js?v=5398434d:14630:28)
    at beginWork (http://localhost:5173/node_modules/.vite/deps/chunk-YQ5BCTVV.js?v=5398434d:15972:22)
    at HTMLUnknownElement.callCallback2 (http://localhost:5173/node_modules/.vite/deps/chunk-YQ5BCTVV.js?v=5398434d:3680:22)
    at Object.invokeGuardedCallbackDev (http://localhost:5173/node_modules/.vite/deps/chunk-YQ5BCTVV.js?v=5398434d:3705:24)
    at invokeGuardedCallback (http://localhost:5173/node_modules/.vite/deps/chunk-YQ5BCTVV.js?v=5398434d:3739:39)
    at beginWork$1 (http://localhost:5173/node_modules/.vite/deps/chunk-YQ5BCTVV.js?v=5398434d:19818:15)
    at performUnitOfWork (http://localhost:5173/node_modules/.vite/deps/chunk-YQ5BCTVV.js?v=5398434d:19251:20)
[ 1890626ms] TypeError: Cannot read properties of undefined (reading 'flyExit')
    at exitBeat (http://localhost:5173/src/app/components/AiExperience.tsx?t=1783259055169:493:13)
    at HeadPart (http://localhost:5173/src/app/components/AiExperience.tsx?t=1783259055169:513:16)
    at renderWithHooks (http://localhost:5173/node_modules/.vite/deps/chunk-YQ5BCTVV.js?v=5398434d:11596:26)
    at updateFunctionComponent (http://localhost:5173/node_modules/.vite/deps/chunk-YQ5BCTVV.js?v=5398434d:14630:28)
    at beginWork (http://localhost:5173/node_modules/.vite/deps/chunk-YQ5BCTVV.js?v=5398434d:15972:22)
    at HTMLUnknownElement.callCallback2 (http://localhost:5173/node_modules/.vite/deps/chunk-YQ5BCTVV.js?v=5398434d:3680:22)
    at Object.invokeGuardedCallbackDev (http://localhost:5173/node_modules/.vite/deps/chunk-YQ5BCTVV.js?v=5398434d:3705:24)
    at invokeGuardedCallback (http://localhost:5173/node_modules/.vite/deps/chunk-YQ5BCTVV.js?v=5398434d:3739:39)
    at beginWork$1 (http://localhost:5173/node_modules/.vite/deps/chunk-YQ5BCTVV.js?v=5398434d:19818:15)
    at performUnitOfWork (http://localhost:5173/node_modules/.vite/deps/chunk-YQ5BCTVV.js?v=5398434d:19251:20)
[ 1890626ms] TypeError: Cannot read properties of undefined (reading 'flyExit')
    at exitBeat (http://localhost:5173/src/app/components/AiExperience.tsx?t=1783259055169:493:13)
    at HeadPart (http://localhost:5173/src/app/components/AiExperience.tsx?t=1783259055169:513:16)
    at renderWithHooks (http://localhost:5173/node_modules/.vite/deps/chunk-YQ5BCTVV.js?v=5398434d:11596:26)
    at updateFunctionComponent (http://localhost:5173/node_modules/.vite/deps/chunk-YQ5BCTVV.js?v=5398434d:14630:28)
    at beginWork (http://localhost:5173/node_modules/.vite/deps/chunk-YQ5BCTVV.js?v=5398434d:15972:22)
    at HTMLUnknownElement.callCallback2 (http://localhost:5173/node_modules/.vite/deps/chunk-YQ5BCTVV.js?v=5398434d:3680:22)
    at Object.invokeGuardedCallbackDev (http://localhost:5173/node_modules/.vite/deps/chunk-YQ5BCTVV.js?v=5398434d:3705:24)
    at invokeGuardedCallback (http://localhost:5173/node_modules/.vite/deps/chunk-YQ5BCTVV.js?v=5398434d:3739:39)
    at beginWork$1 (http://localhost:5173/node_modules/.vite/deps/chunk-YQ5BCTVV.js?v=5398434d:19818:15)
    at performUnitOfWork (http://localhost:5173/node_modules/.vite/deps/chunk-YQ5BCTVV.js?v=5398434d:19251:20)
[ 1890627ms] TypeError: Cannot read properties of undefined (reading 'flyExit')
    at exitBeat (http://localhost:5173/src/app/components/AiExperience.tsx?t=1783259055169:493:13)
    at HeadPart (http://localhost:5173/src/app/components/AiExperience.tsx?t=1783259055169:513:16)
    at renderWithHooks (http://localhost:5173/node_modules/.vite/deps/chunk-YQ5BCTVV.js?v=5398434d:11596:26)
    at updateFunctionComponent (http://localhost:5173/node_modules/.vite/deps/chunk-YQ5BCTVV.js?v=5398434d:14630:28)
    at beginWork (http://localhost:5173/node_modules/.vite/deps/chunk-YQ5BCTVV.js?v=5398434d:15972:22)
    at HTMLUnknownElement.callCallback2 (http://localhost:5173/node_modules/.vite/deps/chunk-YQ5BCTVV.js?v=5398434d:3680:22)
    at Object.invokeGuardedCallbackDev (http://localhost:5173/node_modules/.vite/deps/chunk-YQ5BCTVV.js?v=5398434d:3705:24)
    at invokeGuardedCallback (http://localhost:5173/node_modules/.vite/deps/chunk-YQ5BCTVV.js?v=5398434d:3739:39)
    at beginWork$1 (http://localhost:5173/node_modules/.vite/deps/chunk-YQ5BCTVV.js?v=5398434d:19818:15)
    at performUnitOfWork (http://localhost:5173/node_modules/.vite/deps/chunk-YQ5BCTVV.js?v=5398434d:19251:20)
[ 1890627ms] TypeError: Cannot read properties of undefined (reading 'flyExit')
    at exitBeat (http://localhost:5173/src/app/components/AiExperience.tsx?t=1783259055169:493:13)
    at HeadPart (http://localhost:5173/src/app/components/AiExperience.tsx?t=1783259055169:513:16)
    at renderWithHooks (http://localhost:5173/node_modules/.vite/deps/chunk-YQ5BCTVV.js?v=5398434d:11596:26)
    at updateFunctionComponent (http://localhost:5173/node_modules/.vite/deps/chunk-YQ5BCTVV.js?v=5398434d:14630:28)
    at beginWork (http://localhost:5173/node_modules/.vite/deps/chunk-YQ5BCTVV.js?v=5398434d:15972:22)
    at HTMLUnknownElement.callCallback2 (http://localhost:5173/node_modules/.vite/deps/chunk-YQ5BCTVV.js?v=5398434d:3680:22)
    at Object.invokeGuardedCallbackDev (http://localhost:5173/node_modules/.vite/deps/chunk-YQ5BCTVV.js?v=5398434d:3705:24)
    at invokeGuardedCallback (http://localhost:5173/node_modules/.vite/deps/chunk-YQ5BCTVV.js?v=5398434d:3739:39)
    at beginWork$1 (http://localhost:5173/node_modules/.vite/deps/chunk-YQ5BCTVV.js?v=5398434d:19818:15)
    at performUnitOfWork (http://localhost:5173/node_modules/.vite/deps/chunk-YQ5BCTVV.js?v=5398434d:19251:20)
[ 1890629ms] TypeError: Cannot read properties of undefined (reading 'flyExit')
    at exitBeat (http://localhost:5173/src/app/components/AiExperience.tsx?t=1783259055169:493:13)
    at HeadPart (http://localhost:5173/src/app/components/AiExperience.tsx?t=1783259055169:513:16)
    at renderWithHooks (http://localhost:5173/node_modules/.vite/deps/chunk-YQ5BCTVV.js?v=5398434d:11596:26)
    at updateFunctionComponent (http://localhost:5173/node_modules/.vite/deps/chunk-YQ5BCTVV.js?v=5398434d:14630:28)
    at beginWork (http://localhost:5173/node_modules/.vite/deps/chunk-YQ5BCTVV.js?v=5398434d:15972:22)
    at HTMLUnknownElement.callCallback2 (http://localhost:5173/node_modules/.vite/deps/chunk-YQ5BCTVV.js?v=5398434d:3680:22)
    at Object.invokeGuardedCallbackDev (http://localhost:5173/node_modules/.vite/deps/chunk-YQ5BCTVV.js?v=5398434d:3705:24)
    at invokeGuardedCallback (http://localhost:5173/node_modules/.vite/deps/chunk-YQ5BCTVV.js?v=5398434d:3739:39)
    at beginWork$1 (http://localhost:5173/node_modules/.vite/deps/chunk-YQ5BCTVV.js?v=5398434d:19818:15)
    at performUnitOfWork (http://localhost:5173/node_modules/.vite/deps/chunk-YQ5BCTVV.js?v=5398434d:19251:20)
[ 1890629ms] TypeError: Cannot read properties of undefined (reading 'flyExit')
    at exitBeat (http://localhost:5173/src/app/components/AiExperience.tsx?t=1783259055169:493:13)
    at HeadPart (http://localhost:5173/src/app/components/AiExperience.tsx?t=1783259055169:513:16)
    at renderWithHooks (http://localhost:5173/node_modules/.vite/deps/chunk-YQ5BCTVV.js?v=5398434d:11596:26)
    at updateFunctionComponent (http://localhost:5173/node_modules/.vite/deps/chunk-YQ5BCTVV.js?v=5398434d:14630:28)
    at beginWork (http://localhost:5173/node_modules/.vite/deps/chunk-YQ5BCTVV.js?v=5398434d:15972:22)
    at HTMLUnknownElement.callCallback2 (http://localhost:5173/node_modules/.vite/deps/chunk-YQ5BCTVV.js?v=5398434d:3680:22)
    at Object.invokeGuardedCallbackDev (http://localhost:5173/node_modules/.vite/deps/chunk-YQ5BCTVV.js?v=5398434d:3705:24)
    at invokeGuardedCallback (http://localhost:5173/node_modules/.vite/deps/chunk-YQ5BCTVV.js?v=5398434d:3739:39)
    at beginWork$1 (http://localhost:5173/node_modules/.vite/deps/chunk-YQ5BCTVV.js?v=5398434d:19818:15)
    at performUnitOfWork (http://localhost:5173/node_modules/.vite/deps/chunk-YQ5BCTVV.js?v=5398434d:19251:20)
[ 1890629ms] TypeError: Cannot read properties of undefined (reading 'flyExit')
    at exitBeat (http://localhost:5173/src/app/components/AiExperience.tsx?t=1783259055169:493:13)
    at HeadPart (http://localhost:5173/src/app/components/AiExperience.tsx?t=1783259055169:513:16)
    at renderWithHooks (http://localhost:5173/node_modules/.vite/deps/chunk-YQ5BCTVV.js?v=5398434d:11596:26)
    at updateFunctionComponent (http://localhost:5173/node_modules/.vite/deps/chunk-YQ5BCTVV.js?v=5398434d:14630:28)
    at beginWork (http://localhost:5173/node_modules/.vite/deps/chunk-YQ5BCTVV.js?v=5398434d:15972:22)
    at HTMLUnknownElement.callCallback2 (http://localhost:5173/node_modules/.vite/deps/chunk-YQ5BCTVV.js?v=5398434d:3680:22)
    at Object.invokeGuardedCallbackDev (http://localhost:5173/node_modules/.vite/deps/chunk-YQ5BCTVV.js?v=5398434d:3705:24)
    at invokeGuardedCallback (http://localhost:5173/node_modules/.vite/deps/chunk-YQ5BCTVV.js?v=5398434d:3739:39)
    at beginWork$1 (http://localhost:5173/node_modules/.vite/deps/chunk-YQ5BCTVV.js?v=5398434d:19818:15)
    at performUnitOfWork (http://localhost:5173/node_modules/.vite/deps/chunk-YQ5BCTVV.js?v=5398434d:19251:20)
[ 1890629ms] TypeError: Cannot read properties of undefined (reading 'flyExit')
    at exitBeat (http://localhost:5173/src/app/components/AiExperience.tsx?t=1783259055169:493:13)
    at HeadPart (http://localhost:5173/src/app/components/AiExperience.tsx?t=1783259055169:513:16)
    at renderWithHooks (http://localhost:5173/node_modules/.vite/deps/chunk-YQ5BCTVV.js?v=5398434d:11596:26)
    at updateFunctionComponent (http://localhost:5173/node_modules/.vite/deps/chunk-YQ5BCTVV.js?v=5398434d:14630:28)
    at beginWork (http://localhost:5173/node_modules/.vite/deps/chunk-YQ5BCTVV.js?v=5398434d:15972:22)
    at HTMLUnknownElement.callCallback2 (http://localhost:5173/node_modules/.vite/deps/chunk-YQ5BCTVV.js?v=5398434d:3680:22)
    at Object.invokeGuardedCallbackDev (http://localhost:5173/node_modules/.vite/deps/chunk-YQ5BCTVV.js?v=5398434d:3705:24)
    at invokeGuardedCallback (http://localhost:5173/node_modules/.vite/deps/chunk-YQ5BCTVV.js?v=5398434d:3739:39)
    at beginWork$1 (http://localhost:5173/node_modules/.vite/deps/chunk-YQ5BCTVV.js?v=5398434d:19818:15)
    at performUnitOfWork (http://localhost:5173/node_modules/.vite/deps/chunk-YQ5BCTVV.js?v=5398434d:19251:20)
[ 1890630ms] TypeError: Cannot read properties of undefined (reading 'flyExit')
    at exitBeat (http://localhost:5173/src/app/components/AiExperience.tsx?t=1783259055169:493:13)
    at HeadPart (http://localhost:5173/src/app/components/AiExperience.tsx?t=1783259055169:513:16)
    at renderWithHooks (http://localhost:5173/node_modules/.vite/deps/chunk-YQ5BCTVV.js?v=5398434d:11596:26)
    at updateFunctionComponent (http://localhost:5173/node_modules/.vite/deps/chunk-YQ5BCTVV.js?v=5398434d:14630:28)
    at beginWork (http://localhost:5173/node_modules/.vite/deps/chunk-YQ5BCTVV.js?v=5398434d:15972:22)
    at HTMLUnknownElement.callCallback2 (http://localhost:5173/node_modules/.vite/deps/chunk-YQ5BCTVV.js?v=5398434d:3680:22)
    at Object.invokeGuardedCallbackDev (http://localhost:5173/node_modules/.vite/deps/chunk-YQ5BCTVV.js?v=5398434d:3705:24)
    at invokeGuardedCallback (http://localhost:5173/node_modules/.vite/deps/chunk-YQ5BCTVV.js?v=5398434d:3739:39)
    at beginWork$1 (http://localhost:5173/node_modules/.vite/deps/chunk-YQ5BCTVV.js?v=5398434d:19818:15)
    at performUnitOfWork (http://localhost:5173/node_modules/.vite/deps/chunk-YQ5BCTVV.js?v=5398434d:19251:20)
[ 1890630ms] TypeError: Cannot read properties of undefined (reading 'flyExit')
    at exitBeat (http://localhost:5173/src/app/components/AiExperience.tsx?t=1783259055169:493:13)
    at HeadPart (http://localhost:5173/src/app/components/AiExperience.tsx?t=1783259055169:513:16)
    at renderWithHooks (http://localhost:5173/node_modules/.vite/deps/chunk-YQ5BCTVV.js?v=5398434d:11596:26)
    at updateFunctionComponent (http://localhost:5173/node_modules/.vite/deps/chunk-YQ5BCTVV.js?v=5398434d:14630:28)
    at beginWork (http://localhost:5173/node_modules/.vite/deps/chunk-YQ5BCTVV.js?v=5398434d:15972:22)
    at HTMLUnknownElement.callCallback2 (http://localhost:5173/node_modules/.vite/deps/chunk-YQ5BCTVV.js?v=5398434d:3680:22)
    at Object.invokeGuardedCallbackDev (http://localhost:5173/node_modules/.vite/deps/chunk-YQ5BCTVV.js?v=5398434d:3705:24)
    at invokeGuardedCallback (http://localhost:5173/node_modules/.vite/deps/chunk-YQ5BCTVV.js?v=5398434d:3739:39)
    at beginWork$1 (http://localhost:5173/node_modules/.vite/deps/chunk-YQ5BCTVV.js?v=5398434d:19818:15)
    at performUnitOfWork (http://localhost:5173/node_modules/.vite/deps/chunk-YQ5BCTVV.js?v=5398434d:19251:20)
[ 1890630ms] TypeError: Cannot read properties of undefined (reading 'flyExit')
    at exitBeat (http://localhost:5173/src/app/components/AiExperience.tsx?t=1783259055169:493:13)
    at HeadPart (http://localhost:5173/src/app/components/AiExperience.tsx?t=1783259055169:513:16)
    at renderWithHooks (http://localhost:5173/node_modules/.vite/deps/chunk-YQ5BCTVV.js?v=5398434d:11596:26)
    at updateFunctionComponent (http://localhost:5173/node_modules/.vite/deps/chunk-YQ5BCTVV.js?v=5398434d:14630:28)
    at beginWork (http://localhost:5173/node_modules/.vite/deps/chunk-YQ5BCTVV.js?v=5398434d:15972:22)
    at HTMLUnknownElement.callCallback2 (http://localhost:5173/node_modules/.vite/deps/chunk-YQ5BCTVV.js?v=5398434d:3680:22)
    at Object.invokeGuardedCallbackDev (http://localhost:5173/node_modules/.vite/deps/chunk-YQ5BCTVV.js?v=5398434d:3705:24)
    at invokeGuardedCallback (http://localhost:5173/node_modules/.vite/deps/chunk-YQ5BCTVV.js?v=5398434d:3739:39)
    at beginWork$1 (http://localhost:5173/node_modules/.vite/deps/chunk-YQ5BCTVV.js?v=5398434d:19818:15)
    at performUnitOfWork (http://localhost:5173/node_modules/.vite/deps/chunk-YQ5BCTVV.js?v=5398434d:19251:20)
[ 1890630ms] TypeError: Cannot read properties of undefined (reading 'flyExit')
    at exitBeat (http://localhost:5173/src/app/components/AiExperience.tsx?t=1783259055169:493:13)
    at HeadPart (http://localhost:5173/src/app/components/AiExperience.tsx?t=1783259055169:513:16)
    at renderWithHooks (http://localhost:5173/node_modules/.vite/deps/chunk-YQ5BCTVV.js?v=5398434d:11596:26)
    at updateFunctionComponent (http://localhost:5173/node_modules/.vite/deps/chunk-YQ5BCTVV.js?v=5398434d:14630:28)
    at beginWork (http://localhost:5173/node_modules/.vite/deps/chunk-YQ5BCTVV.js?v=5398434d:15972:22)
    at HTMLUnknownElement.callCallback2 (http://localhost:5173/node_modules/.vite/deps/chunk-YQ5BCTVV.js?v=5398434d:3680:22)
    at Object.invokeGuardedCallbackDev (http://localhost:5173/node_modules/.vite/deps/chunk-YQ5BCTVV.js?v=5398434d:3705:24)
    at invokeGuardedCallback (http://localhost:5173/node_modules/.vite/deps/chunk-YQ5BCTVV.js?v=5398434d:3739:39)
    at beginWork$1 (http://localhost:5173/node_modules/.vite/deps/chunk-YQ5BCTVV.js?v=5398434d:19818:15)
    at performUnitOfWork (http://localhost:5173/node_modules/.vite/deps/chunk-YQ5BCTVV.js?v=5398434d:19251:20)
[ 1890630ms] TypeError: Cannot read properties of undefined (reading 'flyExit')
    at exitBeat (http://localhost:5173/src/app/components/AiExperience.tsx?t=1783259055169:493:13)
    at HeadPart (http://localhost:5173/src/app/components/AiExperience.tsx?t=1783259055169:513:16)
    at renderWithHooks (http://localhost:5173/node_modules/.vite/deps/chunk-YQ5BCTVV.js?v=5398434d:11596:26)
    at updateFunctionComponent (http://localhost:5173/node_modules/.vite/deps/chunk-YQ5BCTVV.js?v=5398434d:14630:28)
    at beginWork (http://localhost:5173/node_modules/.vite/deps/chunk-YQ5BCTVV.js?v=5398434d:15972:22)
    at HTMLUnknownElement.callCallback2 (http://localhost:5173/node_modules/.vite/deps/chunk-YQ5BCTVV.js?v=5398434d:3680:22)
    at Object.invokeGuardedCallbackDev (http://localhost:5173/node_modules/.vite/deps/chunk-YQ5BCTVV.js?v=5398434d:3705:24)
    at invokeGuardedCallback (http://localhost:5173/node_modules/.vite/deps/chunk-YQ5BCTVV.js?v=5398434d:3739:39)
    at beginWork$1 (http://localhost:5173/node_modules/.vite/deps/chunk-YQ5BCTVV.js?v=5398434d:19818:15)
    at performUnitOfWork (http://localhost:5173/node_modules/.vite/deps/chunk-YQ5BCTVV.js?v=5398434d:19251:20)
[ 1890630ms] TypeError: Cannot read properties of undefined (reading 'flyExit')
    at exitBeat (http://localhost:5173/src/app/components/AiExperience.tsx?t=1783259055169:493:13)
    at HeadPart (http://localhost:5173/src/app/components/AiExperience.tsx?t=1783259055169:513:16)
    at renderWithHooks (http://localhost:5173/node_modules/.vite/deps/chunk-YQ5BCTVV.js?v=5398434d:11596:26)
    at updateFunctionComponent (http://localhost:5173/node_modules/.vite/deps/chunk-YQ5BCTVV.js?v=5398434d:14630:28)
    at beginWork (http://localhost:5173/node_modules/.vite/deps/chunk-YQ5BCTVV.js?v=5398434d:15972:22)
    at HTMLUnknownElement.callCallback2 (http://localhost:5173/node_modules/.vite/deps/chunk-YQ5BCTVV.js?v=5398434d:3680:22)
    at Object.invokeGuardedCallbackDev (http://localhost:5173/node_modules/.vite/deps/chunk-YQ5BCTVV.js?v=5398434d:3705:24)
    at invokeGuardedCallback (http://localhost:5173/node_modules/.vite/deps/chunk-YQ5BCTVV.js?v=5398434d:3739:39)
    at beginWork$1 (http://localhost:5173/node_modules/.vite/deps/chunk-YQ5BCTVV.js?v=5398434d:19818:15)
    at performUnitOfWork (http://localhost:5173/node_modules/.vite/deps/chunk-YQ5BCTVV.js?v=5398434d:19251:20)
[ 1890631ms] TypeError: Cannot read properties of undefined (reading 'flyExit')
    at exitBeat (http://localhost:5173/src/app/components/AiExperience.tsx?t=1783259055169:493:13)
    at HeadPart (http://localhost:5173/src/app/components/AiExperience.tsx?t=1783259055169:513:16)
    at renderWithHooks (http://localhost:5173/node_modules/.vite/deps/chunk-YQ5BCTVV.js?v=5398434d:11596:26)
    at updateFunctionComponent (http://localhost:5173/node_modules/.vite/deps/chunk-YQ5BCTVV.js?v=5398434d:14630:28)
    at beginWork (http://localhost:5173/node_modules/.vite/deps/chunk-YQ5BCTVV.js?v=5398434d:15972:22)
    at HTMLUnknownElement.callCallback2 (http://localhost:5173/node_modules/.vite/deps/chunk-YQ5BCTVV.js?v=5398434d:3680:22)
    at Object.invokeGuardedCallbackDev (http://localhost:5173/node_modules/.vite/deps/chunk-YQ5BCTVV.js?v=5398434d:3705:24)
    at invokeGuardedCallback (http://localhost:5173/node_modules/.vite/deps/chunk-YQ5BCTVV.js?v=5398434d:3739:39)
    at beginWork$1 (http://localhost:5173/node_modules/.vite/deps/chunk-YQ5BCTVV.js?v=5398434d:19818:15)
    at performUnitOfWork (http://localhost:5173/node_modules/.vite/deps/chunk-YQ5BCTVV.js?v=5398434d:19251:20)
[ 1890631ms] TypeError: Cannot read properties of undefined (reading 'flyExit')
    at exitBeat (http://localhost:5173/src/app/components/AiExperience.tsx?t=1783259055169:493:13)
    at HeadPart (http://localhost:5173/src/app/components/AiExperience.tsx?t=1783259055169:513:16)
    at renderWithHooks (http://localhost:5173/node_modules/.vite/deps/chunk-YQ5BCTVV.js?v=5398434d:11596:26)
    at updateFunctionComponent (http://localhost:5173/node_modules/.vite/deps/chunk-YQ5BCTVV.js?v=5398434d:14630:28)
    at beginWork (http://localhost:5173/node_modules/.vite/deps/chunk-YQ5BCTVV.js?v=5398434d:15972:22)
    at HTMLUnknownElement.callCallback2 (http://localhost:5173/node_modules/.vite/deps/chunk-YQ5BCTVV.js?v=5398434d:3680:22)
    at Object.invokeGuardedCallbackDev (http://localhost:5173/node_modules/.vite/deps/chunk-YQ5BCTVV.js?v=5398434d:3705:24)
    at invokeGuardedCallback (http://localhost:5173/node_modules/.vite/deps/chunk-YQ5BCTVV.js?v=5398434d:3739:39)
    at beginWork$1 (http://localhost:5173/node_modules/.vite/deps/chunk-YQ5BCTVV.js?v=5398434d:19818:15)
    at performUnitOfWork (http://localhost:5173/node_modules/.vite/deps/chunk-YQ5BCTVV.js?v=5398434d:19251:20)
[ 1890631ms] TypeError: Cannot read properties of undefined (reading 'flyExit')
    at exitBeat (http://localhost:5173/src/app/components/AiExperience.tsx?t=1783259055169:493:13)
    at HeadPart (http://localhost:5173/src/app/components/AiExperience.tsx?t=1783259055169:513:16)
    at renderWithHooks (http://localhost:5173/node_modules/.vite/deps/chunk-YQ5BCTVV.js?v=5398434d:11596:26)
    at updateFunctionComponent (http://localhost:5173/node_modules/.vite/deps/chunk-YQ5BCTVV.js?v=5398434d:14630:28)
    at beginWork (http://localhost:5173/node_modules/.vite/deps/chunk-YQ5BCTVV.js?v=5398434d:15972:22)
    at HTMLUnknownElement.callCallback2 (http://localhost:5173/node_modules/.vite/deps/chunk-YQ5BCTVV.js?v=5398434d:3680:22)
    at Object.invokeGuardedCallbackDev (http://localhost:5173/node_modules/.vite/deps/chunk-YQ5BCTVV.js?v=5398434d:3705:24)
    at invokeGuardedCallback (http://localhost:5173/node_modules/.vite/deps/chunk-YQ5BCTVV.js?v=5398434d:3739:39)
    at beginWork$1 (http://localhost:5173/node_modules/.vite/deps/chunk-YQ5BCTVV.js?v=5398434d:19818:15)
    at performUnitOfWork (http://localhost:5173/node_modules/.vite/deps/chunk-YQ5BCTVV.js?v=5398434d:19251:20)
[ 1890632ms] TypeError: Cannot read properties of undefined (reading 'flyExit')
    at exitBeat (http://localhost:5173/src/app/components/AiExperience.tsx?t=1783259055169:493:13)
    at HeadPart (http://localhost:5173/src/app/components/AiExperience.tsx?t=1783259055169:513:16)
    at renderWithHooks (http://localhost:5173/node_modules/.vite/deps/chunk-YQ5BCTVV.js?v=5398434d:11596:26)
    at updateFunctionComponent (http://localhost:5173/node_modules/.vite/deps/chunk-YQ5BCTVV.js?v=5398434d:14630:28)
    at beginWork (http://localhost:5173/node_modules/.vite/deps/chunk-YQ5BCTVV.js?v=5398434d:15972:22)
    at HTMLUnknownElement.callCallback2 (http://localhost:5173/node_modules/.vite/deps/chunk-YQ5BCTVV.js?v=5398434d:3680:22)
    at Object.invokeGuardedCallbackDev (http://localhost:5173/node_modules/.vite/deps/chunk-YQ5BCTVV.js?v=5398434d:3705:24)
    at invokeGuardedCallback (http://localhost:5173/node_modules/.vite/deps/chunk-YQ5BCTVV.js?v=5398434d:3739:39)
    at beginWork$1 (http://localhost:5173/node_modules/.vite/deps/chunk-YQ5BCTVV.js?v=5398434d:19818:15)
    at performUnitOfWork (http://localhost:5173/node_modules/.vite/deps/chunk-YQ5BCTVV.js?v=5398434d:19251:20)
[ 1890632ms] TypeError: Cannot read properties of undefined (reading 'flyExit')
    at exitBeat (http://localhost:5173/src/app/components/AiExperience.tsx?t=1783259055169:493:13)
    at HeadPart (http://localhost:5173/src/app/components/AiExperience.tsx?t=1783259055169:513:16)
    at renderWithHooks (http://localhost:5173/node_modules/.vite/deps/chunk-YQ5BCTVV.js?v=5398434d:11596:26)
    at updateFunctionComponent (http://localhost:5173/node_modules/.vite/deps/chunk-YQ5BCTVV.js?v=5398434d:14630:28)
    at beginWork (http://localhost:5173/node_modules/.vite/deps/chunk-YQ5BCTVV.js?v=5398434d:15972:22)
    at HTMLUnknownElement.callCallback2 (http://localhost:5173/node_modules/.vite/deps/chunk-YQ5BCTVV.js?v=5398434d:3680:22)
    at Object.invokeGuardedCallbackDev (http://localhost:5173/node_modules/.vite/deps/chunk-YQ5BCTVV.js?v=5398434d:3705:24)
    at invokeGuardedCallback (http://localhost:5173/node_modules/.vite/deps/chunk-YQ5BCTVV.js?v=5398434d:3739:39)
    at beginWork$1 (http://localhost:5173/node_modules/.vite/deps/chunk-YQ5BCTVV.js?v=5398434d:19818:15)
    at performUnitOfWork (http://localhost:5173/node_modules/.vite/deps/chunk-YQ5BCTVV.js?v=5398434d:19251:20)
[ 1890632ms] TypeError: Cannot read properties of undefined (reading 'flyExit')
    at exitBeat (http://localhost:5173/src/app/components/AiExperience.tsx?t=1783259055169:493:13)
    at HeadPart (http://localhost:5173/src/app/components/AiExperience.tsx?t=1783259055169:513:16)
    at renderWithHooks (http://localhost:5173/node_modules/.vite/deps/chunk-YQ5BCTVV.js?v=5398434d:11596:26)
    at updateFunctionComponent (http://localhost:5173/node_modules/.vite/deps/chunk-YQ5BCTVV.js?v=5398434d:14630:28)
    at beginWork (http://localhost:5173/node_modules/.vite/deps/chunk-YQ5BCTVV.js?v=5398434d:15972:22)
    at HTMLUnknownElement.callCallback2 (http://localhost:5173/node_modules/.vite/deps/chunk-YQ5BCTVV.js?v=5398434d:3680:22)
    at Object.invokeGuardedCallbackDev (http://localhost:5173/node_modules/.vite/deps/chunk-YQ5BCTVV.js?v=5398434d:3705:24)
    at invokeGuardedCallback (http://localhost:5173/node_modules/.vite/deps/chunk-YQ5BCTVV.js?v=5398434d:3739:39)
    at beginWork$1 (http://localhost:5173/node_modules/.vite/deps/chunk-YQ5BCTVV.js?v=5398434d:19818:15)
    at performUnitOfWork (http://localhost:5173/node_modules/.vite/deps/chunk-YQ5BCTVV.js?v=5398434d:19251:20)
[ 1890632ms] TypeError: Cannot read properties of undefined (reading 'flyExit')
    at exitBeat (http://localhost:5173/src/app/components/AiExperience.tsx?t=1783259055169:493:13)
    at HeadPart (http://localhost:5173/src/app/components/AiExperience.tsx?t=1783259055169:513:16)
    at renderWithHooks (http://localhost:5173/node_modules/.vite/deps/chunk-YQ5BCTVV.js?v=5398434d:11596:26)
    at updateFunctionComponent (http://localhost:5173/node_modules/.vite/deps/chunk-YQ5BCTVV.js?v=5398434d:14630:28)
    at beginWork (http://localhost:5173/node_modules/.vite/deps/chunk-YQ5BCTVV.js?v=5398434d:15972:22)
    at HTMLUnknownElement.callCallback2 (http://localhost:5173/node_modules/.vite/deps/chunk-YQ5BCTVV.js?v=5398434d:3680:22)
    at Object.invokeGuardedCallbackDev (http://localhost:5173/node_modules/.vite/deps/chunk-YQ5BCTVV.js?v=5398434d:3705:24)
    at invokeGuardedCallback (http://localhost:5173/node_modules/.vite/deps/chunk-YQ5BCTVV.js?v=5398434d:3739:39)
    at beginWork$1 (http://localhost:5173/node_modules/.vite/deps/chunk-YQ5BCTVV.js?v=5398434d:19818:15)
    at performUnitOfWork (http://localhost:5173/node_modules/.vite/deps/chunk-YQ5BCTVV.js?v=5398434d:19251:20)
[ 1890632ms] TypeError: Cannot read properties of undefined (reading 'flyExit')
    at exitBeat (http://localhost:5173/src/app/components/AiExperience.tsx?t=1783259055169:493:13)
    at HeadPart (http://localhost:5173/src/app/components/AiExperience.tsx?t=1783259055169:513:16)
    at renderWithHooks (http://localhost:5173/node_modules/.vite/deps/chunk-YQ5BCTVV.js?v=5398434d:11596:26)
    at updateFunctionComponent (http://localhost:5173/node_modules/.vite/deps/chunk-YQ5BCTVV.js?v=5398434d:14630:28)
    at beginWork (http://localhost:5173/node_modules/.vite/deps/chunk-YQ5BCTVV.js?v=5398434d:15972:22)
    at HTMLUnknownElement.callCallback2 (http://localhost:5173/node_modules/.vite/deps/chunk-YQ5BCTVV.js?v=5398434d:3680:22)
    at Object.invokeGuardedCallbackDev (http://localhost:5173/node_modules/.vite/deps/chunk-YQ5BCTVV.js?v=5398434d:3705:24)
    at invokeGuardedCallback (http://localhost:5173/node_modules/.vite/deps/chunk-YQ5BCTVV.js?v=5398434d:3739:39)
    at beginWork$1 (http://localhost:5173/node_modules/.vite/deps/chunk-YQ5BCTVV.js?v=5398434d:19818:15)
    at performUnitOfWork (http://localhost:5173/node_modules/.vite/deps/chunk-YQ5BCTVV.js?v=5398434d:19251:20)
[ 1890632ms] TypeError: Cannot read properties of undefined (reading 'flyExit')
    at exitBeat (http://localhost:5173/src/app/components/AiExperience.tsx?t=1783259055169:493:13)
    at HeadPart (http://localhost:5173/src/app/components/AiExperience.tsx?t=1783259055169:513:16)
    at renderWithHooks (http://localhost:5173/node_modules/.vite/deps/chunk-YQ5BCTVV.js?v=5398434d:11596:26)
    at updateFunctionComponent (http://localhost:5173/node_modules/.vite/deps/chunk-YQ5BCTVV.js?v=5398434d:14630:28)
    at beginWork (http://localhost:5173/node_modules/.vite/deps/chunk-YQ5BCTVV.js?v=5398434d:15972:22)
    at HTMLUnknownElement.callCallback2 (http://localhost:5173/node_modules/.vite/deps/chunk-YQ5BCTVV.js?v=5398434d:3680:22)
    at Object.invokeGuardedCallbackDev (http://localhost:5173/node_modules/.vite/deps/chunk-YQ5BCTVV.js?v=5398434d:3705:24)
    at invokeGuardedCallback (http://localhost:5173/node_modules/.vite/deps/chunk-YQ5BCTVV.js?v=5398434d:3739:39)
    at beginWork$1 (http://localhost:5173/node_modules/.vite/deps/chunk-YQ5BCTVV.js?v=5398434d:19818:15)
    at performUnitOfWork (http://localhost:5173/node_modules/.vite/deps/chunk-YQ5BCTVV.js?v=5398434d:19251:20)
[ 1890633ms] TypeError: Cannot read properties of undefined (reading 'flyExit')
    at exitBeat (http://localhost:5173/src/app/components/AiExperience.tsx?t=1783259055169:493:13)
    at HeadPart (http://localhost:5173/src/app/components/AiExperience.tsx?t=1783259055169:513:16)
    at renderWithHooks (http://localhost:5173/node_modules/.vite/deps/chunk-YQ5BCTVV.js?v=5398434d:11596:26)
    at updateFunctionComponent (http://localhost:5173/node_modules/.vite/deps/chunk-YQ5BCTVV.js?v=5398434d:14630:28)
    at beginWork (http://localhost:5173/node_modules/.vite/deps/chunk-YQ5BCTVV.js?v=5398434d:15972:22)
    at HTMLUnknownElement.callCallback2 (http://localhost:5173/node_modules/.vite/deps/chunk-YQ5BCTVV.js?v=5398434d:3680:22)
    at Object.invokeGuardedCallbackDev (http://localhost:5173/node_modules/.vite/deps/chunk-YQ5BCTVV.js?v=5398434d:3705:24)
    at invokeGuardedCallback (http://localhost:5173/node_modules/.vite/deps/chunk-YQ5BCTVV.js?v=5398434d:3739:39)
    at beginWork$1 (http://localhost:5173/node_modules/.vite/deps/chunk-YQ5BCTVV.js?v=5398434d:19818:15)
    at performUnitOfWork (http://localhost:5173/node_modules/.vite/deps/chunk-YQ5BCTVV.js?v=5398434d:19251:20)
[ 1890633ms] TypeError: Cannot read properties of undefined (reading 'flyExit')
    at exitBeat (http://localhost:5173/src/app/components/AiExperience.tsx?t=1783259055169:493:13)
    at HeadPart (http://localhost:5173/src/app/components/AiExperience.tsx?t=1783259055169:513:16)
    at renderWithHooks (http://localhost:5173/node_modules/.vite/deps/chunk-YQ5BCTVV.js?v=5398434d:11596:26)
    at updateFunctionComponent (http://localhost:5173/node_modules/.vite/deps/chunk-YQ5BCTVV.js?v=5398434d:14630:28)
    at beginWork (http://localhost:5173/node_modules/.vite/deps/chunk-YQ5BCTVV.js?v=5398434d:15972:22)
    at HTMLUnknownElement.callCallback2 (http://localhost:5173/node_modules/.vite/deps/chunk-YQ5BCTVV.js?v=5398434d:3680:22)
    at Object.invokeGuardedCallbackDev (http://localhost:5173/node_modules/.vite/deps/chunk-YQ5BCTVV.js?v=5398434d:3705:24)
    at invokeGuardedCallback (http://localhost:5173/node_modules/.vite/deps/chunk-YQ5BCTVV.js?v=5398434d:3739:39)
    at beginWork$1 (http://localhost:5173/node_modules/.vite/deps/chunk-YQ5BCTVV.js?v=5398434d:19818:15)
    at performUnitOfWork (http://localhost:5173/node_modules/.vite/deps/chunk-YQ5BCTVV.js?v=5398434d:19251:20)
[ 1890633ms] TypeError: Cannot read properties of undefined (reading 'flyExit')
    at exitBeat (http://localhost:5173/src/app/components/AiExperience.tsx?t=1783259055169:493:13)
    at HeadPart (http://localhost:5173/src/app/components/AiExperience.tsx?t=1783259055169:513:16)
    at renderWithHooks (http://localhost:5173/node_modules/.vite/deps/chunk-YQ5BCTVV.js?v=5398434d:11596:26)
    at updateFunctionComponent (http://localhost:5173/node_modules/.vite/deps/chunk-YQ5BCTVV.js?v=5398434d:14630:28)
    at beginWork (http://localhost:5173/node_modules/.vite/deps/chunk-YQ5BCTVV.js?v=5398434d:15972:22)
    at HTMLUnknownElement.callCallback2 (http://localhost:5173/node_modules/.vite/deps/chunk-YQ5BCTVV.js?v=5398434d:3680:22)
    at Object.invokeGuardedCallbackDev (http://localhost:5173/node_modules/.vite/deps/chunk-YQ5BCTVV.js?v=5398434d:3705:24)
    at invokeGuardedCallback (http://localhost:5173/node_modules/.vite/deps/chunk-YQ5BCTVV.js?v=5398434d:3739:39)
    at beginWork$1 (http://localhost:5173/node_modules/.vite/deps/chunk-YQ5BCTVV.js?v=5398434d:19818:15)
    at performUnitOfWork (http://localhost:5173/node_modules/.vite/deps/chunk-YQ5BCTVV.js?v=5398434d:19251:20)
[ 1890633ms] TypeError: Cannot read properties of undefined (reading 'flyExit')
    at exitBeat (http://localhost:5173/src/app/components/AiExperience.tsx?t=1783259055169:493:13)
    at HeadPart (http://localhost:5173/src/app/components/AiExperience.tsx?t=1783259055169:513:16)
    at renderWithHooks (http://localhost:5173/node_modules/.vite/deps/chunk-YQ5BCTVV.js?v=5398434d:11596:26)
    at updateFunctionComponent (http://localhost:5173/node_modules/.vite/deps/chunk-YQ5BCTVV.js?v=5398434d:14630:28)
    at beginWork (http://localhost:5173/node_modules/.vite/deps/chunk-YQ5BCTVV.js?v=5398434d:15972:22)
    at HTMLUnknownElement.callCallback2 (http://localhost:5173/node_modules/.vite/deps/chunk-YQ5BCTVV.js?v=5398434d:3680:22)
    at Object.invokeGuardedCallbackDev (http://localhost:5173/node_modules/.vite/deps/chunk-YQ5BCTVV.js?v=5398434d:3705:24)
    at invokeGuardedCallback (http://localhost:5173/node_modules/.vite/deps/chunk-YQ5BCTVV.js?v=5398434d:3739:39)
    at beginWork$1 (http://localhost:5173/node_modules/.vite/deps/chunk-YQ5BCTVV.js?v=5398434d:19818:15)
    at performUnitOfWork (http://localhost:5173/node_modules/.vite/deps/chunk-YQ5BCTVV.js?v=5398434d:19251:20)
[ 1890633ms] TypeError: Cannot read properties of undefined (reading 'flyExit')
    at exitBeat (http://localhost:5173/src/app/components/AiExperience.tsx?t=1783259055169:493:13)
    at HeadPart (http://localhost:5173/src/app/components/AiExperience.tsx?t=1783259055169:513:16)
    at renderWithHooks (http://localhost:5173/node_modules/.vite/deps/chunk-YQ5BCTVV.js?v=5398434d:11596:26)
    at updateFunctionComponent (http://localhost:5173/node_modules/.vite/deps/chunk-YQ5BCTVV.js?v=5398434d:14630:28)
    at beginWork (http://localhost:5173/node_modules/.vite/deps/chunk-YQ5BCTVV.js?v=5398434d:15972:22)
    at HTMLUnknownElement.callCallback2 (http://localhost:5173/node_modules/.vite/deps/chunk-YQ5BCTVV.js?v=5398434d:3680:22)
    at Object.invokeGuardedCallbackDev (http://localhost:5173/node_modules/.vite/deps/chunk-YQ5BCTVV.js?v=5398434d:3705:24)
    at invokeGuardedCallback (http://localhost:5173/node_modules/.vite/deps/chunk-YQ5BCTVV.js?v=5398434d:3739:39)
    at beginWork$1 (http://localhost:5173/node_modules/.vite/deps/chunk-YQ5BCTVV.js?v=5398434d:19818:15)
    at performUnitOfWork (http://localhost:5173/node_modules/.vite/deps/chunk-YQ5BCTVV.js?v=5398434d:19251:20)
[ 1890633ms] TypeError: Cannot read properties of undefined (reading 'flyExit')
    at exitBeat (http://localhost:5173/src/app/components/AiExperience.tsx?t=1783259055169:493:13)
    at HeadPart (http://localhost:5173/src/app/components/AiExperience.tsx?t=1783259055169:513:16)
    at renderWithHooks (http://localhost:5173/node_modules/.vite/deps/chunk-YQ5BCTVV.js?v=5398434d:11596:26)
    at updateFunctionComponent (http://localhost:5173/node_modules/.vite/deps/chunk-YQ5BCTVV.js?v=5398434d:14630:28)
    at beginWork (http://localhost:5173/node_modules/.vite/deps/chunk-YQ5BCTVV.js?v=5398434d:15972:22)
    at HTMLUnknownElement.callCallback2 (http://localhost:5173/node_modules/.vite/deps/chunk-YQ5BCTVV.js?v=5398434d:3680:22)
    at Object.invokeGuardedCallbackDev (http://localhost:5173/node_modules/.vite/deps/chunk-YQ5BCTVV.js?v=5398434d:3705:24)
    at invokeGuardedCallback (http://localhost:5173/node_modules/.vite/deps/chunk-YQ5BCTVV.js?v=5398434d:3739:39)
    at beginWork$1 (http://localhost:5173/node_modules/.vite/deps/chunk-YQ5BCTVV.js?v=5398434d:19818:15)
    at performUnitOfWork (http://localhost:5173/node_modules/.vite/deps/chunk-YQ5BCTVV.js?v=5398434d:19251:20)
[ 1890634ms] TypeError: Cannot read properties of undefined (reading 'flyExit')
    at exitBeat (http://localhost:5173/src/app/components/AiExperience.tsx?t=1783259055169:493:13)
    at HeadPart (http://localhost:5173/src/app/components/AiExperience.tsx?t=1783259055169:513:16)
    at renderWithHooks (http://localhost:5173/node_modules/.vite/deps/chunk-YQ5BCTVV.js?v=5398434d:11596:26)
    at updateFunctionComponent (http://localhost:5173/node_modules/.vite/deps/chunk-YQ5BCTVV.js?v=5398434d:14630:28)
    at beginWork (http://localhost:5173/node_modules/.vite/deps/chunk-YQ5BCTVV.js?v=5398434d:15972:22)
    at HTMLUnknownElement.callCallback2 (http://localhost:5173/node_modules/.vite/deps/chunk-YQ5BCTVV.js?v=5398434d:3680:22)
    at Object.invokeGuardedCallbackDev (http://localhost:5173/node_modules/.vite/deps/chunk-YQ5BCTVV.js?v=5398434d:3705:24)
    at invokeGuardedCallback (http://localhost:5173/node_modules/.vite/deps/chunk-YQ5BCTVV.js?v=5398434d:3739:39)
    at beginWork$1 (http://localhost:5173/node_modules/.vite/deps/chunk-YQ5BCTVV.js?v=5398434d:19818:15)
    at performUnitOfWork (http://localhost:5173/node_modules/.vite/deps/chunk-YQ5BCTVV.js?v=5398434d:19251:20)
[ 1890634ms] TypeError: Cannot read properties of undefined (reading 'flyExit')
    at exitBeat (http://localhost:5173/src/app/components/AiExperience.tsx?t=1783259055169:493:13)
    at HeadPart (http://localhost:5173/src/app/components/AiExperience.tsx?t=1783259055169:513:16)
    at renderWithHooks (http://localhost:5173/node_modules/.vite/deps/chunk-YQ5BCTVV.js?v=5398434d:11596:26)
    at updateFunctionComponent (http://localhost:5173/node_modules/.vite/deps/chunk-YQ5BCTVV.js?v=5398434d:14630:28)
    at beginWork (http://localhost:5173/node_modules/.vite/deps/chunk-YQ5BCTVV.js?v=5398434d:15972:22)
    at HTMLUnknownElement.callCallback2 (http://localhost:5173/node_modules/.vite/deps/chunk-YQ5BCTVV.js?v=5398434d:3680:22)
    at Object.invokeGuardedCallbackDev (http://localhost:5173/node_modules/.vite/deps/chunk-YQ5BCTVV.js?v=5398434d:3705:24)
    at invokeGuardedCallback (http://localhost:5173/node_modules/.vite/deps/chunk-YQ5BCTVV.js?v=5398434d:3739:39)
    at beginWork$1 (http://localhost:5173/node_modules/.vite/deps/chunk-YQ5BCTVV.js?v=5398434d:19818:15)
    at performUnitOfWork (http://localhost:5173/node_modules/.vite/deps/chunk-YQ5BCTVV.js?v=5398434d:19251:20)
[ 1890634ms] TypeError: Cannot read properties of undefined (reading 'flyExit')
    at exitBeat (http://localhost:5173/src/app/components/AiExperience.tsx?t=1783259055169:493:13)
    at HeadPart (http://localhost:5173/src/app/components/AiExperience.tsx?t=1783259055169:513:16)
    at renderWithHooks (http://localhost:5173/node_modules/.vite/deps/chunk-YQ5BCTVV.js?v=5398434d:11596:26)
    at updateFunctionComponent (http://localhost:5173/node_modules/.vite/deps/chunk-YQ5BCTVV.js?v=5398434d:14630:28)
    at beginWork (http://localhost:5173/node_modules/.vite/deps/chunk-YQ5BCTVV.js?v=5398434d:15972:22)
    at HTMLUnknownElement.callCallback2 (http://localhost:5173/node_modules/.vite/deps/chunk-YQ5BCTVV.js?v=5398434d:3680:22)
    at Object.invokeGuardedCallbackDev (http://localhost:5173/node_modules/.vite/deps/chunk-YQ5BCTVV.js?v=5398434d:3705:24)
    at invokeGuardedCallback (http://localhost:5173/node_modules/.vite/deps/chunk-YQ5BCTVV.js?v=5398434d:3739:39)
    at beginWork$1 (http://localhost:5173/node_modules/.vite/deps/chunk-YQ5BCTVV.js?v=5398434d:19818:15)
    at performUnitOfWork (http://localhost:5173/node_modules/.vite/deps/chunk-YQ5BCTVV.js?v=5398434d:19251:20)
[ 1890636ms] [ERROR] The above error occurred in the <HeadPart> component:

    at HeadPart (http://localhost:5173/src/app/components/AiExperience.tsx?t=1783259055169:499:3)
    at div
    at HeadBlock (http://localhost:5173/src/app/components/AiExperience.tsx?t=1783259055169:532:22)
    at div
    at MotionDOMComponent (http://localhost:5173/node_modules/.vite/deps/motion_react.js?v=bc1929d9:1184:40)
    at SceneRoom (http://localhost:5173/src/app/components/AiExperience.tsx?t=1783259055169:365:22)
    at div
    at section
    at JourneyStage (http://localhost:5173/src/app/components/AiExperience.tsx?t=1783259055169:311:15)
    at main
    at AiExperience (http://localhost:5173/src/app/components/AiExperience.tsx?t=1783259055169:289:3)
    at div
    at App (http://localhost:5173/src/app/App.tsx?t=1783257965377:34:30)

Consider adding an error boundary to your tree to customize error handling behavior.
Visit https://reactjs.org/link/error-boundaries to learn more about error boundaries. @ http://localhost:5173/node_modules/.vite/deps/chunk-YQ5BCTVV.js?v=5398434d:14079
[ 1890636ms] [ERROR] The above error occurred in the <HeadPart> component:

    at HeadPart (http://localhost:5173/src/app/components/AiExperience.tsx?t=1783259055169:499:3)
    at div
    at HeadBlock (http://localhost:5173/src/app/components/AiExperience.tsx?t=1783259055169:532:22)
    at div
    at MotionDOMComponent (http://localhost:5173/node_modules/.vite/deps/motion_react.js?v=bc1929d9:1184:40)
    at SceneRoom (http://localhost:5173/src/app/components/AiExperience.tsx?t=1783259055169:365:22)
    at div
    at section
    at JourneyStage (http://localhost:5173/src/app/components/AiExperience.tsx?t=1783259055169:311:15)
    at main
    at AiExperience (http://localhost:5173/src/app/components/AiExperience.tsx?t=1783259055169:289:3)
    at div
    at App (http://localhost:5173/src/app/App.tsx?t=1783257965377:34:30)

Consider adding an error boundary to your tree to customize error handling behavior.
Visit https://reactjs.org/link/error-boundaries to learn more about error boundaries. @ http://localhost:5173/node_modules/.vite/deps/chunk-YQ5BCTVV.js?v=5398434d:14079
[ 1890636ms] [ERROR] The above error occurred in the <HeadPart> component:

    at HeadPart (http://localhost:5173/src/app/components/AiExperience.tsx?t=1783259055169:499:3)
    at div
    at HeadBlock (http://localhost:5173/src/app/components/AiExperience.tsx?t=1783259055169:532:22)
    at div
    at MotionDOMComponent (http://localhost:5173/node_modules/.vite/deps/motion_react.js?v=bc1929d9:1184:40)
    at SceneRoom (http://localhost:5173/src/app/components/AiExperience.tsx?t=1783259055169:365:22)
    at div
    at section
    at JourneyStage (http://localhost:5173/src/app/components/AiExperience.tsx?t=1783259055169:311:15)
    at main
    at AiExperience (http://localhost:5173/src/app/components/AiExperience.tsx?t=1783259055169:289:3)
    at div
    at App (http://localhost:5173/src/app/App.tsx?t=1783257965377:34:30)

Consider adding an error boundary to your tree to customize error handling behavior.
Visit https://reactjs.org/link/error-boundaries to learn more about error boundaries. @ http://localhost:5173/node_modules/.vite/deps/chunk-YQ5BCTVV.js?v=5398434d:14079
[ 1890636ms] [ERROR] The above error occurred in the <HeadPart> component:

    at HeadPart (http://localhost:5173/src/app/components/AiExperience.tsx?t=1783259055169:499:3)
    at div
    at HeadBlock (http://localhost:5173/src/app/components/AiExperience.tsx?t=1783259055169:532:22)
    at div
    at MotionDOMComponent (http://localhost:5173/node_modules/.vite/deps/motion_react.js?v=bc1929d9:1184:40)
    at SceneRoom (http://localhost:5173/src/app/components/AiExperience.tsx?t=1783259055169:365:22)
    at div
    at section
    at JourneyStage (http://localhost:5173/src/app/components/AiExperience.tsx?t=1783259055169:311:15)
    at main
    at AiExperience (http://localhost:5173/src/app/components/AiExperience.tsx?t=1783259055169:289:3)
    at div
    at App (http://localhost:5173/src/app/App.tsx?t=1783257965377:34:30)

Consider adding an error boundary to your tree to customize error handling behavior.
Visit https://reactjs.org/link/error-boundaries to learn more about error boundaries. @ http://localhost:5173/node_modules/.vite/deps/chunk-YQ5BCTVV.js?v=5398434d:14079
[ 1890636ms] [ERROR] The above error occurred in the <HeadPart> component:

    at HeadPart (http://localhost:5173/src/app/components/AiExperience.tsx?t=1783259055169:499:3)
    at div
    at HeadBlock (http://localhost:5173/src/app/components/AiExperience.tsx?t=1783259055169:532:22)
    at div
    at MotionDOMComponent (http://localhost:5173/node_modules/.vite/deps/motion_react.js?v=bc1929d9:1184:40)
    at SceneRoom (http://localhost:5173/src/app/components/AiExperience.tsx?t=1783259055169:365:22)
    at div
    at section
    at JourneyStage (http://localhost:5173/src/app/components/AiExperience.tsx?t=1783259055169:311:15)
    at main
    at AiExperience (http://localhost:5173/src/app/components/AiExperience.tsx?t=1783259055169:289:3)
    at div
    at App (http://localhost:5173/src/app/App.tsx?t=1783257965377:34:30)

Consider adding an error boundary to your tree to customize error handling behavior.
Visit https://reactjs.org/link/error-boundaries to learn more about error boundaries. @ http://localhost:5173/node_modules/.vite/deps/chunk-YQ5BCTVV.js?v=5398434d:14079
[ 1890636ms] [ERROR] The above error occurred in the <HeadPart> component:

    at HeadPart (http://localhost:5173/src/app/components/AiExperience.tsx?t=1783259055169:499:3)
    at div
    at HeadBlock (http://localhost:5173/src/app/components/AiExperience.tsx?t=1783259055169:532:22)
    at div
    at MotionDOMComponent (http://localhost:5173/node_modules/.vite/deps/motion_react.js?v=bc1929d9:1184:40)
    at SceneRoom (http://localhost:5173/src/app/components/AiExperience.tsx?t=1783259055169:365:22)
    at div
    at section
    at JourneyStage (http://localhost:5173/src/app/components/AiExperience.tsx?t=1783259055169:311:15)
    at main
    at AiExperience (http://localhost:5173/src/app/components/AiExperience.tsx?t=1783259055169:289:3)
    at div
    at App (http://localhost:5173/src/app/App.tsx?t=1783257965377:34:30)

Consider adding an error boundary to your tree to customize error handling behavior.
Visit https://reactjs.org/link/error-boundaries to learn more about error boundaries. @ http://localhost:5173/node_modules/.vite/deps/chunk-YQ5BCTVV.js?v=5398434d:14079
[ 1890636ms] [ERROR] The above error occurred in the <HeadPart> component:

    at HeadPart (http://localhost:5173/src/app/components/AiExperience.tsx?t=1783259055169:499:3)
    at div
    at HeadBlock (http://localhost:5173/src/app/components/AiExperience.tsx?t=1783259055169:532:22)
    at div
    at MotionDOMComponent (http://localhost:5173/node_modules/.vite/deps/motion_react.js?v=bc1929d9:1184:40)
    at SceneRoom (http://localhost:5173/src/app/components/AiExperience.tsx?t=1783259055169:365:22)
    at div
    at section
    at JourneyStage (http://localhost:5173/src/app/components/AiExperience.tsx?t=1783259055169:311:15)
    at main
    at AiExperience (http://localhost:5173/src/app/components/AiExperience.tsx?t=1783259055169:289:3)
    at div
    at App (http://localhost:5173/src/app/App.tsx?t=1783257965377:34:30)

Consider adding an error boundary to your tree to customize error handling behavior.
Visit https://reactjs.org/link/error-boundaries to learn more about error boundaries. @ http://localhost:5173/node_modules/.vite/deps/chunk-YQ5BCTVV.js?v=5398434d:14079
[ 1890636ms] [ERROR] The above error occurred in the <HeadPart> component:

    at HeadPart (http://localhost:5173/src/app/components/AiExperience.tsx?t=1783259055169:499:3)
    at div
    at HeadBlock (http://localhost:5173/src/app/components/AiExperience.tsx?t=1783259055169:532:22)
    at div
    at MotionDOMComponent (http://localhost:5173/node_modules/.vite/deps/motion_react.js?v=bc1929d9:1184:40)
    at SceneRoom (http://localhost:5173/src/app/components/AiExperience.tsx?t=1783259055169:365:22)
    at div
    at section
    at JourneyStage (http://localhost:5173/src/app/components/AiExperience.tsx?t=1783259055169:311:15)
    at main
    at AiExperience (http://localhost:5173/src/app/components/AiExperience.tsx?t=1783259055169:289:3)
    at div
    at App (http://localhost:5173/src/app/App.tsx?t=1783257965377:34:30)

Consider adding an error boundary to your tree to customize error handling behavior.
Visit https://reactjs.org/link/error-boundaries to learn more about error boundaries. @ http://localhost:5173/node_modules/.vite/deps/chunk-YQ5BCTVV.js?v=5398434d:14079
[ 1890636ms] [ERROR] The above error occurred in the <HeadPart> component:

    at HeadPart (http://localhost:5173/src/app/components/AiExperience.tsx?t=1783259055169:499:3)
    at div
    at HeadBlock (http://localhost:5173/src/app/components/AiExperience.tsx?t=1783259055169:532:22)
    at div
    at MotionDOMComponent (http://localhost:5173/node_modules/.vite/deps/motion_react.js?v=bc1929d9:1184:40)
    at SceneRoom (http://localhost:5173/src/app/components/AiExperience.tsx?t=1783259055169:365:22)
    at div
    at section
    at JourneyStage (http://localhost:5173/src/app/components/AiExperience.tsx?t=1783259055169:311:15)
    at main
    at AiExperience (http://localhost:5173/src/app/components/AiExperience.tsx?t=1783259055169:289:3)
    at div
    at App (http://localhost:5173/src/app/App.tsx?t=1783257965377:34:30)

Consider adding an error boundary to your tree to customize error handling behavior.
Visit https://reactjs.org/link/error-boundaries to learn more about error boundaries. @ http://localhost:5173/node_modules/.vite/deps/chunk-YQ5BCTVV.js?v=5398434d:14079
[ 1890636ms] [ERROR] The above error occurred in the <HeadPart> component:

    at HeadPart (http://localhost:5173/src/app/components/AiExperience.tsx?t=1783259055169:499:3)
    at div
    at HeadBlock (http://localhost:5173/src/app/components/AiExperience.tsx?t=1783259055169:532:22)
    at div
    at MotionDOMComponent (http://localhost:5173/node_modules/.vite/deps/motion_react.js?v=bc1929d9:1184:40)
    at SceneRoom (http://localhost:5173/src/app/components/AiExperience.tsx?t=1783259055169:365:22)
    at div
    at section
    at JourneyStage (http://localhost:5173/src/app/components/AiExperience.tsx?t=1783259055169:311:15)
    at main
    at AiExperience (http://localhost:5173/src/app/components/AiExperience.tsx?t=1783259055169:289:3)
    at div
    at App (http://localhost:5173/src/app/App.tsx?t=1783257965377:34:30)

Consider adding an error boundary to your tree to customize error handling behavior.
Visit https://reactjs.org/link/error-boundaries to learn more about error boundaries. @ http://localhost:5173/node_modules/.vite/deps/chunk-YQ5BCTVV.js?v=5398434d:14079
[ 1890636ms] [ERROR] The above error occurred in the <HeadPart> component:

    at HeadPart (http://localhost:5173/src/app/components/AiExperience.tsx?t=1783259055169:499:3)
    at div
    at HeadBlock (http://localhost:5173/src/app/components/AiExperience.tsx?t=1783259055169:532:22)
    at div
    at MotionDOMComponent (http://localhost:5173/node_modules/.vite/deps/motion_react.js?v=bc1929d9:1184:40)
    at SceneRoom (http://localhost:5173/src/app/components/AiExperience.tsx?t=1783259055169:365:22)
    at div
    at section
    at JourneyStage (http://localhost:5173/src/app/components/AiExperience.tsx?t=1783259055169:311:15)
    at main
    at AiExperience (http://localhost:5173/src/app/components/AiExperience.tsx?t=1783259055169:289:3)
    at div
    at App (http://localhost:5173/src/app/App.tsx?t=1783257965377:34:30)

Consider adding an error boundary to your tree to customize error handling behavior.
Visit https://reactjs.org/link/error-boundaries to learn more about error boundaries. @ http://localhost:5173/node_modules/.vite/deps/chunk-YQ5BCTVV.js?v=5398434d:14079
[ 1890636ms] [ERROR] The above error occurred in the <HeadPart> component:

    at HeadPart (http://localhost:5173/src/app/components/AiExperience.tsx?t=1783259055169:499:3)
    at div
    at HeadBlock (http://localhost:5173/src/app/components/AiExperience.tsx?t=1783259055169:532:22)
    at div
    at MotionDOMComponent (http://localhost:5173/node_modules/.vite/deps/motion_react.js?v=bc1929d9:1184:40)
    at SceneRoom (http://localhost:5173/src/app/components/AiExperience.tsx?t=1783259055169:365:22)
    at div
    at section
    at JourneyStage (http://localhost:5173/src/app/components/AiExperience.tsx?t=1783259055169:311:15)
    at main
    at AiExperience (http://localhost:5173/src/app/components/AiExperience.tsx?t=1783259055169:289:3)
    at div
    at App (http://localhost:5173/src/app/App.tsx?t=1783257965377:34:30)

Consider adding an error boundary to your tree to customize error handling behavior.
Visit https://reactjs.org/link/error-boundaries to learn more about error boundaries. @ http://localhost:5173/node_modules/.vite/deps/chunk-YQ5BCTVV.js?v=5398434d:14079
[ 1890636ms] [ERROR] The above error occurred in the <HeadPart> component:

    at HeadPart (http://localhost:5173/src/app/components/AiExperience.tsx?t=1783259055169:499:3)
    at div
    at HeadBlock (http://localhost:5173/src/app/components/AiExperience.tsx?t=1783259055169:532:22)
    at div
    at MotionDOMComponent (http://localhost:5173/node_modules/.vite/deps/motion_react.js?v=bc1929d9:1184:40)
    at SceneRoom (http://localhost:5173/src/app/components/AiExperience.tsx?t=1783259055169:365:22)
    at div
    at section
    at JourneyStage (http://localhost:5173/src/app/components/AiExperience.tsx?t=1783259055169:311:15)
    at main
    at AiExperience (http://localhost:5173/src/app/components/AiExperience.tsx?t=1783259055169:289:3)
    at div
    at App (http://localhost:5173/src/app/App.tsx?t=1783257965377:34:30)

Consider adding an error boundary to your tree to customize error handling behavior.
Visit https://reactjs.org/link/error-boundaries to learn more about error boundaries. @ http://localhost:5173/node_modules/.vite/deps/chunk-YQ5BCTVV.js?v=5398434d:14079
[ 1890636ms] [ERROR] The above error occurred in the <HeadPart> component:

    at HeadPart (http://localhost:5173/src/app/components/AiExperience.tsx?t=1783259055169:499:3)
    at div
    at HeadBlock (http://localhost:5173/src/app/components/AiExperience.tsx?t=1783259055169:532:22)
    at div
    at MotionDOMComponent (http://localhost:5173/node_modules/.vite/deps/motion_react.js?v=bc1929d9:1184:40)
    at SceneRoom (http://localhost:5173/src/app/components/AiExperience.tsx?t=1783259055169:365:22)
    at div
    at section
    at JourneyStage (http://localhost:5173/src/app/components/AiExperience.tsx?t=1783259055169:311:15)
    at main
    at AiExperience (http://localhost:5173/src/app/components/AiExperience.tsx?t=1783259055169:289:3)
    at div
    at App (http://localhost:5173/src/app/App.tsx?t=1783257965377:34:30)

Consider adding an error boundary to your tree to customize error handling behavior.
Visit https://reactjs.org/link/error-boundaries to learn more about error boundaries. @ http://localhost:5173/node_modules/.vite/deps/chunk-YQ5BCTVV.js?v=5398434d:14079
[ 1890636ms] [ERROR] The above error occurred in the <HeadPart> component:

    at HeadPart (http://localhost:5173/src/app/components/AiExperience.tsx?t=1783259055169:499:3)
    at div
    at HeadBlock (http://localhost:5173/src/app/components/AiExperience.tsx?t=1783259055169:532:22)
    at div
    at MotionDOMComponent (http://localhost:5173/node_modules/.vite/deps/motion_react.js?v=bc1929d9:1184:40)
    at SceneRoom (http://localhost:5173/src/app/components/AiExperience.tsx?t=1783259055169:365:22)
    at div
    at section
    at JourneyStage (http://localhost:5173/src/app/components/AiExperience.tsx?t=1783259055169:311:15)
    at main
    at AiExperience (http://localhost:5173/src/app/components/AiExperience.tsx?t=1783259055169:289:3)
    at div
    at App (http://localhost:5173/src/app/App.tsx?t=1783257965377:34:30)

Consider adding an error boundary to your tree to customize error handling behavior.
Visit https://reactjs.org/link/error-boundaries to learn more about error boundaries. @ http://localhost:5173/node_modules/.vite/deps/chunk-YQ5BCTVV.js?v=5398434d:14079
[ 1890636ms] [ERROR] The above error occurred in the <HeadPart> component:

    at HeadPart (http://localhost:5173/src/app/components/AiExperience.tsx?t=1783259055169:499:3)
    at div
    at HeadBlock (http://localhost:5173/src/app/components/AiExperience.tsx?t=1783259055169:532:22)
    at div
    at MotionDOMComponent (http://localhost:5173/node_modules/.vite/deps/motion_react.js?v=bc1929d9:1184:40)
    at SceneRoom (http://localhost:5173/src/app/components/AiExperience.tsx?t=1783259055169:365:22)
    at div
    at section
    at JourneyStage (http://localhost:5173/src/app/components/AiExperience.tsx?t=1783259055169:311:15)
    at main
    at AiExperience (http://localhost:5173/src/app/components/AiExperience.tsx?t=1783259055169:289:3)
    at div
    at App (http://localhost:5173/src/app/App.tsx?t=1783257965377:34:30)

Consider adding an error boundary to your tree to customize error handling behavior.
Visit https://reactjs.org/link/error-boundaries to learn more about error boundaries. @ http://localhost:5173/node_modules/.vite/deps/chunk-YQ5BCTVV.js?v=5398434d:14079
[ 1890637ms] [ERROR] The above error occurred in the <HeadPart> component:

    at HeadPart (http://localhost:5173/src/app/components/AiExperience.tsx?t=1783259055169:499:3)
    at div
    at HeadBlock (http://localhost:5173/src/app/components/AiExperience.tsx?t=1783259055169:532:22)
    at div
    at MotionDOMComponent (http://localhost:5173/node_modules/.vite/deps/motion_react.js?v=bc1929d9:1184:40)
    at SceneRoom (http://localhost:5173/src/app/components/AiExperience.tsx?t=1783259055169:365:22)
    at div
    at section
    at JourneyStage (http://localhost:5173/src/app/components/AiExperience.tsx?t=1783259055169:311:15)
    at main
    at AiExperience (http://localhost:5173/src/app/components/AiExperience.tsx?t=1783259055169:289:3)
    at div
    at App (http://localhost:5173/src/app/App.tsx?t=1783257965377:34:30)

Consider adding an error boundary to your tree to customize error handling behavior.
Visit https://reactjs.org/link/error-boundaries to learn more about error boundaries. @ http://localhost:5173/node_modules/.vite/deps/chunk-YQ5BCTVV.js?v=5398434d:14079
[ 1890637ms] [ERROR] The above error occurred in the <HeadPart> component:

    at HeadPart (http://localhost:5173/src/app/components/AiExperience.tsx?t=1783259055169:499:3)
    at div
    at HeadBlock (http://localhost:5173/src/app/components/AiExperience.tsx?t=1783259055169:532:22)
    at div
    at MotionDOMComponent (http://localhost:5173/node_modules/.vite/deps/motion_react.js?v=bc1929d9:1184:40)
    at SceneRoom (http://localhost:5173/src/app/components/AiExperience.tsx?t=1783259055169:365:22)
    at div
    at section
    at JourneyStage (http://localhost:5173/src/app/components/AiExperience.tsx?t=1783259055169:311:15)
    at main
    at AiExperience (http://localhost:5173/src/app/components/AiExperience.tsx?t=1783259055169:289:3)
    at div
    at App (http://localhost:5173/src/app/App.tsx?t=1783257965377:34:30)

Consider adding an error boundary to your tree to customize error handling behavior.
Visit https://reactjs.org/link/error-boundaries to learn more about error boundaries. @ http://localhost:5173/node_modules/.vite/deps/chunk-YQ5BCTVV.js?v=5398434d:14079
[ 1890637ms] [ERROR] The above error occurred in the <HeadPart> component:

    at HeadPart (http://localhost:5173/src/app/components/AiExperience.tsx?t=1783259055169:499:3)
    at div
    at HeadBlock (http://localhost:5173/src/app/components/AiExperience.tsx?t=1783259055169:532:22)
    at div
    at MotionDOMComponent (http://localhost:5173/node_modules/.vite/deps/motion_react.js?v=bc1929d9:1184:40)
    at SceneRoom (http://localhost:5173/src/app/components/AiExperience.tsx?t=1783259055169:365:22)
    at div
    at section
    at JourneyStage (http://localhost:5173/src/app/components/AiExperience.tsx?t=1783259055169:311:15)
    at main
    at AiExperience (http://localhost:5173/src/app/components/AiExperience.tsx?t=1783259055169:289:3)
    at div
    at App (http://localhost:5173/src/app/App.tsx?t=1783257965377:34:30)

Consider adding an error boundary to your tree to customize error handling behavior.
Visit https://reactjs.org/link/error-boundaries to learn more about error boundaries. @ http://localhost:5173/node_modules/.vite/deps/chunk-YQ5BCTVV.js?v=5398434d:14079
[ 1890637ms] [ERROR] The above error occurred in the <HeadPart> component:

    at HeadPart (http://localhost:5173/src/app/components/AiExperience.tsx?t=1783259055169:499:3)
    at div
    at HeadBlock (http://localhost:5173/src/app/components/AiExperience.tsx?t=1783259055169:532:22)
    at div
    at MotionDOMComponent (http://localhost:5173/node_modules/.vite/deps/motion_react.js?v=bc1929d9:1184:40)
    at SceneRoom (http://localhost:5173/src/app/components/AiExperience.tsx?t=1783259055169:365:22)
    at div
    at section
    at JourneyStage (http://localhost:5173/src/app/components/AiExperience.tsx?t=1783259055169:311:15)
    at main
    at AiExperience (http://localhost:5173/src/app/components/AiExperience.tsx?t=1783259055169:289:3)
    at div
    at App (http://localhost:5173/src/app/App.tsx?t=1783257965377:34:30)

Consider adding an error boundary to your tree to customize error handling behavior.
Visit https://reactjs.org/link/error-boundaries to learn more about error boundaries. @ http://localhost:5173/node_modules/.vite/deps/chunk-YQ5BCTVV.js?v=5398434d:14079
[ 1890637ms] [ERROR] The above error occurred in the <HeadPart> component:

    at HeadPart (http://localhost:5173/src/app/components/AiExperience.tsx?t=1783259055169:499:3)
    at div
    at HeadBlock (http://localhost:5173/src/app/components/AiExperience.tsx?t=1783259055169:532:22)
    at div
    at MotionDOMComponent (http://localhost:5173/node_modules/.vite/deps/motion_react.js?v=bc1929d9:1184:40)
    at SceneRoom (http://localhost:5173/src/app/components/AiExperience.tsx?t=1783259055169:365:22)
    at div
    at section
    at JourneyStage (http://localhost:5173/src/app/components/AiExperience.tsx?t=1783259055169:311:15)
    at main
    at AiExperience (http://localhost:5173/src/app/components/AiExperience.tsx?t=1783259055169:289:3)
    at div
    at App (http://localhost:5173/src/app/App.tsx?t=1783257965377:34:30)

Consider adding an error boundary to your tree to customize error handling behavior.
Visit https://reactjs.org/link/error-boundaries to learn more about error boundaries. @ http://localhost:5173/node_modules/.vite/deps/chunk-YQ5BCTVV.js?v=5398434d:14079
[ 1890637ms] [ERROR] The above error occurred in the <HeadPart> component:

    at HeadPart (http://localhost:5173/src/app/components/AiExperience.tsx?t=1783259055169:499:3)
    at div
    at HeadBlock (http://localhost:5173/src/app/components/AiExperience.tsx?t=1783259055169:532:22)
    at div
    at MotionDOMComponent (http://localhost:5173/node_modules/.vite/deps/motion_react.js?v=bc1929d9:1184:40)
    at SceneRoom (http://localhost:5173/src/app/components/AiExperience.tsx?t=1783259055169:365:22)
    at div
    at section
    at JourneyStage (http://localhost:5173/src/app/components/AiExperience.tsx?t=1783259055169:311:15)
    at main
    at AiExperience (http://localhost:5173/src/app/components/AiExperience.tsx?t=1783259055169:289:3)
    at div
    at App (http://localhost:5173/src/app/App.tsx?t=1783257965377:34:30)

Consider adding an error boundary to your tree to customize error handling behavior.
Visit https://reactjs.org/link/error-boundaries to learn more about error boundaries. @ http://localhost:5173/node_modules/.vite/deps/chunk-YQ5BCTVV.js?v=5398434d:14079
[ 1890637ms] [ERROR] The above error occurred in the <HeadPart> component:

    at HeadPart (http://localhost:5173/src/app/components/AiExperience.tsx?t=1783259055169:499:3)
    at div
    at HeadBlock (http://localhost:5173/src/app/components/AiExperience.tsx?t=1783259055169:532:22)
    at div
    at MotionDOMComponent (http://localhost:5173/node_modules/.vite/deps/motion_react.js?v=bc1929d9:1184:40)
    at SceneRoom (http://localhost:5173/src/app/components/AiExperience.tsx?t=1783259055169:365:22)
    at div
    at section
    at JourneyStage (http://localhost:5173/src/app/components/AiExperience.tsx?t=1783259055169:311:15)
    at main
    at AiExperience (http://localhost:5173/src/app/components/AiExperience.tsx?t=1783259055169:289:3)
    at div
    at App (http://localhost:5173/src/app/App.tsx?t=1783257965377:34:30)

Consider adding an error boundary to your tree to customize error handling behavior.
Visit https://reactjs.org/link/error-boundaries to learn more about error boundaries. @ http://localhost:5173/node_modules/.vite/deps/chunk-YQ5BCTVV.js?v=5398434d:14079
[ 1890637ms] [ERROR] The above error occurred in the <HeadPart> component:

    at HeadPart (http://localhost:5173/src/app/components/AiExperience.tsx?t=1783259055169:499:3)
    at div
    at HeadBlock (http://localhost:5173/src/app/components/AiExperience.tsx?t=1783259055169:532:22)
    at div
    at MotionDOMComponent (http://localhost:5173/node_modules/.vite/deps/motion_react.js?v=bc1929d9:1184:40)
    at SceneRoom (http://localhost:5173/src/app/components/AiExperience.tsx?t=1783259055169:365:22)
    at div
    at section
    at JourneyStage (http://localhost:5173/src/app/components/AiExperience.tsx?t=1783259055169:311:15)
    at main
    at AiExperience (http://localhost:5173/src/app/components/AiExperience.tsx?t=1783259055169:289:3)
    at div
    at App (http://localhost:5173/src/app/App.tsx?t=1783257965377:34:30)

Consider adding an error boundary to your tree to customize error handling behavior.
Visit https://reactjs.org/link/error-boundaries to learn more about error boundaries. @ http://localhost:5173/node_modules/.vite/deps/chunk-YQ5BCTVV.js?v=5398434d:14079
[ 1890637ms] [ERROR] The above error occurred in the <HeadPart> component:

    at HeadPart (http://localhost:5173/src/app/components/AiExperience.tsx?t=1783259055169:499:3)
    at div
    at HeadBlock (http://localhost:5173/src/app/components/AiExperience.tsx?t=1783259055169:532:22)
    at div
    at MotionDOMComponent (http://localhost:5173/node_modules/.vite/deps/motion_react.js?v=bc1929d9:1184:40)
    at SceneRoom (http://localhost:5173/src/app/components/AiExperience.tsx?t=1783259055169:365:22)
    at div
    at section
    at JourneyStage (http://localhost:5173/src/app/components/AiExperience.tsx?t=1783259055169:311:15)
    at main
    at AiExperience (http://localhost:5173/src/app/components/AiExperience.tsx?t=1783259055169:289:3)
    at div
    at App (http://localhost:5173/src/app/App.tsx?t=1783257965377:34:30)

Consider adding an error boundary to your tree to customize error handling behavior.
Visit https://reactjs.org/link/error-boundaries to learn more about error boundaries. @ http://localhost:5173/node_modules/.vite/deps/chunk-YQ5BCTVV.js?v=5398434d:14079
[ 1890637ms] [ERROR] The above error occurred in the <HeadPart> component:

    at HeadPart (http://localhost:5173/src/app/components/AiExperience.tsx?t=1783259055169:499:3)
    at div
    at HeadBlock (http://localhost:5173/src/app/components/AiExperience.tsx?t=1783259055169:532:22)
    at div
    at MotionDOMComponent (http://localhost:5173/node_modules/.vite/deps/motion_react.js?v=bc1929d9:1184:40)
    at SceneRoom (http://localhost:5173/src/app/components/AiExperience.tsx?t=1783259055169:365:22)
    at div
    at section
    at JourneyStage (http://localhost:5173/src/app/components/AiExperience.tsx?t=1783259055169:311:15)
    at main
    at AiExperience (http://localhost:5173/src/app/components/AiExperience.tsx?t=1783259055169:289:3)
    at div
    at App (http://localhost:5173/src/app/App.tsx?t=1783257965377:34:30)

Consider adding an error boundary to your tree to customize error handling behavior.
Visit https://reactjs.org/link/error-boundaries to learn more about error boundaries. @ http://localhost:5173/node_modules/.vite/deps/chunk-YQ5BCTVV.js?v=5398434d:14079
[ 1890637ms] [ERROR] The above error occurred in the <HeadPart> component:

    at HeadPart (http://localhost:5173/src/app/components/AiExperience.tsx?t=1783259055169:499:3)
    at div
    at HeadBlock (http://localhost:5173/src/app/components/AiExperience.tsx?t=1783259055169:532:22)
    at div
    at MotionDOMComponent (http://localhost:5173/node_modules/.vite/deps/motion_react.js?v=bc1929d9:1184:40)
    at SceneRoom (http://localhost:5173/src/app/components/AiExperience.tsx?t=1783259055169:365:22)
    at div
    at section
    at JourneyStage (http://localhost:5173/src/app/components/AiExperience.tsx?t=1783259055169:311:15)
    at main
    at AiExperience (http://localhost:5173/src/app/components/AiExperience.tsx?t=1783259055169:289:3)
    at div
    at App (http://localhost:5173/src/app/App.tsx?t=1783257965377:34:30)

Consider adding an error boundary to your tree to customize error handling behavior.
Visit https://reactjs.org/link/error-boundaries to learn more about error boundaries. @ http://localhost:5173/node_modules/.vite/deps/chunk-YQ5BCTVV.js?v=5398434d:14079
[ 1890637ms] [ERROR] The above error occurred in the <HeadPart> component:

    at HeadPart (http://localhost:5173/src/app/components/AiExperience.tsx?t=1783259055169:499:3)
    at div
    at HeadBlock (http://localhost:5173/src/app/components/AiExperience.tsx?t=1783259055169:532:22)
    at div
    at MotionDOMComponent (http://localhost:5173/node_modules/.vite/deps/motion_react.js?v=bc1929d9:1184:40)
    at SceneRoom (http://localhost:5173/src/app/components/AiExperience.tsx?t=1783259055169:365:22)
    at div
    at section
    at JourneyStage (http://localhost:5173/src/app/components/AiExperience.tsx?t=1783259055169:311:15)
    at main
    at AiExperience (http://localhost:5173/src/app/components/AiExperience.tsx?t=1783259055169:289:3)
    at div
    at App (http://localhost:5173/src/app/App.tsx?t=1783257965377:34:30)

Consider adding an error boundary to your tree to customize error handling behavior.
Visit https://reactjs.org/link/error-boundaries to learn more about error boundaries. @ http://localhost:5173/node_modules/.vite/deps/chunk-YQ5BCTVV.js?v=5398434d:14079
[ 1890640ms] TypeError: Cannot read properties of undefined (reading 'flyExit')
    at exitBeat (http://localhost:5173/src/app/components/AiExperience.tsx?t=1783259055169:493:13)
    at HeadPart (http://localhost:5173/src/app/components/AiExperience.tsx?t=1783259055169:513:16)
    at renderWithHooks (http://localhost:5173/node_modules/.vite/deps/chunk-YQ5BCTVV.js?v=5398434d:11596:26)
    at updateFunctionComponent (http://localhost:5173/node_modules/.vite/deps/chunk-YQ5BCTVV.js?v=5398434d:14630:28)
    at beginWork (http://localhost:5173/node_modules/.vite/deps/chunk-YQ5BCTVV.js?v=5398434d:15972:22)
    at beginWork$1 (http://localhost:5173/node_modules/.vite/deps/chunk-YQ5BCTVV.js?v=5398434d:19806:22)
    at performUnitOfWork (http://localhost:5173/node_modules/.vite/deps/chunk-YQ5BCTVV.js?v=5398434d:19251:20)
    at workLoopSync (http://localhost:5173/node_modules/.vite/deps/chunk-YQ5BCTVV.js?v=5398434d:19190:13)
    at renderRootSync (http://localhost:5173/node_modules/.vite/deps/chunk-YQ5BCTVV.js?v=5398434d:19169:15)
    at recoverFromConcurrentError (http://localhost:5173/node_modules/.vite/deps/chunk-YQ5BCTVV.js?v=5398434d:18786:28)
[ 1929552ms] TypeError: Cannot read properties of undefined (reading 'flyExit')
    at exitBeat (http://localhost:5173/src/app/components/AiExperience.tsx?t=1783259094101:493:13)
    at StampedRow (http://localhost:5173/src/app/components/AiExperience.tsx?t=1783259094101:640:16)
    at renderWithHooks (http://localhost:5173/node_modules/.vite/deps/chunk-YQ5BCTVV.js?v=5398434d:11596:26)
    at updateFunctionComponent (http://localhost:5173/node_modules/.vite/deps/chunk-YQ5BCTVV.js?v=5398434d:14630:28)
    at beginWork (http://localhost:5173/node_modules/.vite/deps/chunk-YQ5BCTVV.js?v=5398434d:15972:22)
    at HTMLUnknownElement.callCallback2 (http://localhost:5173/node_modules/.vite/deps/chunk-YQ5BCTVV.js?v=5398434d:3680:22)
    at Object.invokeGuardedCallbackDev (http://localhost:5173/node_modules/.vite/deps/chunk-YQ5BCTVV.js?v=5398434d:3705:24)
    at invokeGuardedCallback (http://localhost:5173/node_modules/.vite/deps/chunk-YQ5BCTVV.js?v=5398434d:3739:39)
    at beginWork$1 (http://localhost:5173/node_modules/.vite/deps/chunk-YQ5BCTVV.js?v=5398434d:19818:15)
    at performUnitOfWork (http://localhost:5173/node_modules/.vite/deps/chunk-YQ5BCTVV.js?v=5398434d:19251:20)
[ 1929553ms] TypeError: Cannot read properties of undefined (reading 'flyExit')
    at exitBeat (http://localhost:5173/src/app/components/AiExperience.tsx?t=1783259094101:493:13)
    at StampedRow (http://localhost:5173/src/app/components/AiExperience.tsx?t=1783259094101:640:16)
    at renderWithHooks (http://localhost:5173/node_modules/.vite/deps/chunk-YQ5BCTVV.js?v=5398434d:11596:26)
    at updateFunctionComponent (http://localhost:5173/node_modules/.vite/deps/chunk-YQ5BCTVV.js?v=5398434d:14630:28)
    at beginWork (http://localhost:5173/node_modules/.vite/deps/chunk-YQ5BCTVV.js?v=5398434d:15972:22)
    at HTMLUnknownElement.callCallback2 (http://localhost:5173/node_modules/.vite/deps/chunk-YQ5BCTVV.js?v=5398434d:3680:22)
    at Object.invokeGuardedCallbackDev (http://localhost:5173/node_modules/.vite/deps/chunk-YQ5BCTVV.js?v=5398434d:3705:24)
    at invokeGuardedCallback (http://localhost:5173/node_modules/.vite/deps/chunk-YQ5BCTVV.js?v=5398434d:3739:39)
    at beginWork$1 (http://localhost:5173/node_modules/.vite/deps/chunk-YQ5BCTVV.js?v=5398434d:19818:15)
    at performUnitOfWork (http://localhost:5173/node_modules/.vite/deps/chunk-YQ5BCTVV.js?v=5398434d:19251:20)
[ 1929553ms] TypeError: Cannot read properties of undefined (reading 'flyExit')
    at exitBeat (http://localhost:5173/src/app/components/AiExperience.tsx?t=1783259094101:493:13)
    at StampedRow (http://localhost:5173/src/app/components/AiExperience.tsx?t=1783259094101:640:16)
    at renderWithHooks (http://localhost:5173/node_modules/.vite/deps/chunk-YQ5BCTVV.js?v=5398434d:11596:26)
    at updateFunctionComponent (http://localhost:5173/node_modules/.vite/deps/chunk-YQ5BCTVV.js?v=5398434d:14630:28)
    at beginWork (http://localhost:5173/node_modules/.vite/deps/chunk-YQ5BCTVV.js?v=5398434d:15972:22)
    at HTMLUnknownElement.callCallback2 (http://localhost:5173/node_modules/.vite/deps/chunk-YQ5BCTVV.js?v=5398434d:3680:22)
    at Object.invokeGuardedCallbackDev (http://localhost:5173/node_modules/.vite/deps/chunk-YQ5BCTVV.js?v=5398434d:3705:24)
    at invokeGuardedCallback (http://localhost:5173/node_modules/.vite/deps/chunk-YQ5BCTVV.js?v=5398434d:3739:39)
    at beginWork$1 (http://localhost:5173/node_modules/.vite/deps/chunk-YQ5BCTVV.js?v=5398434d:19818:15)
    at performUnitOfWork (http://localhost:5173/node_modules/.vite/deps/chunk-YQ5BCTVV.js?v=5398434d:19251:20)
[ 1929554ms] TypeError: Cannot read properties of undefined (reading 'flyExit')
    at exitBeat (http://localhost:5173/src/app/components/AiExperience.tsx?t=1783259094101:493:13)
    at StampedRow (http://localhost:5173/src/app/components/AiExperience.tsx?t=1783259094101:640:16)
    at renderWithHooks (http://localhost:5173/node_modules/.vite/deps/chunk-YQ5BCTVV.js?v=5398434d:11596:26)
    at updateFunctionComponent (http://localhost:5173/node_modules/.vite/deps/chunk-YQ5BCTVV.js?v=5398434d:14630:28)
    at beginWork (http://localhost:5173/node_modules/.vite/deps/chunk-YQ5BCTVV.js?v=5398434d:15972:22)
    at HTMLUnknownElement.callCallback2 (http://localhost:5173/node_modules/.vite/deps/chunk-YQ5BCTVV.js?v=5398434d:3680:22)
    at Object.invokeGuardedCallbackDev (http://localhost:5173/node_modules/.vite/deps/chunk-YQ5BCTVV.js?v=5398434d:3705:24)
    at invokeGuardedCallback (http://localhost:5173/node_modules/.vite/deps/chunk-YQ5BCTVV.js?v=5398434d:3739:39)
    at beginWork$1 (http://localhost:5173/node_modules/.vite/deps/chunk-YQ5BCTVV.js?v=5398434d:19818:15)
    at performUnitOfWork (http://localhost:5173/node_modules/.vite/deps/chunk-YQ5BCTVV.js?v=5398434d:19251:20)
[ 1929554ms] TypeError: Cannot read properties of undefined (reading 'flyExit')
    at exitBeat (http://localhost:5173/src/app/components/AiExperience.tsx?t=1783259094101:493:13)
    at StampedRow (http://localhost:5173/src/app/components/AiExperience.tsx?t=1783259094101:640:16)
    at renderWithHooks (http://localhost:5173/node_modules/.vite/deps/chunk-YQ5BCTVV.js?v=5398434d:11596:26)
    at updateFunctionComponent (http://localhost:5173/node_modules/.vite/deps/chunk-YQ5BCTVV.js?v=5398434d:14630:28)
    at beginWork (http://localhost:5173/node_modules/.vite/deps/chunk-YQ5BCTVV.js?v=5398434d:15972:22)
    at HTMLUnknownElement.callCallback2 (http://localhost:5173/node_modules/.vite/deps/chunk-YQ5BCTVV.js?v=5398434d:3680:22)
    at Object.invokeGuardedCallbackDev (http://localhost:5173/node_modules/.vite/deps/chunk-YQ5BCTVV.js?v=5398434d:3705:24)
    at invokeGuardedCallback (http://localhost:5173/node_modules/.vite/deps/chunk-YQ5BCTVV.js?v=5398434d:3739:39)
    at beginWork$1 (http://localhost:5173/node_modules/.vite/deps/chunk-YQ5BCTVV.js?v=5398434d:19818:15)
    at performUnitOfWork (http://localhost:5173/node_modules/.vite/deps/chunk-YQ5BCTVV.js?v=5398434d:19251:20)
[ 1929554ms] TypeError: Cannot read properties of undefined (reading 'flyExit')
    at exitBeat (http://localhost:5173/src/app/components/AiExperience.tsx?t=1783259094101:493:13)
    at StampedRow (http://localhost:5173/src/app/components/AiExperience.tsx?t=1783259094101:640:16)
    at renderWithHooks (http://localhost:5173/node_modules/.vite/deps/chunk-YQ5BCTVV.js?v=5398434d:11596:26)
    at updateFunctionComponent (http://localhost:5173/node_modules/.vite/deps/chunk-YQ5BCTVV.js?v=5398434d:14630:28)
    at beginWork (http://localhost:5173/node_modules/.vite/deps/chunk-YQ5BCTVV.js?v=5398434d:15972:22)
    at HTMLUnknownElement.callCallback2 (http://localhost:5173/node_modules/.vite/deps/chunk-YQ5BCTVV.js?v=5398434d:3680:22)
    at Object.invokeGuardedCallbackDev (http://localhost:5173/node_modules/.vite/deps/chunk-YQ5BCTVV.js?v=5398434d:3705:24)
    at invokeGuardedCallback (http://localhost:5173/node_modules/.vite/deps/chunk-YQ5BCTVV.js?v=5398434d:3739:39)
    at beginWork$1 (http://localhost:5173/node_modules/.vite/deps/chunk-YQ5BCTVV.js?v=5398434d:19818:15)
    at performUnitOfWork (http://localhost:5173/node_modules/.vite/deps/chunk-YQ5BCTVV.js?v=5398434d:19251:20)
[ 1929554ms] TypeError: Cannot read properties of undefined (reading 'flyExit')
    at exitBeat (http://localhost:5173/src/app/components/AiExperience.tsx?t=1783259094101:493:13)
    at StampedRow (http://localhost:5173/src/app/components/AiExperience.tsx?t=1783259094101:640:16)
    at renderWithHooks (http://localhost:5173/node_modules/.vite/deps/chunk-YQ5BCTVV.js?v=5398434d:11596:26)
    at updateFunctionComponent (http://localhost:5173/node_modules/.vite/deps/chunk-YQ5BCTVV.js?v=5398434d:14630:28)
    at beginWork (http://localhost:5173/node_modules/.vite/deps/chunk-YQ5BCTVV.js?v=5398434d:15972:22)
    at HTMLUnknownElement.callCallback2 (http://localhost:5173/node_modules/.vite/deps/chunk-YQ5BCTVV.js?v=5398434d:3680:22)
    at Object.invokeGuardedCallbackDev (http://localhost:5173/node_modules/.vite/deps/chunk-YQ5BCTVV.js?v=5398434d:3705:24)
    at invokeGuardedCallback (http://localhost:5173/node_modules/.vite/deps/chunk-YQ5BCTVV.js?v=5398434d:3739:39)
    at beginWork$1 (http://localhost:5173/node_modules/.vite/deps/chunk-YQ5BCTVV.js?v=5398434d:19818:15)
    at performUnitOfWork (http://localhost:5173/node_modules/.vite/deps/chunk-YQ5BCTVV.js?v=5398434d:19251:20)
[ 1929555ms] TypeError: Cannot read properties of undefined (reading 'flyExit')
    at exitBeat (http://localhost:5173/src/app/components/AiExperience.tsx?t=1783259094101:493:13)
    at StampedRow (http://localhost:5173/src/app/components/AiExperience.tsx?t=1783259094101:640:16)
    at renderWithHooks (http://localhost:5173/node_modules/.vite/deps/chunk-YQ5BCTVV.js?v=5398434d:11596:26)
    at updateFunctionComponent (http://localhost:5173/node_modules/.vite/deps/chunk-YQ5BCTVV.js?v=5398434d:14630:28)
    at beginWork (http://localhost:5173/node_modules/.vite/deps/chunk-YQ5BCTVV.js?v=5398434d:15972:22)
    at HTMLUnknownElement.callCallback2 (http://localhost:5173/node_modules/.vite/deps/chunk-YQ5BCTVV.js?v=5398434d:3680:22)
    at Object.invokeGuardedCallbackDev (http://localhost:5173/node_modules/.vite/deps/chunk-YQ5BCTVV.js?v=5398434d:3705:24)
    at invokeGuardedCallback (http://localhost:5173/node_modules/.vite/deps/chunk-YQ5BCTVV.js?v=5398434d:3739:39)
    at beginWork$1 (http://localhost:5173/node_modules/.vite/deps/chunk-YQ5BCTVV.js?v=5398434d:19818:15)
    at performUnitOfWork (http://localhost:5173/node_modules/.vite/deps/chunk-YQ5BCTVV.js?v=5398434d:19251:20)
[ 1929555ms] TypeError: Cannot read properties of undefined (reading 'flyExit')
    at exitBeat (http://localhost:5173/src/app/components/AiExperience.tsx?t=1783259094101:493:13)
    at StampedRow (http://localhost:5173/src/app/components/AiExperience.tsx?t=1783259094101:640:16)
    at renderWithHooks (http://localhost:5173/node_modules/.vite/deps/chunk-YQ5BCTVV.js?v=5398434d:11596:26)
    at updateFunctionComponent (http://localhost:5173/node_modules/.vite/deps/chunk-YQ5BCTVV.js?v=5398434d:14630:28)
    at beginWork (http://localhost:5173/node_modules/.vite/deps/chunk-YQ5BCTVV.js?v=5398434d:15972:22)
    at HTMLUnknownElement.callCallback2 (http://localhost:5173/node_modules/.vite/deps/chunk-YQ5BCTVV.js?v=5398434d:3680:22)
    at Object.invokeGuardedCallbackDev (http://localhost:5173/node_modules/.vite/deps/chunk-YQ5BCTVV.js?v=5398434d:3705:24)
    at invokeGuardedCallback (http://localhost:5173/node_modules/.vite/deps/chunk-YQ5BCTVV.js?v=5398434d:3739:39)
    at beginWork$1 (http://localhost:5173/node_modules/.vite/deps/chunk-YQ5BCTVV.js?v=5398434d:19818:15)
    at performUnitOfWork (http://localhost:5173/node_modules/.vite/deps/chunk-YQ5BCTVV.js?v=5398434d:19251:20)
[ 1929555ms] TypeError: Cannot read properties of undefined (reading 'flyExit')
    at exitBeat (http://localhost:5173/src/app/components/AiExperience.tsx?t=1783259094101:493:13)
    at StampedRow (http://localhost:5173/src/app/components/AiExperience.tsx?t=1783259094101:640:16)
    at renderWithHooks (http://localhost:5173/node_modules/.vite/deps/chunk-YQ5BCTVV.js?v=5398434d:11596:26)
    at updateFunctionComponent (http://localhost:5173/node_modules/.vite/deps/chunk-YQ5BCTVV.js?v=5398434d:14630:28)
    at beginWork (http://localhost:5173/node_modules/.vite/deps/chunk-YQ5BCTVV.js?v=5398434d:15972:22)
    at HTMLUnknownElement.callCallback2 (http://localhost:5173/node_modules/.vite/deps/chunk-YQ5BCTVV.js?v=5398434d:3680:22)
    at Object.invokeGuardedCallbackDev (http://localhost:5173/node_modules/.vite/deps/chunk-YQ5BCTVV.js?v=5398434d:3705:24)
    at invokeGuardedCallback (http://localhost:5173/node_modules/.vite/deps/chunk-YQ5BCTVV.js?v=5398434d:3739:39)
    at beginWork$1 (http://localhost:5173/node_modules/.vite/deps/chunk-YQ5BCTVV.js?v=5398434d:19818:15)
    at performUnitOfWork (http://localhost:5173/node_modules/.vite/deps/chunk-YQ5BCTVV.js?v=5398434d:19251:20)
[ 1929555ms] TypeError: Cannot read properties of undefined (reading 'flyExit')
    at exitBeat (http://localhost:5173/src/app/components/AiExperience.tsx?t=1783259094101:493:13)
    at StampedRow (http://localhost:5173/src/app/components/AiExperience.tsx?t=1783259094101:640:16)
    at renderWithHooks (http://localhost:5173/node_modules/.vite/deps/chunk-YQ5BCTVV.js?v=5398434d:11596:26)
    at updateFunctionComponent (http://localhost:5173/node_modules/.vite/deps/chunk-YQ5BCTVV.js?v=5398434d:14630:28)
    at beginWork (http://localhost:5173/node_modules/.vite/deps/chunk-YQ5BCTVV.js?v=5398434d:15972:22)
    at HTMLUnknownElement.callCallback2 (http://localhost:5173/node_modules/.vite/deps/chunk-YQ5BCTVV.js?v=5398434d:3680:22)
    at Object.invokeGuardedCallbackDev (http://localhost:5173/node_modules/.vite/deps/chunk-YQ5BCTVV.js?v=5398434d:3705:24)
    at invokeGuardedCallback (http://localhost:5173/node_modules/.vite/deps/chunk-YQ5BCTVV.js?v=5398434d:3739:39)
    at beginWork$1 (http://localhost:5173/node_modules/.vite/deps/chunk-YQ5BCTVV.js?v=5398434d:19818:15)
    at performUnitOfWork (http://localhost:5173/node_modules/.vite/deps/chunk-YQ5BCTVV.js?v=5398434d:19251:20)
[ 1929555ms] TypeError: Cannot read properties of undefined (reading 'flyExit')
    at exitBeat (http://localhost:5173/src/app/components/AiExperience.tsx?t=1783259094101:493:13)
    at StampedRow (http://localhost:5173/src/app/components/AiExperience.tsx?t=1783259094101:640:16)
    at renderWithHooks (http://localhost:5173/node_modules/.vite/deps/chunk-YQ5BCTVV.js?v=5398434d:11596:26)
    at updateFunctionComponent (http://localhost:5173/node_modules/.vite/deps/chunk-YQ5BCTVV.js?v=5398434d:14630:28)
    at beginWork (http://localhost:5173/node_modules/.vite/deps/chunk-YQ5BCTVV.js?v=5398434d:15972:22)
    at HTMLUnknownElement.callCallback2 (http://localhost:5173/node_modules/.vite/deps/chunk-YQ5BCTVV.js?v=5398434d:3680:22)
    at Object.invokeGuardedCallbackDev (http://localhost:5173/node_modules/.vite/deps/chunk-YQ5BCTVV.js?v=5398434d:3705:24)
    at invokeGuardedCallback (http://localhost:5173/node_modules/.vite/deps/chunk-YQ5BCTVV.js?v=5398434d:3739:39)
    at beginWork$1 (http://localhost:5173/node_modules/.vite/deps/chunk-YQ5BCTVV.js?v=5398434d:19818:15)
    at performUnitOfWork (http://localhost:5173/node_modules/.vite/deps/chunk-YQ5BCTVV.js?v=5398434d:19251:20)
[ 1929555ms] TypeError: Cannot read properties of undefined (reading 'flyExit')
    at exitBeat (http://localhost:5173/src/app/components/AiExperience.tsx?t=1783259094101:493:13)
    at StampedRow (http://localhost:5173/src/app/components/AiExperience.tsx?t=1783259094101:640:16)
    at renderWithHooks (http://localhost:5173/node_modules/.vite/deps/chunk-YQ5BCTVV.js?v=5398434d:11596:26)
    at updateFunctionComponent (http://localhost:5173/node_modules/.vite/deps/chunk-YQ5BCTVV.js?v=5398434d:14630:28)
    at beginWork (http://localhost:5173/node_modules/.vite/deps/chunk-YQ5BCTVV.js?v=5398434d:15972:22)
    at HTMLUnknownElement.callCallback2 (http://localhost:5173/node_modules/.vite/deps/chunk-YQ5BCTVV.js?v=5398434d:3680:22)
    at Object.invokeGuardedCallbackDev (http://localhost:5173/node_modules/.vite/deps/chunk-YQ5BCTVV.js?v=5398434d:3705:24)
    at invokeGuardedCallback (http://localhost:5173/node_modules/.vite/deps/chunk-YQ5BCTVV.js?v=5398434d:3739:39)
    at beginWork$1 (http://localhost:5173/node_modules/.vite/deps/chunk-YQ5BCTVV.js?v=5398434d:19818:15)
    at performUnitOfWork (http://localhost:5173/node_modules/.vite/deps/chunk-YQ5BCTVV.js?v=5398434d:19251:20)
[ 1929556ms] TypeError: Cannot read properties of undefined (reading 'flyExit')
    at exitBeat (http://localhost:5173/src/app/components/AiExperience.tsx?t=1783259094101:493:13)
    at StampedRow (http://localhost:5173/src/app/components/AiExperience.tsx?t=1783259094101:640:16)
    at renderWithHooks (http://localhost:5173/node_modules/.vite/deps/chunk-YQ5BCTVV.js?v=5398434d:11596:26)
    at updateFunctionComponent (http://localhost:5173/node_modules/.vite/deps/chunk-YQ5BCTVV.js?v=5398434d:14630:28)
    at beginWork (http://localhost:5173/node_modules/.vite/deps/chunk-YQ5BCTVV.js?v=5398434d:15972:22)
    at HTMLUnknownElement.callCallback2 (http://localhost:5173/node_modules/.vite/deps/chunk-YQ5BCTVV.js?v=5398434d:3680:22)
    at Object.invokeGuardedCallbackDev (http://localhost:5173/node_modules/.vite/deps/chunk-YQ5BCTVV.js?v=5398434d:3705:24)
    at invokeGuardedCallback (http://localhost:5173/node_modules/.vite/deps/chunk-YQ5BCTVV.js?v=5398434d:3739:39)
    at beginWork$1 (http://localhost:5173/node_modules/.vite/deps/chunk-YQ5BCTVV.js?v=5398434d:19818:15)
    at performUnitOfWork (http://localhost:5173/node_modules/.vite/deps/chunk-YQ5BCTVV.js?v=5398434d:19251:20)
[ 1929556ms] TypeError: Cannot read properties of undefined (reading 'flyExit')
    at exitBeat (http://localhost:5173/src/app/components/AiExperience.tsx?t=1783259094101:493:13)
    at StampedRow (http://localhost:5173/src/app/components/AiExperience.tsx?t=1783259094101:640:16)
    at renderWithHooks (http://localhost:5173/node_modules/.vite/deps/chunk-YQ5BCTVV.js?v=5398434d:11596:26)
    at updateFunctionComponent (http://localhost:5173/node_modules/.vite/deps/chunk-YQ5BCTVV.js?v=5398434d:14630:28)
    at beginWork (http://localhost:5173/node_modules/.vite/deps/chunk-YQ5BCTVV.js?v=5398434d:15972:22)
    at HTMLUnknownElement.callCallback2 (http://localhost:5173/node_modules/.vite/deps/chunk-YQ5BCTVV.js?v=5398434d:3680:22)
    at Object.invokeGuardedCallbackDev (http://localhost:5173/node_modules/.vite/deps/chunk-YQ5BCTVV.js?v=5398434d:3705:24)
    at invokeGuardedCallback (http://localhost:5173/node_modules/.vite/deps/chunk-YQ5BCTVV.js?v=5398434d:3739:39)
    at beginWork$1 (http://localhost:5173/node_modules/.vite/deps/chunk-YQ5BCTVV.js?v=5398434d:19818:15)
    at performUnitOfWork (http://localhost:5173/node_modules/.vite/deps/chunk-YQ5BCTVV.js?v=5398434d:19251:20)
[ 1929556ms] TypeError: Cannot read properties of undefined (reading 'flyExit')
    at exitBeat (http://localhost:5173/src/app/components/AiExperience.tsx?t=1783259094101:493:13)
    at StampedRow (http://localhost:5173/src/app/components/AiExperience.tsx?t=1783259094101:640:16)
    at renderWithHooks (http://localhost:5173/node_modules/.vite/deps/chunk-YQ5BCTVV.js?v=5398434d:11596:26)
    at updateFunctionComponent (http://localhost:5173/node_modules/.vite/deps/chunk-YQ5BCTVV.js?v=5398434d:14630:28)
    at beginWork (http://localhost:5173/node_modules/.vite/deps/chunk-YQ5BCTVV.js?v=5398434d:15972:22)
    at HTMLUnknownElement.callCallback2 (http://localhost:5173/node_modules/.vite/deps/chunk-YQ5BCTVV.js?v=5398434d:3680:22)
    at Object.invokeGuardedCallbackDev (http://localhost:5173/node_modules/.vite/deps/chunk-YQ5BCTVV.js?v=5398434d:3705:24)
    at invokeGuardedCallback (http://localhost:5173/node_modules/.vite/deps/chunk-YQ5BCTVV.js?v=5398434d:3739:39)
    at beginWork$1 (http://localhost:5173/node_modules/.vite/deps/chunk-YQ5BCTVV.js?v=5398434d:19818:15)
    at performUnitOfWork (http://localhost:5173/node_modules/.vite/deps/chunk-YQ5BCTVV.js?v=5398434d:19251:20)
[ 1929556ms] TypeError: Cannot read properties of undefined (reading 'flyExit')
    at exitBeat (http://localhost:5173/src/app/components/AiExperience.tsx?t=1783259094101:493:13)
    at StampedRow (http://localhost:5173/src/app/components/AiExperience.tsx?t=1783259094101:640:16)
    at renderWithHooks (http://localhost:5173/node_modules/.vite/deps/chunk-YQ5BCTVV.js?v=5398434d:11596:26)
    at updateFunctionComponent (http://localhost:5173/node_modules/.vite/deps/chunk-YQ5BCTVV.js?v=5398434d:14630:28)
    at beginWork (http://localhost:5173/node_modules/.vite/deps/chunk-YQ5BCTVV.js?v=5398434d:15972:22)
    at HTMLUnknownElement.callCallback2 (http://localhost:5173/node_modules/.vite/deps/chunk-YQ5BCTVV.js?v=5398434d:3680:22)
    at Object.invokeGuardedCallbackDev (http://localhost:5173/node_modules/.vite/deps/chunk-YQ5BCTVV.js?v=5398434d:3705:24)
    at invokeGuardedCallback (http://localhost:5173/node_modules/.vite/deps/chunk-YQ5BCTVV.js?v=5398434d:3739:39)
    at beginWork$1 (http://localhost:5173/node_modules/.vite/deps/chunk-YQ5BCTVV.js?v=5398434d:19818:15)
    at performUnitOfWork (http://localhost:5173/node_modules/.vite/deps/chunk-YQ5BCTVV.js?v=5398434d:19251:20)
[ 1929557ms] TypeError: Cannot read properties of undefined (reading 'flyExit')
    at exitBeat (http://localhost:5173/src/app/components/AiExperience.tsx?t=1783259094101:493:13)
    at StampedRow (http://localhost:5173/src/app/components/AiExperience.tsx?t=1783259094101:640:16)
    at renderWithHooks (http://localhost:5173/node_modules/.vite/deps/chunk-YQ5BCTVV.js?v=5398434d:11596:26)
    at updateFunctionComponent (http://localhost:5173/node_modules/.vite/deps/chunk-YQ5BCTVV.js?v=5398434d:14630:28)
    at beginWork (http://localhost:5173/node_modules/.vite/deps/chunk-YQ5BCTVV.js?v=5398434d:15972:22)
    at HTMLUnknownElement.callCallback2 (http://localhost:5173/node_modules/.vite/deps/chunk-YQ5BCTVV.js?v=5398434d:3680:22)
    at Object.invokeGuardedCallbackDev (http://localhost:5173/node_modules/.vite/deps/chunk-YQ5BCTVV.js?v=5398434d:3705:24)
    at invokeGuardedCallback (http://localhost:5173/node_modules/.vite/deps/chunk-YQ5BCTVV.js?v=5398434d:3739:39)
    at beginWork$1 (http://localhost:5173/node_modules/.vite/deps/chunk-YQ5BCTVV.js?v=5398434d:19818:15)
    at performUnitOfWork (http://localhost:5173/node_modules/.vite/deps/chunk-YQ5BCTVV.js?v=5398434d:19251:20)
[ 1929557ms] TypeError: Cannot read properties of undefined (reading 'flyExit')
    at exitBeat (http://localhost:5173/src/app/components/AiExperience.tsx?t=1783259094101:493:13)
    at StampedRow (http://localhost:5173/src/app/components/AiExperience.tsx?t=1783259094101:640:16)
    at renderWithHooks (http://localhost:5173/node_modules/.vite/deps/chunk-YQ5BCTVV.js?v=5398434d:11596:26)
    at updateFunctionComponent (http://localhost:5173/node_modules/.vite/deps/chunk-YQ5BCTVV.js?v=5398434d:14630:28)
    at beginWork (http://localhost:5173/node_modules/.vite/deps/chunk-YQ5BCTVV.js?v=5398434d:15972:22)
    at HTMLUnknownElement.callCallback2 (http://localhost:5173/node_modules/.vite/deps/chunk-YQ5BCTVV.js?v=5398434d:3680:22)
    at Object.invokeGuardedCallbackDev (http://localhost:5173/node_modules/.vite/deps/chunk-YQ5BCTVV.js?v=5398434d:3705:24)
    at invokeGuardedCallback (http://localhost:5173/node_modules/.vite/deps/chunk-YQ5BCTVV.js?v=5398434d:3739:39)
    at beginWork$1 (http://localhost:5173/node_modules/.vite/deps/chunk-YQ5BCTVV.js?v=5398434d:19818:15)
    at performUnitOfWork (http://localhost:5173/node_modules/.vite/deps/chunk-YQ5BCTVV.js?v=5398434d:19251:20)
[ 1929557ms] TypeError: Cannot read properties of undefined (reading 'flyExit')
    at exitBeat (http://localhost:5173/src/app/components/AiExperience.tsx?t=1783259094101:493:13)
    at StampedRow (http://localhost:5173/src/app/components/AiExperience.tsx?t=1783259094101:640:16)
    at renderWithHooks (http://localhost:5173/node_modules/.vite/deps/chunk-YQ5BCTVV.js?v=5398434d:11596:26)
    at updateFunctionComponent (http://localhost:5173/node_modules/.vite/deps/chunk-YQ5BCTVV.js?v=5398434d:14630:28)
    at beginWork (http://localhost:5173/node_modules/.vite/deps/chunk-YQ5BCTVV.js?v=5398434d:15972:22)
    at HTMLUnknownElement.callCallback2 (http://localhost:5173/node_modules/.vite/deps/chunk-YQ5BCTVV.js?v=5398434d:3680:22)
    at Object.invokeGuardedCallbackDev (http://localhost:5173/node_modules/.vite/deps/chunk-YQ5BCTVV.js?v=5398434d:3705:24)
    at invokeGuardedCallback (http://localhost:5173/node_modules/.vite/deps/chunk-YQ5BCTVV.js?v=5398434d:3739:39)
    at beginWork$1 (http://localhost:5173/node_modules/.vite/deps/chunk-YQ5BCTVV.js?v=5398434d:19818:15)
    at performUnitOfWork (http://localhost:5173/node_modules/.vite/deps/chunk-YQ5BCTVV.js?v=5398434d:19251:20)
[ 1929557ms] TypeError: Cannot read properties of undefined (reading 'flyExit')
    at exitBeat (http://localhost:5173/src/app/components/AiExperience.tsx?t=1783259094101:493:13)
    at StampedRow (http://localhost:5173/src/app/components/AiExperience.tsx?t=1783259094101:640:16)
    at renderWithHooks (http://localhost:5173/node_modules/.vite/deps/chunk-YQ5BCTVV.js?v=5398434d:11596:26)
    at updateFunctionComponent (http://localhost:5173/node_modules/.vite/deps/chunk-YQ5BCTVV.js?v=5398434d:14630:28)
    at beginWork (http://localhost:5173/node_modules/.vite/deps/chunk-YQ5BCTVV.js?v=5398434d:15972:22)
    at HTMLUnknownElement.callCallback2 (http://localhost:5173/node_modules/.vite/deps/chunk-YQ5BCTVV.js?v=5398434d:3680:22)
    at Object.invokeGuardedCallbackDev (http://localhost:5173/node_modules/.vite/deps/chunk-YQ5BCTVV.js?v=5398434d:3705:24)
    at invokeGuardedCallback (http://localhost:5173/node_modules/.vite/deps/chunk-YQ5BCTVV.js?v=5398434d:3739:39)
    at beginWork$1 (http://localhost:5173/node_modules/.vite/deps/chunk-YQ5BCTVV.js?v=5398434d:19818:15)
    at performUnitOfWork (http://localhost:5173/node_modules/.vite/deps/chunk-YQ5BCTVV.js?v=5398434d:19251:20)
[ 1929558ms] TypeError: Cannot read properties of undefined (reading 'flyExit')
    at exitBeat (http://localhost:5173/src/app/components/AiExperience.tsx?t=1783259094101:493:13)
    at StampedRow (http://localhost:5173/src/app/components/AiExperience.tsx?t=1783259094101:640:16)
    at renderWithHooks (http://localhost:5173/node_modules/.vite/deps/chunk-YQ5BCTVV.js?v=5398434d:11596:26)
    at updateFunctionComponent (http://localhost:5173/node_modules/.vite/deps/chunk-YQ5BCTVV.js?v=5398434d:14630:28)
    at beginWork (http://localhost:5173/node_modules/.vite/deps/chunk-YQ5BCTVV.js?v=5398434d:15972:22)
    at HTMLUnknownElement.callCallback2 (http://localhost:5173/node_modules/.vite/deps/chunk-YQ5BCTVV.js?v=5398434d:3680:22)
    at Object.invokeGuardedCallbackDev (http://localhost:5173/node_modules/.vite/deps/chunk-YQ5BCTVV.js?v=5398434d:3705:24)
    at invokeGuardedCallback (http://localhost:5173/node_modules/.vite/deps/chunk-YQ5BCTVV.js?v=5398434d:3739:39)
    at beginWork$1 (http://localhost:5173/node_modules/.vite/deps/chunk-YQ5BCTVV.js?v=5398434d:19818:15)
    at performUnitOfWork (http://localhost:5173/node_modules/.vite/deps/chunk-YQ5BCTVV.js?v=5398434d:19251:20)
[ 1929561ms] TypeError: Cannot read properties of undefined (reading 'flyExit')
    at exitBeat (http://localhost:5173/src/app/components/AiExperience.tsx?t=1783259094101:493:13)
    at StampedRow (http://localhost:5173/src/app/components/AiExperience.tsx?t=1783259094101:640:16)
    at renderWithHooks (http://localhost:5173/node_modules/.vite/deps/chunk-YQ5BCTVV.js?v=5398434d:11596:26)
    at updateFunctionComponent (http://localhost:5173/node_modules/.vite/deps/chunk-YQ5BCTVV.js?v=5398434d:14630:28)
    at beginWork (http://localhost:5173/node_modules/.vite/deps/chunk-YQ5BCTVV.js?v=5398434d:15972:22)
    at HTMLUnknownElement.callCallback2 (http://localhost:5173/node_modules/.vite/deps/chunk-YQ5BCTVV.js?v=5398434d:3680:22)
    at Object.invokeGuardedCallbackDev (http://localhost:5173/node_modules/.vite/deps/chunk-YQ5BCTVV.js?v=5398434d:3705:24)
    at invokeGuardedCallback (http://localhost:5173/node_modules/.vite/deps/chunk-YQ5BCTVV.js?v=5398434d:3739:39)
    at beginWork$1 (http://localhost:5173/node_modules/.vite/deps/chunk-YQ5BCTVV.js?v=5398434d:19818:15)
    at performUnitOfWork (http://localhost:5173/node_modules/.vite/deps/chunk-YQ5BCTVV.js?v=5398434d:19251:20)
[ 1929561ms] TypeError: Cannot read properties of undefined (reading 'flyExit')
    at exitBeat (http://localhost:5173/src/app/components/AiExperience.tsx?t=1783259094101:493:13)
    at StampedRow (http://localhost:5173/src/app/components/AiExperience.tsx?t=1783259094101:640:16)
    at renderWithHooks (http://localhost:5173/node_modules/.vite/deps/chunk-YQ5BCTVV.js?v=5398434d:11596:26)
    at updateFunctionComponent (http://localhost:5173/node_modules/.vite/deps/chunk-YQ5BCTVV.js?v=5398434d:14630:28)
    at beginWork (http://localhost:5173/node_modules/.vite/deps/chunk-YQ5BCTVV.js?v=5398434d:15972:22)
    at HTMLUnknownElement.callCallback2 (http://localhost:5173/node_modules/.vite/deps/chunk-YQ5BCTVV.js?v=5398434d:3680:22)
    at Object.invokeGuardedCallbackDev (http://localhost:5173/node_modules/.vite/deps/chunk-YQ5BCTVV.js?v=5398434d:3705:24)
    at invokeGuardedCallback (http://localhost:5173/node_modules/.vite/deps/chunk-YQ5BCTVV.js?v=5398434d:3739:39)
    at beginWork$1 (http://localhost:5173/node_modules/.vite/deps/chunk-YQ5BCTVV.js?v=5398434d:19818:15)
    at performUnitOfWork (http://localhost:5173/node_modules/.vite/deps/chunk-YQ5BCTVV.js?v=5398434d:19251:20)
[ 1929561ms] TypeError: Cannot read properties of undefined (reading 'flyExit')
    at exitBeat (http://localhost:5173/src/app/components/AiExperience.tsx?t=1783259094101:493:13)
    at StampedRow (http://localhost:5173/src/app/components/AiExperience.tsx?t=1783259094101:640:16)
    at renderWithHooks (http://localhost:5173/node_modules/.vite/deps/chunk-YQ5BCTVV.js?v=5398434d:11596:26)
    at updateFunctionComponent (http://localhost:5173/node_modules/.vite/deps/chunk-YQ5BCTVV.js?v=5398434d:14630:28)
    at beginWork (http://localhost:5173/node_modules/.vite/deps/chunk-YQ5BCTVV.js?v=5398434d:15972:22)
    at HTMLUnknownElement.callCallback2 (http://localhost:5173/node_modules/.vite/deps/chunk-YQ5BCTVV.js?v=5398434d:3680:22)
    at Object.invokeGuardedCallbackDev (http://localhost:5173/node_modules/.vite/deps/chunk-YQ5BCTVV.js?v=5398434d:3705:24)
    at invokeGuardedCallback (http://localhost:5173/node_modules/.vite/deps/chunk-YQ5BCTVV.js?v=5398434d:3739:39)
    at beginWork$1 (http://localhost:5173/node_modules/.vite/deps/chunk-YQ5BCTVV.js?v=5398434d:19818:15)
    at performUnitOfWork (http://localhost:5173/node_modules/.vite/deps/chunk-YQ5BCTVV.js?v=5398434d:19251:20)
[ 1929561ms] TypeError: Cannot read properties of undefined (reading 'flyExit')
    at exitBeat (http://localhost:5173/src/app/components/AiExperience.tsx?t=1783259094101:493:13)
    at StampedRow (http://localhost:5173/src/app/components/AiExperience.tsx?t=1783259094101:640:16)
    at renderWithHooks (http://localhost:5173/node_modules/.vite/deps/chunk-YQ5BCTVV.js?v=5398434d:11596:26)
    at updateFunctionComponent (http://localhost:5173/node_modules/.vite/deps/chunk-YQ5BCTVV.js?v=5398434d:14630:28)
    at beginWork (http://localhost:5173/node_modules/.vite/deps/chunk-YQ5BCTVV.js?v=5398434d:15972:22)
    at HTMLUnknownElement.callCallback2 (http://localhost:5173/node_modules/.vite/deps/chunk-YQ5BCTVV.js?v=5398434d:3680:22)
    at Object.invokeGuardedCallbackDev (http://localhost:5173/node_modules/.vite/deps/chunk-YQ5BCTVV.js?v=5398434d:3705:24)
    at invokeGuardedCallback (http://localhost:5173/node_modules/.vite/deps/chunk-YQ5BCTVV.js?v=5398434d:3739:39)
    at beginWork$1 (http://localhost:5173/node_modules/.vite/deps/chunk-YQ5BCTVV.js?v=5398434d:19818:15)
    at performUnitOfWork (http://localhost:5173/node_modules/.vite/deps/chunk-YQ5BCTVV.js?v=5398434d:19251:20)
[ 1929562ms] TypeError: Cannot read properties of undefined (reading 'flyExit')
    at exitBeat (http://localhost:5173/src/app/components/AiExperience.tsx?t=1783259094101:493:13)
    at StampedRow (http://localhost:5173/src/app/components/AiExperience.tsx?t=1783259094101:640:16)
    at renderWithHooks (http://localhost:5173/node_modules/.vite/deps/chunk-YQ5BCTVV.js?v=5398434d:11596:26)
    at updateFunctionComponent (http://localhost:5173/node_modules/.vite/deps/chunk-YQ5BCTVV.js?v=5398434d:14630:28)
    at beginWork (http://localhost:5173/node_modules/.vite/deps/chunk-YQ5BCTVV.js?v=5398434d:15972:22)
    at HTMLUnknownElement.callCallback2 (http://localhost:5173/node_modules/.vite/deps/chunk-YQ5BCTVV.js?v=5398434d:3680:22)
    at Object.invokeGuardedCallbackDev (http://localhost:5173/node_modules/.vite/deps/chunk-YQ5BCTVV.js?v=5398434d:3705:24)
    at invokeGuardedCallback (http://localhost:5173/node_modules/.vite/deps/chunk-YQ5BCTVV.js?v=5398434d:3739:39)
    at beginWork$1 (http://localhost:5173/node_modules/.vite/deps/chunk-YQ5BCTVV.js?v=5398434d:19818:15)
    at performUnitOfWork (http://localhost:5173/node_modules/.vite/deps/chunk-YQ5BCTVV.js?v=5398434d:19251:20)
[ 1929562ms] TypeError: Cannot read properties of undefined (reading 'flyExit')
    at exitBeat (http://localhost:5173/src/app/components/AiExperience.tsx?t=1783259094101:493:13)
    at StampedRow (http://localhost:5173/src/app/components/AiExperience.tsx?t=1783259094101:640:16)
    at renderWithHooks (http://localhost:5173/node_modules/.vite/deps/chunk-YQ5BCTVV.js?v=5398434d:11596:26)
    at updateFunctionComponent (http://localhost:5173/node_modules/.vite/deps/chunk-YQ5BCTVV.js?v=5398434d:14630:28)
    at beginWork (http://localhost:5173/node_modules/.vite/deps/chunk-YQ5BCTVV.js?v=5398434d:15972:22)
    at HTMLUnknownElement.callCallback2 (http://localhost:5173/node_modules/.vite/deps/chunk-YQ5BCTVV.js?v=5398434d:3680:22)
    at Object.invokeGuardedCallbackDev (http://localhost:5173/node_modules/.vite/deps/chunk-YQ5BCTVV.js?v=5398434d:3705:24)
    at invokeGuardedCallback (http://localhost:5173/node_modules/.vite/deps/chunk-YQ5BCTVV.js?v=5398434d:3739:39)
    at beginWork$1 (http://localhost:5173/node_modules/.vite/deps/chunk-YQ5BCTVV.js?v=5398434d:19818:15)
    at performUnitOfWork (http://localhost:5173/node_modules/.vite/deps/chunk-YQ5BCTVV.js?v=5398434d:19251:20)
[ 1929562ms] TypeError: Cannot read properties of undefined (reading 'flyExit')
    at exitBeat (http://localhost:5173/src/app/components/AiExperience.tsx?t=1783259094101:493:13)
    at StampedRow (http://localhost:5173/src/app/components/AiExperience.tsx?t=1783259094101:640:16)
    at renderWithHooks (http://localhost:5173/node_modules/.vite/deps/chunk-YQ5BCTVV.js?v=5398434d:11596:26)
    at updateFunctionComponent (http://localhost:5173/node_modules/.vite/deps/chunk-YQ5BCTVV.js?v=5398434d:14630:28)
    at beginWork (http://localhost:5173/node_modules/.vite/deps/chunk-YQ5BCTVV.js?v=5398434d:15972:22)
    at HTMLUnknownElement.callCallback2 (http://localhost:5173/node_modules/.vite/deps/chunk-YQ5BCTVV.js?v=5398434d:3680:22)
    at Object.invokeGuardedCallbackDev (http://localhost:5173/node_modules/.vite/deps/chunk-YQ5BCTVV.js?v=5398434d:3705:24)
    at invokeGuardedCallback (http://localhost:5173/node_modules/.vite/deps/chunk-YQ5BCTVV.js?v=5398434d:3739:39)
    at beginWork$1 (http://localhost:5173/node_modules/.vite/deps/chunk-YQ5BCTVV.js?v=5398434d:19818:15)
    at performUnitOfWork (http://localhost:5173/node_modules/.vite/deps/chunk-YQ5BCTVV.js?v=5398434d:19251:20)
[ 1929562ms] TypeError: Cannot read properties of undefined (reading 'flyExit')
    at exitBeat (http://localhost:5173/src/app/components/AiExperience.tsx?t=1783259094101:493:13)
    at StampedRow (http://localhost:5173/src/app/components/AiExperience.tsx?t=1783259094101:640:16)
    at renderWithHooks (http://localhost:5173/node_modules/.vite/deps/chunk-YQ5BCTVV.js?v=5398434d:11596:26)
    at updateFunctionComponent (http://localhost:5173/node_modules/.vite/deps/chunk-YQ5BCTVV.js?v=5398434d:14630:28)
    at beginWork (http://localhost:5173/node_modules/.vite/deps/chunk-YQ5BCTVV.js?v=5398434d:15972:22)
    at HTMLUnknownElement.callCallback2 (http://localhost:5173/node_modules/.vite/deps/chunk-YQ5BCTVV.js?v=5398434d:3680:22)
    at Object.invokeGuardedCallbackDev (http://localhost:5173/node_modules/.vite/deps/chunk-YQ5BCTVV.js?v=5398434d:3705:24)
    at invokeGuardedCallback (http://localhost:5173/node_modules/.vite/deps/chunk-YQ5BCTVV.js?v=5398434d:3739:39)
    at beginWork$1 (http://localhost:5173/node_modules/.vite/deps/chunk-YQ5BCTVV.js?v=5398434d:19818:15)
    at performUnitOfWork (http://localhost:5173/node_modules/.vite/deps/chunk-YQ5BCTVV.js?v=5398434d:19251:20)
[ 1929562ms] TypeError: Cannot read properties of undefined (reading 'flyExit')
    at exitBeat (http://localhost:5173/src/app/components/AiExperience.tsx?t=1783259094101:493:13)
    at StampedRow (http://localhost:5173/src/app/components/AiExperience.tsx?t=1783259094101:640:16)
    at renderWithHooks (http://localhost:5173/node_modules/.vite/deps/chunk-YQ5BCTVV.js?v=5398434d:11596:26)
    at updateFunctionComponent (http://localhost:5173/node_modules/.vite/deps/chunk-YQ5BCTVV.js?v=5398434d:14630:28)
    at beginWork (http://localhost:5173/node_modules/.vite/deps/chunk-YQ5BCTVV.js?v=5398434d:15972:22)
    at HTMLUnknownElement.callCallback2 (http://localhost:5173/node_modules/.vite/deps/chunk-YQ5BCTVV.js?v=5398434d:3680:22)
    at Object.invokeGuardedCallbackDev (http://localhost:5173/node_modules/.vite/deps/chunk-YQ5BCTVV.js?v=5398434d:3705:24)
    at invokeGuardedCallback (http://localhost:5173/node_modules/.vite/deps/chunk-YQ5BCTVV.js?v=5398434d:3739:39)
    at beginWork$1 (http://localhost:5173/node_modules/.vite/deps/chunk-YQ5BCTVV.js?v=5398434d:19818:15)
    at performUnitOfWork (http://localhost:5173/node_modules/.vite/deps/chunk-YQ5BCTVV.js?v=5398434d:19251:20)
[ 1929562ms] TypeError: Cannot read properties of undefined (reading 'flyExit')
    at exitBeat (http://localhost:5173/src/app/components/AiExperience.tsx?t=1783259094101:493:13)
    at StampedRow (http://localhost:5173/src/app/components/AiExperience.tsx?t=1783259094101:640:16)
    at renderWithHooks (http://localhost:5173/node_modules/.vite/deps/chunk-YQ5BCTVV.js?v=5398434d:11596:26)
    at updateFunctionComponent (http://localhost:5173/node_modules/.vite/deps/chunk-YQ5BCTVV.js?v=5398434d:14630:28)
    at beginWork (http://localhost:5173/node_modules/.vite/deps/chunk-YQ5BCTVV.js?v=5398434d:15972:22)
    at HTMLUnknownElement.callCallback2 (http://localhost:5173/node_modules/.vite/deps/chunk-YQ5BCTVV.js?v=5398434d:3680:22)
    at Object.invokeGuardedCallbackDev (http://localhost:5173/node_modules/.vite/deps/chunk-YQ5BCTVV.js?v=5398434d:3705:24)
    at invokeGuardedCallback (http://localhost:5173/node_modules/.vite/deps/chunk-YQ5BCTVV.js?v=5398434d:3739:39)
    at beginWork$1 (http://localhost:5173/node_modules/.vite/deps/chunk-YQ5BCTVV.js?v=5398434d:19818:15)
    at performUnitOfWork (http://localhost:5173/node_modules/.vite/deps/chunk-YQ5BCTVV.js?v=5398434d:19251:20)
[ 1929563ms] TypeError: Cannot read properties of undefined (reading 'flyExit')
    at exitBeat (http://localhost:5173/src/app/components/AiExperience.tsx?t=1783259094101:493:13)
    at StampedRow (http://localhost:5173/src/app/components/AiExperience.tsx?t=1783259094101:640:16)
    at renderWithHooks (http://localhost:5173/node_modules/.vite/deps/chunk-YQ5BCTVV.js?v=5398434d:11596:26)
    at updateFunctionComponent (http://localhost:5173/node_modules/.vite/deps/chunk-YQ5BCTVV.js?v=5398434d:14630:28)
    at beginWork (http://localhost:5173/node_modules/.vite/deps/chunk-YQ5BCTVV.js?v=5398434d:15972:22)
    at HTMLUnknownElement.callCallback2 (http://localhost:5173/node_modules/.vite/deps/chunk-YQ5BCTVV.js?v=5398434d:3680:22)
    at Object.invokeGuardedCallbackDev (http://localhost:5173/node_modules/.vite/deps/chunk-YQ5BCTVV.js?v=5398434d:3705:24)
    at invokeGuardedCallback (http://localhost:5173/node_modules/.vite/deps/chunk-YQ5BCTVV.js?v=5398434d:3739:39)
    at beginWork$1 (http://localhost:5173/node_modules/.vite/deps/chunk-YQ5BCTVV.js?v=5398434d:19818:15)
    at performUnitOfWork (http://localhost:5173/node_modules/.vite/deps/chunk-YQ5BCTVV.js?v=5398434d:19251:20)
[ 1929563ms] TypeError: Cannot read properties of undefined (reading 'flyExit')
    at exitBeat (http://localhost:5173/src/app/components/AiExperience.tsx?t=1783259094101:493:13)
    at StampedRow (http://localhost:5173/src/app/components/AiExperience.tsx?t=1783259094101:640:16)
    at renderWithHooks (http://localhost:5173/node_modules/.vite/deps/chunk-YQ5BCTVV.js?v=5398434d:11596:26)
    at updateFunctionComponent (http://localhost:5173/node_modules/.vite/deps/chunk-YQ5BCTVV.js?v=5398434d:14630:28)
    at beginWork (http://localhost:5173/node_modules/.vite/deps/chunk-YQ5BCTVV.js?v=5398434d:15972:22)
    at HTMLUnknownElement.callCallback2 (http://localhost:5173/node_modules/.vite/deps/chunk-YQ5BCTVV.js?v=5398434d:3680:22)
    at Object.invokeGuardedCallbackDev (http://localhost:5173/node_modules/.vite/deps/chunk-YQ5BCTVV.js?v=5398434d:3705:24)
    at invokeGuardedCallback (http://localhost:5173/node_modules/.vite/deps/chunk-YQ5BCTVV.js?v=5398434d:3739:39)
    at beginWork$1 (http://localhost:5173/node_modules/.vite/deps/chunk-YQ5BCTVV.js?v=5398434d:19818:15)
    at performUnitOfWork (http://localhost:5173/node_modules/.vite/deps/chunk-YQ5BCTVV.js?v=5398434d:19251:20)
[ 1929563ms] TypeError: Cannot read properties of undefined (reading 'flyExit')
    at exitBeat (http://localhost:5173/src/app/components/AiExperience.tsx?t=1783259094101:493:13)
    at StampedRow (http://localhost:5173/src/app/components/AiExperience.tsx?t=1783259094101:640:16)
    at renderWithHooks (http://localhost:5173/node_modules/.vite/deps/chunk-YQ5BCTVV.js?v=5398434d:11596:26)
    at updateFunctionComponent (http://localhost:5173/node_modules/.vite/deps/chunk-YQ5BCTVV.js?v=5398434d:14630:28)
    at beginWork (http://localhost:5173/node_modules/.vite/deps/chunk-YQ5BCTVV.js?v=5398434d:15972:22)
    at HTMLUnknownElement.callCallback2 (http://localhost:5173/node_modules/.vite/deps/chunk-YQ5BCTVV.js?v=5398434d:3680:22)
    at Object.invokeGuardedCallbackDev (http://localhost:5173/node_modules/.vite/deps/chunk-YQ5BCTVV.js?v=5398434d:3705:24)
    at invokeGuardedCallback (http://localhost:5173/node_modules/.vite/deps/chunk-YQ5BCTVV.js?v=5398434d:3739:39)
    at beginWork$1 (http://localhost:5173/node_modules/.vite/deps/chunk-YQ5BCTVV.js?v=5398434d:19818:15)
    at performUnitOfWork (http://localhost:5173/node_modules/.vite/deps/chunk-YQ5BCTVV.js?v=5398434d:19251:20)
[ 1929563ms] TypeError: Cannot read properties of undefined (reading 'flyExit')
    at exitBeat (http://localhost:5173/src/app/components/AiExperience.tsx?t=1783259094101:493:13)
    at StampedRow (http://localhost:5173/src/app/components/AiExperience.tsx?t=1783259094101:640:16)
    at renderWithHooks (http://localhost:5173/node_modules/.vite/deps/chunk-YQ5BCTVV.js?v=5398434d:11596:26)
    at updateFunctionComponent (http://localhost:5173/node_modules/.vite/deps/chunk-YQ5BCTVV.js?v=5398434d:14630:28)
    at beginWork (http://localhost:5173/node_modules/.vite/deps/chunk-YQ5BCTVV.js?v=5398434d:15972:22)
    at HTMLUnknownElement.callCallback2 (http://localhost:5173/node_modules/.vite/deps/chunk-YQ5BCTVV.js?v=5398434d:3680:22)
    at Object.invokeGuardedCallbackDev (http://localhost:5173/node_modules/.vite/deps/chunk-YQ5BCTVV.js?v=5398434d:3705:24)
    at invokeGuardedCallback (http://localhost:5173/node_modules/.vite/deps/chunk-YQ5BCTVV.js?v=5398434d:3739:39)
    at beginWork$1 (http://localhost:5173/node_modules/.vite/deps/chunk-YQ5BCTVV.js?v=5398434d:19818:15)
    at performUnitOfWork (http://localhost:5173/node_modules/.vite/deps/chunk-YQ5BCTVV.js?v=5398434d:19251:20)
[ 1929563ms] TypeError: Cannot read properties of undefined (reading 'flyExit')
    at exitBeat (http://localhost:5173/src/app/components/AiExperience.tsx?t=1783259094101:493:13)
    at StampedRow (http://localhost:5173/src/app/components/AiExperience.tsx?t=1783259094101:640:16)
    at renderWithHooks (http://localhost:5173/node_modules/.vite/deps/chunk-YQ5BCTVV.js?v=5398434d:11596:26)
    at updateFunctionComponent (http://localhost:5173/node_modules/.vite/deps/chunk-YQ5BCTVV.js?v=5398434d:14630:28)
    at beginWork (http://localhost:5173/node_modules/.vite/deps/chunk-YQ5BCTVV.js?v=5398434d:15972:22)
    at HTMLUnknownElement.callCallback2 (http://localhost:5173/node_modules/.vite/deps/chunk-YQ5BCTVV.js?v=5398434d:3680:22)
    at Object.invokeGuardedCallbackDev (http://localhost:5173/node_modules/.vite/deps/chunk-YQ5BCTVV.js?v=5398434d:3705:24)
    at invokeGuardedCallback (http://localhost:5173/node_modules/.vite/deps/chunk-YQ5BCTVV.js?v=5398434d:3739:39)
    at beginWork$1 (http://localhost:5173/node_modules/.vite/deps/chunk-YQ5BCTVV.js?v=5398434d:19818:15)
    at performUnitOfWork (http://localhost:5173/node_modules/.vite/deps/chunk-YQ5BCTVV.js?v=5398434d:19251:20)
[ 1929564ms] TypeError: Cannot read properties of undefined (reading 'flyExit')
    at exitBeat (http://localhost:5173/src/app/components/AiExperience.tsx?t=1783259094101:493:13)
    at StampedRow (http://localhost:5173/src/app/components/AiExperience.tsx?t=1783259094101:640:16)
    at renderWithHooks (http://localhost:5173/node_modules/.vite/deps/chunk-YQ5BCTVV.js?v=5398434d:11596:26)
    at updateFunctionComponent (http://localhost:5173/node_modules/.vite/deps/chunk-YQ5BCTVV.js?v=5398434d:14630:28)
    at beginWork (http://localhost:5173/node_modules/.vite/deps/chunk-YQ5BCTVV.js?v=5398434d:15972:22)
    at HTMLUnknownElement.callCallback2 (http://localhost:5173/node_modules/.vite/deps/chunk-YQ5BCTVV.js?v=5398434d:3680:22)
    at Object.invokeGuardedCallbackDev (http://localhost:5173/node_modules/.vite/deps/chunk-YQ5BCTVV.js?v=5398434d:3705:24)
    at invokeGuardedCallback (http://localhost:5173/node_modules/.vite/deps/chunk-YQ5BCTVV.js?v=5398434d:3739:39)
    at beginWork$1 (http://localhost:5173/node_modules/.vite/deps/chunk-YQ5BCTVV.js?v=5398434d:19818:15)
    at performUnitOfWork (http://localhost:5173/node_modules/.vite/deps/chunk-YQ5BCTVV.js?v=5398434d:19251:20)
[ 1929564ms] TypeError: Cannot read properties of undefined (reading 'flyExit')
    at exitBeat (http://localhost:5173/src/app/components/AiExperience.tsx?t=1783259094101:493:13)
    at StampedRow (http://localhost:5173/src/app/components/AiExperience.tsx?t=1783259094101:640:16)
    at renderWithHooks (http://localhost:5173/node_modules/.vite/deps/chunk-YQ5BCTVV.js?v=5398434d:11596:26)
    at updateFunctionComponent (http://localhost:5173/node_modules/.vite/deps/chunk-YQ5BCTVV.js?v=5398434d:14630:28)
    at beginWork (http://localhost:5173/node_modules/.vite/deps/chunk-YQ5BCTVV.js?v=5398434d:15972:22)
    at HTMLUnknownElement.callCallback2 (http://localhost:5173/node_modules/.vite/deps/chunk-YQ5BCTVV.js?v=5398434d:3680:22)
    at Object.invokeGuardedCallbackDev (http://localhost:5173/node_modules/.vite/deps/chunk-YQ5BCTVV.js?v=5398434d:3705:24)
    at invokeGuardedCallback (http://localhost:5173/node_modules/.vite/deps/chunk-YQ5BCTVV.js?v=5398434d:3739:39)
    at beginWork$1 (http://localhost:5173/node_modules/.vite/deps/chunk-YQ5BCTVV.js?v=5398434d:19818:15)
    at performUnitOfWork (http://localhost:5173/node_modules/.vite/deps/chunk-YQ5BCTVV.js?v=5398434d:19251:20)
[ 1929564ms] TypeError: Cannot read properties of undefined (reading 'flyExit')
    at exitBeat (http://localhost:5173/src/app/components/AiExperience.tsx?t=1783259094101:493:13)
    at StampedRow (http://localhost:5173/src/app/components/AiExperience.tsx?t=1783259094101:640:16)
    at renderWithHooks (http://localhost:5173/node_modules/.vite/deps/chunk-YQ5BCTVV.js?v=5398434d:11596:26)
    at updateFunctionComponent (http://localhost:5173/node_modules/.vite/deps/chunk-YQ5BCTVV.js?v=5398434d:14630:28)
    at beginWork (http://localhost:5173/node_modules/.vite/deps/chunk-YQ5BCTVV.js?v=5398434d:15972:22)
    at HTMLUnknownElement.callCallback2 (http://localhost:5173/node_modules/.vite/deps/chunk-YQ5BCTVV.js?v=5398434d:3680:22)
    at Object.invokeGuardedCallbackDev (http://localhost:5173/node_modules/.vite/deps/chunk-YQ5BCTVV.js?v=5398434d:3705:24)
    at invokeGuardedCallback (http://localhost:5173/node_modules/.vite/deps/chunk-YQ5BCTVV.js?v=5398434d:3739:39)
    at beginWork$1 (http://localhost:5173/node_modules/.vite/deps/chunk-YQ5BCTVV.js?v=5398434d:19818:15)
    at performUnitOfWork (http://localhost:5173/node_modules/.vite/deps/chunk-YQ5BCTVV.js?v=5398434d:19251:20)
[ 1929564ms] TypeError: Cannot read properties of undefined (reading 'flyExit')
    at exitBeat (http://localhost:5173/src/app/components/AiExperience.tsx?t=1783259094101:493:13)
    at StampedRow (http://localhost:5173/src/app/components/AiExperience.tsx?t=1783259094101:640:16)
    at renderWithHooks (http://localhost:5173/node_modules/.vite/deps/chunk-YQ5BCTVV.js?v=5398434d:11596:26)
    at updateFunctionComponent (http://localhost:5173/node_modules/.vite/deps/chunk-YQ5BCTVV.js?v=5398434d:14630:28)
    at beginWork (http://localhost:5173/node_modules/.vite/deps/chunk-YQ5BCTVV.js?v=5398434d:15972:22)
    at HTMLUnknownElement.callCallback2 (http://localhost:5173/node_modules/.vite/deps/chunk-YQ5BCTVV.js?v=5398434d:3680:22)
    at Object.invokeGuardedCallbackDev (http://localhost:5173/node_modules/.vite/deps/chunk-YQ5BCTVV.js?v=5398434d:3705:24)
    at invokeGuardedCallback (http://localhost:5173/node_modules/.vite/deps/chunk-YQ5BCTVV.js?v=5398434d:3739:39)
    at beginWork$1 (http://localhost:5173/node_modules/.vite/deps/chunk-YQ5BCTVV.js?v=5398434d:19818:15)
    at performUnitOfWork (http://localhost:5173/node_modules/.vite/deps/chunk-YQ5BCTVV.js?v=5398434d:19251:20)
[ 1929564ms] TypeError: Cannot read properties of undefined (reading 'flyExit')
    at exitBeat (http://localhost:5173/src/app/components/AiExperience.tsx?t=1783259094101:493:13)
    at StampedRow (http://localhost:5173/src/app/components/AiExperience.tsx?t=1783259094101:640:16)
    at renderWithHooks (http://localhost:5173/node_modules/.vite/deps/chunk-YQ5BCTVV.js?v=5398434d:11596:26)
    at updateFunctionComponent (http://localhost:5173/node_modules/.vite/deps/chunk-YQ5BCTVV.js?v=5398434d:14630:28)
    at beginWork (http://localhost:5173/node_modules/.vite/deps/chunk-YQ5BCTVV.js?v=5398434d:15972:22)
    at HTMLUnknownElement.callCallback2 (http://localhost:5173/node_modules/.vite/deps/chunk-YQ5BCTVV.js?v=5398434d:3680:22)
    at Object.invokeGuardedCallbackDev (http://localhost:5173/node_modules/.vite/deps/chunk-YQ5BCTVV.js?v=5398434d:3705:24)
    at invokeGuardedCallback (http://localhost:5173/node_modules/.vite/deps/chunk-YQ5BCTVV.js?v=5398434d:3739:39)
    at beginWork$1 (http://localhost:5173/node_modules/.vite/deps/chunk-YQ5BCTVV.js?v=5398434d:19818:15)
    at performUnitOfWork (http://localhost:5173/node_modules/.vite/deps/chunk-YQ5BCTVV.js?v=5398434d:19251:20)
[ 1929564ms] TypeError: Cannot read properties of undefined (reading 'flyExit')
    at exitBeat (http://localhost:5173/src/app/components/AiExperience.tsx?t=1783259094101:493:13)
    at StampedRow (http://localhost:5173/src/app/components/AiExperience.tsx?t=1783259094101:640:16)
    at renderWithHooks (http://localhost:5173/node_modules/.vite/deps/chunk-YQ5BCTVV.js?v=5398434d:11596:26)
    at updateFunctionComponent (http://localhost:5173/node_modules/.vite/deps/chunk-YQ5BCTVV.js?v=5398434d:14630:28)
    at beginWork (http://localhost:5173/node_modules/.vite/deps/chunk-YQ5BCTVV.js?v=5398434d:15972:22)
    at HTMLUnknownElement.callCallback2 (http://localhost:5173/node_modules/.vite/deps/chunk-YQ5BCTVV.js?v=5398434d:3680:22)
    at Object.invokeGuardedCallbackDev (http://localhost:5173/node_modules/.vite/deps/chunk-YQ5BCTVV.js?v=5398434d:3705:24)
    at invokeGuardedCallback (http://localhost:5173/node_modules/.vite/deps/chunk-YQ5BCTVV.js?v=5398434d:3739:39)
    at beginWork$1 (http://localhost:5173/node_modules/.vite/deps/chunk-YQ5BCTVV.js?v=5398434d:19818:15)
    at performUnitOfWork (http://localhost:5173/node_modules/.vite/deps/chunk-YQ5BCTVV.js?v=5398434d:19251:20)
[ 1929564ms] TypeError: Cannot read properties of undefined (reading 'flyExit')
    at exitBeat (http://localhost:5173/src/app/components/AiExperience.tsx?t=1783259094101:493:13)
    at StampedRow (http://localhost:5173/src/app/components/AiExperience.tsx?t=1783259094101:640:16)
    at renderWithHooks (http://localhost:5173/node_modules/.vite/deps/chunk-YQ5BCTVV.js?v=5398434d:11596:26)
    at updateFunctionComponent (http://localhost:5173/node_modules/.vite/deps/chunk-YQ5BCTVV.js?v=5398434d:14630:28)
    at beginWork (http://localhost:5173/node_modules/.vite/deps/chunk-YQ5BCTVV.js?v=5398434d:15972:22)
    at HTMLUnknownElement.callCallback2 (http://localhost:5173/node_modules/.vite/deps/chunk-YQ5BCTVV.js?v=5398434d:3680:22)
    at Object.invokeGuardedCallbackDev (http://localhost:5173/node_modules/.vite/deps/chunk-YQ5BCTVV.js?v=5398434d:3705:24)
    at invokeGuardedCallback (http://localhost:5173/node_modules/.vite/deps/chunk-YQ5BCTVV.js?v=5398434d:3739:39)
    at beginWork$1 (http://localhost:5173/node_modules/.vite/deps/chunk-YQ5BCTVV.js?v=5398434d:19818:15)
    at performUnitOfWork (http://localhost:5173/node_modules/.vite/deps/chunk-YQ5BCTVV.js?v=5398434d:19251:20)
[ 1929566ms] [ERROR] The above error occurred in the <StampedRow> component:

    at StampedRow (http://localhost:5173/src/app/components/AiExperience.tsx?t=1783259094101:625:3)
    at div
    at ItemsBlock (http://localhost:5173/src/app/components/AiExperience.tsx?t=1783259094101:676:23)
    at div
    at MotionDOMComponent (http://localhost:5173/node_modules/.vite/deps/motion_react.js?v=bc1929d9:1184:40)
    at SceneRoom (http://localhost:5173/src/app/components/AiExperience.tsx?t=1783259094101:365:22)
    at div
    at section
    at JourneyStage (http://localhost:5173/src/app/components/AiExperience.tsx?t=1783259094101:311:15)
    at main
    at AiExperience (http://localhost:5173/src/app/components/AiExperience.tsx?t=1783259094101:289:3)
    at div
    at App (http://localhost:5173/src/app/App.tsx?t=1783257965377:34:30)

Consider adding an error boundary to your tree to customize error handling behavior.
Visit https://reactjs.org/link/error-boundaries to learn more about error boundaries. @ http://localhost:5173/node_modules/.vite/deps/chunk-YQ5BCTVV.js?v=5398434d:14079
[ 1929566ms] [ERROR] The above error occurred in the <StampedRow> component:

    at StampedRow (http://localhost:5173/src/app/components/AiExperience.tsx?t=1783259094101:625:3)
    at div
    at ItemsBlock (http://localhost:5173/src/app/components/AiExperience.tsx?t=1783259094101:676:23)
    at div
    at MotionDOMComponent (http://localhost:5173/node_modules/.vite/deps/motion_react.js?v=bc1929d9:1184:40)
    at SceneRoom (http://localhost:5173/src/app/components/AiExperience.tsx?t=1783259094101:365:22)
    at div
    at section
    at JourneyStage (http://localhost:5173/src/app/components/AiExperience.tsx?t=1783259094101:311:15)
    at main
    at AiExperience (http://localhost:5173/src/app/components/AiExperience.tsx?t=1783259094101:289:3)
    at div
    at App (http://localhost:5173/src/app/App.tsx?t=1783257965377:34:30)

Consider adding an error boundary to your tree to customize error handling behavior.
Visit https://reactjs.org/link/error-boundaries to learn more about error boundaries. @ http://localhost:5173/node_modules/.vite/deps/chunk-YQ5BCTVV.js?v=5398434d:14079
[ 1929566ms] [ERROR] The above error occurred in the <StampedRow> component:

    at StampedRow (http://localhost:5173/src/app/components/AiExperience.tsx?t=1783259094101:625:3)
    at div
    at ItemsBlock (http://localhost:5173/src/app/components/AiExperience.tsx?t=1783259094101:676:23)
    at div
    at MotionDOMComponent (http://localhost:5173/node_modules/.vite/deps/motion_react.js?v=bc1929d9:1184:40)
    at SceneRoom (http://localhost:5173/src/app/components/AiExperience.tsx?t=1783259094101:365:22)
    at div
    at section
    at JourneyStage (http://localhost:5173/src/app/components/AiExperience.tsx?t=1783259094101:311:15)
    at main
    at AiExperience (http://localhost:5173/src/app/components/AiExperience.tsx?t=1783259094101:289:3)
    at div
    at App (http://localhost:5173/src/app/App.tsx?t=1783257965377:34:30)

Consider adding an error boundary to your tree to customize error handling behavior.
Visit https://reactjs.org/link/error-boundaries to learn more about error boundaries. @ http://localhost:5173/node_modules/.vite/deps/chunk-YQ5BCTVV.js?v=5398434d:14079
[ 1929566ms] [ERROR] The above error occurred in the <StampedRow> component:

    at StampedRow (http://localhost:5173/src/app/components/AiExperience.tsx?t=1783259094101:625:3)
    at div
    at ItemsBlock (http://localhost:5173/src/app/components/AiExperience.tsx?t=1783259094101:676:23)
    at div
    at MotionDOMComponent (http://localhost:5173/node_modules/.vite/deps/motion_react.js?v=bc1929d9:1184:40)
    at SceneRoom (http://localhost:5173/src/app/components/AiExperience.tsx?t=1783259094101:365:22)
    at div
    at section
    at JourneyStage (http://localhost:5173/src/app/components/AiExperience.tsx?t=1783259094101:311:15)
    at main
    at AiExperience (http://localhost:5173/src/app/components/AiExperience.tsx?t=1783259094101:289:3)
    at div
    at App (http://localhost:5173/src/app/App.tsx?t=1783257965377:34:30)

Consider adding an error boundary to your tree to customize error handling behavior.
Visit https://reactjs.org/link/error-boundaries to learn more about error boundaries. @ http://localhost:5173/node_modules/.vite/deps/chunk-YQ5BCTVV.js?v=5398434d:14079
[ 1929566ms] [ERROR] The above error occurred in the <StampedRow> component:

    at StampedRow (http://localhost:5173/src/app/components/AiExperience.tsx?t=1783259094101:625:3)
    at div
    at ItemsBlock (http://localhost:5173/src/app/components/AiExperience.tsx?t=1783259094101:676:23)
    at div
    at MotionDOMComponent (http://localhost:5173/node_modules/.vite/deps/motion_react.js?v=bc1929d9:1184:40)
    at SceneRoom (http://localhost:5173/src/app/components/AiExperience.tsx?t=1783259094101:365:22)
    at div
    at section
    at JourneyStage (http://localhost:5173/src/app/components/AiExperience.tsx?t=1783259094101:311:15)
    at main
    at AiExperience (http://localhost:5173/src/app/components/AiExperience.tsx?t=1783259094101:289:3)
    at div
    at App (http://localhost:5173/src/app/App.tsx?t=1783257965377:34:30)

Consider adding an error boundary to your tree to customize error handling behavior.
Visit https://reactjs.org/link/error-boundaries to learn more about error boundaries. @ http://localhost:5173/node_modules/.vite/deps/chunk-YQ5BCTVV.js?v=5398434d:14079
[ 1929566ms] [ERROR] The above error occurred in the <StampedRow> component:

    at StampedRow (http://localhost:5173/src/app/components/AiExperience.tsx?t=1783259094101:625:3)
    at div
    at ItemsBlock (http://localhost:5173/src/app/components/AiExperience.tsx?t=1783259094101:676:23)
    at div
    at MotionDOMComponent (http://localhost:5173/node_modules/.vite/deps/motion_react.js?v=bc1929d9:1184:40)
    at SceneRoom (http://localhost:5173/src/app/components/AiExperience.tsx?t=1783259094101:365:22)
    at div
    at section
    at JourneyStage (http://localhost:5173/src/app/components/AiExperience.tsx?t=1783259094101:311:15)
    at main
    at AiExperience (http://localhost:5173/src/app/components/AiExperience.tsx?t=1783259094101:289:3)
    at div
    at App (http://localhost:5173/src/app/App.tsx?t=1783257965377:34:30)

Consider adding an error boundary to your tree to customize error handling behavior.
Visit https://reactjs.org/link/error-boundaries to learn more about error boundaries. @ http://localhost:5173/node_modules/.vite/deps/chunk-YQ5BCTVV.js?v=5398434d:14079
[ 1929566ms] [ERROR] The above error occurred in the <StampedRow> component:

    at StampedRow (http://localhost:5173/src/app/components/AiExperience.tsx?t=1783259094101:625:3)
    at div
    at ItemsBlock (http://localhost:5173/src/app/components/AiExperience.tsx?t=1783259094101:676:23)
    at div
    at MotionDOMComponent (http://localhost:5173/node_modules/.vite/deps/motion_react.js?v=bc1929d9:1184:40)
    at SceneRoom (http://localhost:5173/src/app/components/AiExperience.tsx?t=1783259094101:365:22)
    at div
    at section
    at JourneyStage (http://localhost:5173/src/app/components/AiExperience.tsx?t=1783259094101:311:15)
    at main
    at AiExperience (http://localhost:5173/src/app/components/AiExperience.tsx?t=1783259094101:289:3)
    at div
    at App (http://localhost:5173/src/app/App.tsx?t=1783257965377:34:30)

Consider adding an error boundary to your tree to customize error handling behavior.
Visit https://reactjs.org/link/error-boundaries to learn more about error boundaries. @ http://localhost:5173/node_modules/.vite/deps/chunk-YQ5BCTVV.js?v=5398434d:14079
[ 1929566ms] [ERROR] The above error occurred in the <StampedRow> component:

    at StampedRow (http://localhost:5173/src/app/components/AiExperience.tsx?t=1783259094101:625:3)
    at div
    at ItemsBlock (http://localhost:5173/src/app/components/AiExperience.tsx?t=1783259094101:676:23)
    at div
    at MotionDOMComponent (http://localhost:5173/node_modules/.vite/deps/motion_react.js?v=bc1929d9:1184:40)
    at SceneRoom (http://localhost:5173/src/app/components/AiExperience.tsx?t=1783259094101:365:22)
    at div
    at section
    at JourneyStage (http://localhost:5173/src/app/components/AiExperience.tsx?t=1783259094101:311:15)
    at main
    at AiExperience (http://localhost:5173/src/app/components/AiExperience.tsx?t=1783259094101:289:3)
    at div
    at App (http://localhost:5173/src/app/App.tsx?t=1783257965377:34:30)

Consider adding an error boundary to your tree to customize error handling behavior.
Visit https://reactjs.org/link/error-boundaries to learn more about error boundaries. @ http://localhost:5173/node_modules/.vite/deps/chunk-YQ5BCTVV.js?v=5398434d:14079
[ 1929566ms] [ERROR] The above error occurred in the <StampedRow> component:

    at StampedRow (http://localhost:5173/src/app/components/AiExperience.tsx?t=1783259094101:625:3)
    at div
    at ItemsBlock (http://localhost:5173/src/app/components/AiExperience.tsx?t=1783259094101:676:23)
    at div
    at MotionDOMComponent (http://localhost:5173/node_modules/.vite/deps/motion_react.js?v=bc1929d9:1184:40)
    at SceneRoom (http://localhost:5173/src/app/components/AiExperience.tsx?t=1783259094101:365:22)
    at div
    at section
    at JourneyStage (http://localhost:5173/src/app/components/AiExperience.tsx?t=1783259094101:311:15)
    at main
    at AiExperience (http://localhost:5173/src/app/components/AiExperience.tsx?t=1783259094101:289:3)
    at div
    at App (http://localhost:5173/src/app/App.tsx?t=1783257965377:34:30)

Consider adding an error boundary to your tree to customize error handling behavior.
Visit https://reactjs.org/link/error-boundaries to learn more about error boundaries. @ http://localhost:5173/node_modules/.vite/deps/chunk-YQ5BCTVV.js?v=5398434d:14079
[ 1929566ms] [ERROR] The above error occurred in the <StampedRow> component:

    at StampedRow (http://localhost:5173/src/app/components/AiExperience.tsx?t=1783259094101:625:3)
    at div
    at ItemsBlock (http://localhost:5173/src/app/components/AiExperience.tsx?t=1783259094101:676:23)
    at div
    at MotionDOMComponent (http://localhost:5173/node_modules/.vite/deps/motion_react.js?v=bc1929d9:1184:40)
    at SceneRoom (http://localhost:5173/src/app/components/AiExperience.tsx?t=1783259094101:365:22)
    at div
    at section
    at JourneyStage (http://localhost:5173/src/app/components/AiExperience.tsx?t=1783259094101:311:15)
    at main
    at AiExperience (http://localhost:5173/src/app/components/AiExperience.tsx?t=1783259094101:289:3)
    at div
    at App (http://localhost:5173/src/app/App.tsx?t=1783257965377:34:30)

Consider adding an error boundary to your tree to customize error handling behavior.
Visit https://reactjs.org/link/error-boundaries to learn more about error boundaries. @ http://localhost:5173/node_modules/.vite/deps/chunk-YQ5BCTVV.js?v=5398434d:14079
[ 1929566ms] [ERROR] The above error occurred in the <StampedRow> component:

    at StampedRow (http://localhost:5173/src/app/components/AiExperience.tsx?t=1783259094101:625:3)
    at div
    at ItemsBlock (http://localhost:5173/src/app/components/AiExperience.tsx?t=1783259094101:676:23)
    at div
    at MotionDOMComponent (http://localhost:5173/node_modules/.vite/deps/motion_react.js?v=bc1929d9:1184:40)
    at SceneRoom (http://localhost:5173/src/app/components/AiExperience.tsx?t=1783259094101:365:22)
    at div
    at section
    at JourneyStage (http://localhost:5173/src/app/components/AiExperience.tsx?t=1783259094101:311:15)
    at main
    at AiExperience (http://localhost:5173/src/app/components/AiExperience.tsx?t=1783259094101:289:3)
    at div
    at App (http://localhost:5173/src/app/App.tsx?t=1783257965377:34:30)

Consider adding an error boundary to your tree to customize error handling behavior.
Visit https://reactjs.org/link/error-boundaries to learn more about error boundaries. @ http://localhost:5173/node_modules/.vite/deps/chunk-YQ5BCTVV.js?v=5398434d:14079
[ 1929566ms] [ERROR] The above error occurred in the <StampedRow> component:

    at StampedRow (http://localhost:5173/src/app/components/AiExperience.tsx?t=1783259094101:625:3)
    at div
    at ItemsBlock (http://localhost:5173/src/app/components/AiExperience.tsx?t=1783259094101:676:23)
    at div
    at MotionDOMComponent (http://localhost:5173/node_modules/.vite/deps/motion_react.js?v=bc1929d9:1184:40)
    at SceneRoom (http://localhost:5173/src/app/components/AiExperience.tsx?t=1783259094101:365:22)
    at div
    at section
    at JourneyStage (http://localhost:5173/src/app/components/AiExperience.tsx?t=1783259094101:311:15)
    at main
    at AiExperience (http://localhost:5173/src/app/components/AiExperience.tsx?t=1783259094101:289:3)
    at div
    at App (http://localhost:5173/src/app/App.tsx?t=1783257965377:34:30)

Consider adding an error boundary to your tree to customize error handling behavior.
Visit https://reactjs.org/link/error-boundaries to learn more about error boundaries. @ http://localhost:5173/node_modules/.vite/deps/chunk-YQ5BCTVV.js?v=5398434d:14079
[ 1929566ms] [ERROR] The above error occurred in the <StampedRow> component:

    at StampedRow (http://localhost:5173/src/app/components/AiExperience.tsx?t=1783259094101:625:3)
    at div
    at ItemsBlock (http://localhost:5173/src/app/components/AiExperience.tsx?t=1783259094101:676:23)
    at div
    at MotionDOMComponent (http://localhost:5173/node_modules/.vite/deps/motion_react.js?v=bc1929d9:1184:40)
    at SceneRoom (http://localhost:5173/src/app/components/AiExperience.tsx?t=1783259094101:365:22)
    at div
    at section
    at JourneyStage (http://localhost:5173/src/app/components/AiExperience.tsx?t=1783259094101:311:15)
    at main
    at AiExperience (http://localhost:5173/src/app/components/AiExperience.tsx?t=1783259094101:289:3)
    at div
    at App (http://localhost:5173/src/app/App.tsx?t=1783257965377:34:30)

Consider adding an error boundary to your tree to customize error handling behavior.
Visit https://reactjs.org/link/error-boundaries to learn more about error boundaries. @ http://localhost:5173/node_modules/.vite/deps/chunk-YQ5BCTVV.js?v=5398434d:14079
[ 1929567ms] [ERROR] The above error occurred in the <StampedRow> component:

    at StampedRow (http://localhost:5173/src/app/components/AiExperience.tsx?t=1783259094101:625:3)
    at div
    at div
    at ItemsBlock (http://localhost:5173/src/app/components/AiExperience.tsx?t=1783259094101:676:23)
    at div
    at MotionDOMComponent (http://localhost:5173/node_modules/.vite/deps/motion_react.js?v=bc1929d9:1184:40)
    at SceneRoom (http://localhost:5173/src/app/components/AiExperience.tsx?t=1783259094101:365:22)
    at div
    at section
    at JourneyStage (http://localhost:5173/src/app/components/AiExperience.tsx?t=1783259094101:311:15)
    at main
    at AiExperience (http://localhost:5173/src/app/components/AiExperience.tsx?t=1783259094101:289:3)
    at div
    at App (http://localhost:5173/src/app/App.tsx?t=1783257965377:34:30)

Consider adding an error boundary to your tree to customize error handling behavior.
Visit https://reactjs.org/link/error-boundaries to learn more about error boundaries. @ http://localhost:5173/node_modules/.vite/deps/chunk-YQ5BCTVV.js?v=5398434d:14079
[ 1929567ms] [ERROR] The above error occurred in the <StampedRow> component:

    at StampedRow (http://localhost:5173/src/app/components/AiExperience.tsx?t=1783259094101:625:3)
    at div
    at div
    at ItemsBlock (http://localhost:5173/src/app/components/AiExperience.tsx?t=1783259094101:676:23)
    at div
    at MotionDOMComponent (http://localhost:5173/node_modules/.vite/deps/motion_react.js?v=bc1929d9:1184:40)
    at SceneRoom (http://localhost:5173/src/app/components/AiExperience.tsx?t=1783259094101:365:22)
    at div
    at section
    at JourneyStage (http://localhost:5173/src/app/components/AiExperience.tsx?t=1783259094101:311:15)
    at main
    at AiExperience (http://localhost:5173/src/app/components/AiExperience.tsx?t=1783259094101:289:3)
    at div
    at App (http://localhost:5173/src/app/App.tsx?t=1783257965377:34:30)

Consider adding an error boundary to your tree to customize error handling behavior.
Visit https://reactjs.org/link/error-boundaries to learn more about error boundaries. @ http://localhost:5173/node_modules/.vite/deps/chunk-YQ5BCTVV.js?v=5398434d:14079
[ 1929567ms] [ERROR] The above error occurred in the <StampedRow> component:

    at StampedRow (http://localhost:5173/src/app/components/AiExperience.tsx?t=1783259094101:625:3)
    at div
    at div
    at ItemsBlock (http://localhost:5173/src/app/components/AiExperience.tsx?t=1783259094101:676:23)
    at div
    at MotionDOMComponent (http://localhost:5173/node_modules/.vite/deps/motion_react.js?v=bc1929d9:1184:40)
    at SceneRoom (http://localhost:5173/src/app/components/AiExperience.tsx?t=1783259094101:365:22)
    at div
    at section
    at JourneyStage (http://localhost:5173/src/app/components/AiExperience.tsx?t=1783259094101:311:15)
    at main
    at AiExperience (http://localhost:5173/src/app/components/AiExperience.tsx?t=1783259094101:289:3)
    at div
    at App (http://localhost:5173/src/app/App.tsx?t=1783257965377:34:30)

Consider adding an error boundary to your tree to customize error handling behavior.
Visit https://reactjs.org/link/error-boundaries to learn more about error boundaries. @ http://localhost:5173/node_modules/.vite/deps/chunk-YQ5BCTVV.js?v=5398434d:14079
[ 1929567ms] [ERROR] The above error occurred in the <StampedRow> component:

    at StampedRow (http://localhost:5173/src/app/components/AiExperience.tsx?t=1783259094101:625:3)
    at div
    at div
    at ItemsBlock (http://localhost:5173/src/app/components/AiExperience.tsx?t=1783259094101:676:23)
    at div
    at MotionDOMComponent (http://localhost:5173/node_modules/.vite/deps/motion_react.js?v=bc1929d9:1184:40)
    at SceneRoom (http://localhost:5173/src/app/components/AiExperience.tsx?t=1783259094101:365:22)
    at div
    at section
    at JourneyStage (http://localhost:5173/src/app/components/AiExperience.tsx?t=1783259094101:311:15)
    at main
    at AiExperience (http://localhost:5173/src/app/components/AiExperience.tsx?t=1783259094101:289:3)
    at div
    at App (http://localhost:5173/src/app/App.tsx?t=1783257965377:34:30)

Consider adding an error boundary to your tree to customize error handling behavior.
Visit https://reactjs.org/link/error-boundaries to learn more about error boundaries. @ http://localhost:5173/node_modules/.vite/deps/chunk-YQ5BCTVV.js?v=5398434d:14079
[ 1929567ms] [ERROR] The above error occurred in the <StampedRow> component:

    at StampedRow (http://localhost:5173/src/app/components/AiExperience.tsx?t=1783259094101:625:3)
    at div
    at div
    at ItemsBlock (http://localhost:5173/src/app/components/AiExperience.tsx?t=1783259094101:676:23)
    at div
    at MotionDOMComponent (http://localhost:5173/node_modules/.vite/deps/motion_react.js?v=bc1929d9:1184:40)
    at SceneRoom (http://localhost:5173/src/app/components/AiExperience.tsx?t=1783259094101:365:22)
    at div
    at section
    at JourneyStage (http://localhost:5173/src/app/components/AiExperience.tsx?t=1783259094101:311:15)
    at main
    at AiExperience (http://localhost:5173/src/app/components/AiExperience.tsx?t=1783259094101:289:3)
    at div
    at App (http://localhost:5173/src/app/App.tsx?t=1783257965377:34:30)

Consider adding an error boundary to your tree to customize error handling behavior.
Visit https://reactjs.org/link/error-boundaries to learn more about error boundaries. @ http://localhost:5173/node_modules/.vite/deps/chunk-YQ5BCTVV.js?v=5398434d:14079
[ 1929567ms] [ERROR] The above error occurred in the <StampedRow> component:

    at StampedRow (http://localhost:5173/src/app/components/AiExperience.tsx?t=1783259094101:625:3)
    at div
    at div
    at ItemsBlock (http://localhost:5173/src/app/components/AiExperience.tsx?t=1783259094101:676:23)
    at div
    at MotionDOMComponent (http://localhost:5173/node_modules/.vite/deps/motion_react.js?v=bc1929d9:1184:40)
    at SceneRoom (http://localhost:5173/src/app/components/AiExperience.tsx?t=1783259094101:365:22)
    at div
    at section
    at JourneyStage (http://localhost:5173/src/app/components/AiExperience.tsx?t=1783259094101:311:15)
    at main
    at AiExperience (http://localhost:5173/src/app/components/AiExperience.tsx?t=1783259094101:289:3)
    at div
    at App (http://localhost:5173/src/app/App.tsx?t=1783257965377:34:30)

Consider adding an error boundary to your tree to customize error handling behavior.
Visit https://reactjs.org/link/error-boundaries to learn more about error boundaries. @ http://localhost:5173/node_modules/.vite/deps/chunk-YQ5BCTVV.js?v=5398434d:14079
[ 1929567ms] [ERROR] The above error occurred in the <StampedRow> component:

    at StampedRow (http://localhost:5173/src/app/components/AiExperience.tsx?t=1783259094101:625:3)
    at div
    at div
    at ItemsBlock (http://localhost:5173/src/app/components/AiExperience.tsx?t=1783259094101:676:23)
    at div
    at MotionDOMComponent (http://localhost:5173/node_modules/.vite/deps/motion_react.js?v=bc1929d9:1184:40)
    at SceneRoom (http://localhost:5173/src/app/components/AiExperience.tsx?t=1783259094101:365:22)
    at div
    at section
    at JourneyStage (http://localhost:5173/src/app/components/AiExperience.tsx?t=1783259094101:311:15)
    at main
    at AiExperience (http://localhost:5173/src/app/components/AiExperience.tsx?t=1783259094101:289:3)
    at div
    at App (http://localhost:5173/src/app/App.tsx?t=1783257965377:34:30)

Consider adding an error boundary to your tree to customize error handling behavior.
Visit https://reactjs.org/link/error-boundaries to learn more about error boundaries. @ http://localhost:5173/node_modules/.vite/deps/chunk-YQ5BCTVV.js?v=5398434d:14079
[ 1929567ms] [ERROR] The above error occurred in the <StampedRow> component:

    at StampedRow (http://localhost:5173/src/app/components/AiExperience.tsx?t=1783259094101:625:3)
    at div
    at div
    at ItemsBlock (http://localhost:5173/src/app/components/AiExperience.tsx?t=1783259094101:676:23)
    at div
    at MotionDOMComponent (http://localhost:5173/node_modules/.vite/deps/motion_react.js?v=bc1929d9:1184:40)
    at SceneRoom (http://localhost:5173/src/app/components/AiExperience.tsx?t=1783259094101:365:22)
    at div
    at section
    at JourneyStage (http://localhost:5173/src/app/components/AiExperience.tsx?t=1783259094101:311:15)
    at main
    at AiExperience (http://localhost:5173/src/app/components/AiExperience.tsx?t=1783259094101:289:3)
    at div
    at App (http://localhost:5173/src/app/App.tsx?t=1783257965377:34:30)

Consider adding an error boundary to your tree to customize error handling behavior.
Visit https://reactjs.org/link/error-boundaries to learn more about error boundaries. @ http://localhost:5173/node_modules/.vite/deps/chunk-YQ5BCTVV.js?v=5398434d:14079
[ 1929567ms] [ERROR] The above error occurred in the <StampedRow> component:

    at StampedRow (http://localhost:5173/src/app/components/AiExperience.tsx?t=1783259094101:625:3)
    at div
    at div
    at ItemsBlock (http://localhost:5173/src/app/components/AiExperience.tsx?t=1783259094101:676:23)
    at div
    at MotionDOMComponent (http://localhost:5173/node_modules/.vite/deps/motion_react.js?v=bc1929d9:1184:40)
    at SceneRoom (http://localhost:5173/src/app/components/AiExperience.tsx?t=1783259094101:365:22)
    at div
    at section
    at JourneyStage (http://localhost:5173/src/app/components/AiExperience.tsx?t=1783259094101:311:15)
    at main
    at AiExperience (http://localhost:5173/src/app/components/AiExperience.tsx?t=1783259094101:289:3)
    at div
    at App (http://localhost:5173/src/app/App.tsx?t=1783257965377:34:30)

Consider adding an error boundary to your tree to customize error handling behavior.
Visit https://reactjs.org/link/error-boundaries to learn more about error boundaries. @ http://localhost:5173/node_modules/.vite/deps/chunk-YQ5BCTVV.js?v=5398434d:14079
[ 1929569ms] TypeError: Cannot read properties of undefined (reading 'flyExit')
    at exitBeat (http://localhost:5173/src/app/components/AiExperience.tsx?t=1783259094101:493:13)
    at StampedRow (http://localhost:5173/src/app/components/AiExperience.tsx?t=1783259094101:640:16)
    at renderWithHooks (http://localhost:5173/node_modules/.vite/deps/chunk-YQ5BCTVV.js?v=5398434d:11596:26)
    at updateFunctionComponent (http://localhost:5173/node_modules/.vite/deps/chunk-YQ5BCTVV.js?v=5398434d:14630:28)
    at beginWork (http://localhost:5173/node_modules/.vite/deps/chunk-YQ5BCTVV.js?v=5398434d:15972:22)
    at beginWork$1 (http://localhost:5173/node_modules/.vite/deps/chunk-YQ5BCTVV.js?v=5398434d:19806:22)
    at performUnitOfWork (http://localhost:5173/node_modules/.vite/deps/chunk-YQ5BCTVV.js?v=5398434d:19251:20)
    at workLoopSync (http://localhost:5173/node_modules/.vite/deps/chunk-YQ5BCTVV.js?v=5398434d:19190:13)
    at renderRootSync (http://localhost:5173/node_modules/.vite/deps/chunk-YQ5BCTVV.js?v=5398434d:19169:15)
    at recoverFromConcurrentError (http://localhost:5173/node_modules/.vite/deps/chunk-YQ5BCTVV.js?v=5398434d:18786:28)
[ 1944995ms] TypeError: Cannot read properties of undefined (reading 'flyExit')
    at exitBeat (http://localhost:5173/src/app/components/AiExperience.tsx?t=1783259109462:493:13)
    at StampedRow (http://localhost:5173/src/app/components/AiExperience.tsx?t=1783259109462:640:16)
    at renderWithHooks (http://localhost:5173/node_modules/.vite/deps/chunk-YQ5BCTVV.js?v=5398434d:11596:26)
    at mountIndeterminateComponent (http://localhost:5173/node_modules/.vite/deps/chunk-YQ5BCTVV.js?v=5398434d:14974:21)
    at beginWork (http://localhost:5173/node_modules/.vite/deps/chunk-YQ5BCTVV.js?v=5398434d:15962:22)
    at HTMLUnknownElement.callCallback2 (http://localhost:5173/node_modules/.vite/deps/chunk-YQ5BCTVV.js?v=5398434d:3680:22)
    at Object.invokeGuardedCallbackDev (http://localhost:5173/node_modules/.vite/deps/chunk-YQ5BCTVV.js?v=5398434d:3705:24)
    at invokeGuardedCallback (http://localhost:5173/node_modules/.vite/deps/chunk-YQ5BCTVV.js?v=5398434d:3739:39)
    at beginWork$1 (http://localhost:5173/node_modules/.vite/deps/chunk-YQ5BCTVV.js?v=5398434d:19818:15)
    at performUnitOfWork (http://localhost:5173/node_modules/.vite/deps/chunk-YQ5BCTVV.js?v=5398434d:19251:20)
[ 1944996ms] TypeError: Cannot read properties of undefined (reading 'flyExit')
    at exitBeat (http://localhost:5173/src/app/components/AiExperience.tsx?t=1783259109462:493:13)
    at StampedRow (http://localhost:5173/src/app/components/AiExperience.tsx?t=1783259109462:640:16)
    at renderWithHooks (http://localhost:5173/node_modules/.vite/deps/chunk-YQ5BCTVV.js?v=5398434d:11596:26)
    at mountIndeterminateComponent (http://localhost:5173/node_modules/.vite/deps/chunk-YQ5BCTVV.js?v=5398434d:14974:21)
    at beginWork (http://localhost:5173/node_modules/.vite/deps/chunk-YQ5BCTVV.js?v=5398434d:15962:22)
    at HTMLUnknownElement.callCallback2 (http://localhost:5173/node_modules/.vite/deps/chunk-YQ5BCTVV.js?v=5398434d:3680:22)
    at Object.invokeGuardedCallbackDev (http://localhost:5173/node_modules/.vite/deps/chunk-YQ5BCTVV.js?v=5398434d:3705:24)
    at invokeGuardedCallback (http://localhost:5173/node_modules/.vite/deps/chunk-YQ5BCTVV.js?v=5398434d:3739:39)
    at beginWork$1 (http://localhost:5173/node_modules/.vite/deps/chunk-YQ5BCTVV.js?v=5398434d:19818:15)
    at performUnitOfWork (http://localhost:5173/node_modules/.vite/deps/chunk-YQ5BCTVV.js?v=5398434d:19251:20)
[ 1944996ms] TypeError: Cannot read properties of undefined (reading 'flyExit')
    at exitBeat (http://localhost:5173/src/app/components/AiExperience.tsx?t=1783259109462:493:13)
    at StampedRow (http://localhost:5173/src/app/components/AiExperience.tsx?t=1783259109462:640:16)
    at renderWithHooks (http://localhost:5173/node_modules/.vite/deps/chunk-YQ5BCTVV.js?v=5398434d:11596:26)
    at mountIndeterminateComponent (http://localhost:5173/node_modules/.vite/deps/chunk-YQ5BCTVV.js?v=5398434d:14974:21)
    at beginWork (http://localhost:5173/node_modules/.vite/deps/chunk-YQ5BCTVV.js?v=5398434d:15962:22)
    at HTMLUnknownElement.callCallback2 (http://localhost:5173/node_modules/.vite/deps/chunk-YQ5BCTVV.js?v=5398434d:3680:22)
    at Object.invokeGuardedCallbackDev (http://localhost:5173/node_modules/.vite/deps/chunk-YQ5BCTVV.js?v=5398434d:3705:24)
    at invokeGuardedCallback (http://localhost:5173/node_modules/.vite/deps/chunk-YQ5BCTVV.js?v=5398434d:3739:39)
    at beginWork$1 (http://localhost:5173/node_modules/.vite/deps/chunk-YQ5BCTVV.js?v=5398434d:19818:15)
    at performUnitOfWork (http://localhost:5173/node_modules/.vite/deps/chunk-YQ5BCTVV.js?v=5398434d:19251:20)
[ 1944996ms] TypeError: Cannot read properties of undefined (reading 'flyExit')
    at exitBeat (http://localhost:5173/src/app/components/AiExperience.tsx?t=1783259109462:493:13)
    at StampedRow (http://localhost:5173/src/app/components/AiExperience.tsx?t=1783259109462:640:16)
    at renderWithHooks (http://localhost:5173/node_modules/.vite/deps/chunk-YQ5BCTVV.js?v=5398434d:11596:26)
    at mountIndeterminateComponent (http://localhost:5173/node_modules/.vite/deps/chunk-YQ5BCTVV.js?v=5398434d:14974:21)
    at beginWork (http://localhost:5173/node_modules/.vite/deps/chunk-YQ5BCTVV.js?v=5398434d:15962:22)
    at HTMLUnknownElement.callCallback2 (http://localhost:5173/node_modules/.vite/deps/chunk-YQ5BCTVV.js?v=5398434d:3680:22)
    at Object.invokeGuardedCallbackDev (http://localhost:5173/node_modules/.vite/deps/chunk-YQ5BCTVV.js?v=5398434d:3705:24)
    at invokeGuardedCallback (http://localhost:5173/node_modules/.vite/deps/chunk-YQ5BCTVV.js?v=5398434d:3739:39)
    at beginWork$1 (http://localhost:5173/node_modules/.vite/deps/chunk-YQ5BCTVV.js?v=5398434d:19818:15)
    at performUnitOfWork (http://localhost:5173/node_modules/.vite/deps/chunk-YQ5BCTVV.js?v=5398434d:19251:20)
[ 1944996ms] TypeError: Cannot read properties of undefined (reading 'flyExit')
    at exitBeat (http://localhost:5173/src/app/components/AiExperience.tsx?t=1783259109462:493:13)
    at StampedRow (http://localhost:5173/src/app/components/AiExperience.tsx?t=1783259109462:640:16)
    at renderWithHooks (http://localhost:5173/node_modules/.vite/deps/chunk-YQ5BCTVV.js?v=5398434d:11596:26)
    at mountIndeterminateComponent (http://localhost:5173/node_modules/.vite/deps/chunk-YQ5BCTVV.js?v=5398434d:14974:21)
    at beginWork (http://localhost:5173/node_modules/.vite/deps/chunk-YQ5BCTVV.js?v=5398434d:15962:22)
    at HTMLUnknownElement.callCallback2 (http://localhost:5173/node_modules/.vite/deps/chunk-YQ5BCTVV.js?v=5398434d:3680:22)
    at Object.invokeGuardedCallbackDev (http://localhost:5173/node_modules/.vite/deps/chunk-YQ5BCTVV.js?v=5398434d:3705:24)
    at invokeGuardedCallback (http://localhost:5173/node_modules/.vite/deps/chunk-YQ5BCTVV.js?v=5398434d:3739:39)
    at beginWork$1 (http://localhost:5173/node_modules/.vite/deps/chunk-YQ5BCTVV.js?v=5398434d:19818:15)
    at performUnitOfWork (http://localhost:5173/node_modules/.vite/deps/chunk-YQ5BCTVV.js?v=5398434d:19251:20)
[ 1944996ms] TypeError: Cannot read properties of undefined (reading 'flyExit')
    at exitBeat (http://localhost:5173/src/app/components/AiExperience.tsx?t=1783259109462:493:13)
    at StampedRow (http://localhost:5173/src/app/components/AiExperience.tsx?t=1783259109462:640:16)
    at renderWithHooks (http://localhost:5173/node_modules/.vite/deps/chunk-YQ5BCTVV.js?v=5398434d:11596:26)
    at mountIndeterminateComponent (http://localhost:5173/node_modules/.vite/deps/chunk-YQ5BCTVV.js?v=5398434d:14974:21)
    at beginWork (http://localhost:5173/node_modules/.vite/deps/chunk-YQ5BCTVV.js?v=5398434d:15962:22)
    at HTMLUnknownElement.callCallback2 (http://localhost:5173/node_modules/.vite/deps/chunk-YQ5BCTVV.js?v=5398434d:3680:22)
    at Object.invokeGuardedCallbackDev (http://localhost:5173/node_modules/.vite/deps/chunk-YQ5BCTVV.js?v=5398434d:3705:24)
    at invokeGuardedCallback (http://localhost:5173/node_modules/.vite/deps/chunk-YQ5BCTVV.js?v=5398434d:3739:39)
    at beginWork$1 (http://localhost:5173/node_modules/.vite/deps/chunk-YQ5BCTVV.js?v=5398434d:19818:15)
    at performUnitOfWork (http://localhost:5173/node_modules/.vite/deps/chunk-YQ5BCTVV.js?v=5398434d:19251:20)
[ 1944997ms] TypeError: Cannot read properties of undefined (reading 'flyExit')
    at exitBeat (http://localhost:5173/src/app/components/AiExperience.tsx?t=1783259109462:493:13)
    at StampedRow (http://localhost:5173/src/app/components/AiExperience.tsx?t=1783259109462:640:16)
    at renderWithHooks (http://localhost:5173/node_modules/.vite/deps/chunk-YQ5BCTVV.js?v=5398434d:11596:26)
    at mountIndeterminateComponent (http://localhost:5173/node_modules/.vite/deps/chunk-YQ5BCTVV.js?v=5398434d:14974:21)
    at beginWork (http://localhost:5173/node_modules/.vite/deps/chunk-YQ5BCTVV.js?v=5398434d:15962:22)
    at HTMLUnknownElement.callCallback2 (http://localhost:5173/node_modules/.vite/deps/chunk-YQ5BCTVV.js?v=5398434d:3680:22)
    at Object.invokeGuardedCallbackDev (http://localhost:5173/node_modules/.vite/deps/chunk-YQ5BCTVV.js?v=5398434d:3705:24)
    at invokeGuardedCallback (http://localhost:5173/node_modules/.vite/deps/chunk-YQ5BCTVV.js?v=5398434d:3739:39)
    at beginWork$1 (http://localhost:5173/node_modules/.vite/deps/chunk-YQ5BCTVV.js?v=5398434d:19818:15)
    at performUnitOfWork (http://localhost:5173/node_modules/.vite/deps/chunk-YQ5BCTVV.js?v=5398434d:19251:20)
[ 1944997ms] TypeError: Cannot read properties of undefined (reading 'flyExit')
    at exitBeat (http://localhost:5173/src/app/components/AiExperience.tsx?t=1783259109462:493:13)
    at StampedRow (http://localhost:5173/src/app/components/AiExperience.tsx?t=1783259109462:640:16)
    at renderWithHooks (http://localhost:5173/node_modules/.vite/deps/chunk-YQ5BCTVV.js?v=5398434d:11596:26)
    at mountIndeterminateComponent (http://localhost:5173/node_modules/.vite/deps/chunk-YQ5BCTVV.js?v=5398434d:14974:21)
    at beginWork (http://localhost:5173/node_modules/.vite/deps/chunk-YQ5BCTVV.js?v=5398434d:15962:22)
    at HTMLUnknownElement.callCallback2 (http://localhost:5173/node_modules/.vite/deps/chunk-YQ5BCTVV.js?v=5398434d:3680:22)
    at Object.invokeGuardedCallbackDev (http://localhost:5173/node_modules/.vite/deps/chunk-YQ5BCTVV.js?v=5398434d:3705:24)
    at invokeGuardedCallback (http://localhost:5173/node_modules/.vite/deps/chunk-YQ5BCTVV.js?v=5398434d:3739:39)
    at beginWork$1 (http://localhost:5173/node_modules/.vite/deps/chunk-YQ5BCTVV.js?v=5398434d:19818:15)
    at performUnitOfWork (http://localhost:5173/node_modules/.vite/deps/chunk-YQ5BCTVV.js?v=5398434d:19251:20)
[ 1944997ms] TypeError: Cannot read properties of undefined (reading 'flyExit')
    at exitBeat (http://localhost:5173/src/app/components/AiExperience.tsx?t=1783259109462:493:13)
    at StampedRow (http://localhost:5173/src/app/components/AiExperience.tsx?t=1783259109462:640:16)
    at renderWithHooks (http://localhost:5173/node_modules/.vite/deps/chunk-YQ5BCTVV.js?v=5398434d:11596:26)
    at mountIndeterminateComponent (http://localhost:5173/node_modules/.vite/deps/chunk-YQ5BCTVV.js?v=5398434d:14974:21)
    at beginWork (http://localhost:5173/node_modules/.vite/deps/chunk-YQ5BCTVV.js?v=5398434d:15962:22)
    at HTMLUnknownElement.callCallback2 (http://localhost:5173/node_modules/.vite/deps/chunk-YQ5BCTVV.js?v=5398434d:3680:22)
    at Object.invokeGuardedCallbackDev (http://localhost:5173/node_modules/.vite/deps/chunk-YQ5BCTVV.js?v=5398434d:3705:24)
    at invokeGuardedCallback (http://localhost:5173/node_modules/.vite/deps/chunk-YQ5BCTVV.js?v=5398434d:3739:39)
    at beginWork$1 (http://localhost:5173/node_modules/.vite/deps/chunk-YQ5BCTVV.js?v=5398434d:19818:15)
    at performUnitOfWork (http://localhost:5173/node_modules/.vite/deps/chunk-YQ5BCTVV.js?v=5398434d:19251:20)
[ 1944997ms] TypeError: Cannot read properties of undefined (reading 'flyExit')
    at exitBeat (http://localhost:5173/src/app/components/AiExperience.tsx?t=1783259109462:493:13)
    at StampedRow (http://localhost:5173/src/app/components/AiExperience.tsx?t=1783259109462:640:16)
    at renderWithHooks (http://localhost:5173/node_modules/.vite/deps/chunk-YQ5BCTVV.js?v=5398434d:11596:26)
    at mountIndeterminateComponent (http://localhost:5173/node_modules/.vite/deps/chunk-YQ5BCTVV.js?v=5398434d:14974:21)
    at beginWork (http://localhost:5173/node_modules/.vite/deps/chunk-YQ5BCTVV.js?v=5398434d:15962:22)
    at HTMLUnknownElement.callCallback2 (http://localhost:5173/node_modules/.vite/deps/chunk-YQ5BCTVV.js?v=5398434d:3680:22)
    at Object.invokeGuardedCallbackDev (http://localhost:5173/node_modules/.vite/deps/chunk-YQ5BCTVV.js?v=5398434d:3705:24)
    at invokeGuardedCallback (http://localhost:5173/node_modules/.vite/deps/chunk-YQ5BCTVV.js?v=5398434d:3739:39)
    at beginWork$1 (http://localhost:5173/node_modules/.vite/deps/chunk-YQ5BCTVV.js?v=5398434d:19818:15)
    at performUnitOfWork (http://localhost:5173/node_modules/.vite/deps/chunk-YQ5BCTVV.js?v=5398434d:19251:20)
[ 1944998ms] TypeError: Cannot read properties of undefined (reading 'flyExit')
    at exitBeat (http://localhost:5173/src/app/components/AiExperience.tsx?t=1783259109462:493:13)
    at StampedRow (http://localhost:5173/src/app/components/AiExperience.tsx?t=1783259109462:640:16)
    at renderWithHooks (http://localhost:5173/node_modules/.vite/deps/chunk-YQ5BCTVV.js?v=5398434d:11596:26)
    at mountIndeterminateComponent (http://localhost:5173/node_modules/.vite/deps/chunk-YQ5BCTVV.js?v=5398434d:14974:21)
    at beginWork (http://localhost:5173/node_modules/.vite/deps/chunk-YQ5BCTVV.js?v=5398434d:15962:22)
    at HTMLUnknownElement.callCallback2 (http://localhost:5173/node_modules/.vite/deps/chunk-YQ5BCTVV.js?v=5398434d:3680:22)
    at Object.invokeGuardedCallbackDev (http://localhost:5173/node_modules/.vite/deps/chunk-YQ5BCTVV.js?v=5398434d:3705:24)
    at invokeGuardedCallback (http://localhost:5173/node_modules/.vite/deps/chunk-YQ5BCTVV.js?v=5398434d:3739:39)
    at beginWork$1 (http://localhost:5173/node_modules/.vite/deps/chunk-YQ5BCTVV.js?v=5398434d:19818:15)
    at performUnitOfWork (http://localhost:5173/node_modules/.vite/deps/chunk-YQ5BCTVV.js?v=5398434d:19251:20)
[ 1944998ms] TypeError: Cannot read properties of undefined (reading 'flyExit')
    at exitBeat (http://localhost:5173/src/app/components/AiExperience.tsx?t=1783259109462:493:13)
    at StampedRow (http://localhost:5173/src/app/components/AiExperience.tsx?t=1783259109462:640:16)
    at renderWithHooks (http://localhost:5173/node_modules/.vite/deps/chunk-YQ5BCTVV.js?v=5398434d:11596:26)
    at mountIndeterminateComponent (http://localhost:5173/node_modules/.vite/deps/chunk-YQ5BCTVV.js?v=5398434d:14974:21)
    at beginWork (http://localhost:5173/node_modules/.vite/deps/chunk-YQ5BCTVV.js?v=5398434d:15962:22)
    at HTMLUnknownElement.callCallback2 (http://localhost:5173/node_modules/.vite/deps/chunk-YQ5BCTVV.js?v=5398434d:3680:22)
    at Object.invokeGuardedCallbackDev (http://localhost:5173/node_modules/.vite/deps/chunk-YQ5BCTVV.js?v=5398434d:3705:24)
    at invokeGuardedCallback (http://localhost:5173/node_modules/.vite/deps/chunk-YQ5BCTVV.js?v=5398434d:3739:39)
    at beginWork$1 (http://localhost:5173/node_modules/.vite/deps/chunk-YQ5BCTVV.js?v=5398434d:19818:15)
    at performUnitOfWork (http://localhost:5173/node_modules/.vite/deps/chunk-YQ5BCTVV.js?v=5398434d:19251:20)
[ 1944998ms] TypeError: Cannot read properties of undefined (reading 'flyExit')
    at exitBeat (http://localhost:5173/src/app/components/AiExperience.tsx?t=1783259109462:493:13)
    at StampedRow (http://localhost:5173/src/app/components/AiExperience.tsx?t=1783259109462:640:16)
    at renderWithHooks (http://localhost:5173/node_modules/.vite/deps/chunk-YQ5BCTVV.js?v=5398434d:11596:26)
    at mountIndeterminateComponent (http://localhost:5173/node_modules/.vite/deps/chunk-YQ5BCTVV.js?v=5398434d:14974:21)
    at beginWork (http://localhost:5173/node_modules/.vite/deps/chunk-YQ5BCTVV.js?v=5398434d:15962:22)
    at HTMLUnknownElement.callCallback2 (http://localhost:5173/node_modules/.vite/deps/chunk-YQ5BCTVV.js?v=5398434d:3680:22)
    at Object.invokeGuardedCallbackDev (http://localhost:5173/node_modules/.vite/deps/chunk-YQ5BCTVV.js?v=5398434d:3705:24)
    at invokeGuardedCallback (http://localhost:5173/node_modules/.vite/deps/chunk-YQ5BCTVV.js?v=5398434d:3739:39)
    at beginWork$1 (http://localhost:5173/node_modules/.vite/deps/chunk-YQ5BCTVV.js?v=5398434d:19818:15)
    at performUnitOfWork (http://localhost:5173/node_modules/.vite/deps/chunk-YQ5BCTVV.js?v=5398434d:19251:20)
[ 1944998ms] TypeError: Cannot read properties of undefined (reading 'flyExit')
    at exitBeat (http://localhost:5173/src/app/components/AiExperience.tsx?t=1783259109462:493:13)
    at StampedRow (http://localhost:5173/src/app/components/AiExperience.tsx?t=1783259109462:640:16)
    at renderWithHooks (http://localhost:5173/node_modules/.vite/deps/chunk-YQ5BCTVV.js?v=5398434d:11596:26)
    at mountIndeterminateComponent (http://localhost:5173/node_modules/.vite/deps/chunk-YQ5BCTVV.js?v=5398434d:14974:21)
    at beginWork (http://localhost:5173/node_modules/.vite/deps/chunk-YQ5BCTVV.js?v=5398434d:15962:22)
    at HTMLUnknownElement.callCallback2 (http://localhost:5173/node_modules/.vite/deps/chunk-YQ5BCTVV.js?v=5398434d:3680:22)
    at Object.invokeGuardedCallbackDev (http://localhost:5173/node_modules/.vite/deps/chunk-YQ5BCTVV.js?v=5398434d:3705:24)
    at invokeGuardedCallback (http://localhost:5173/node_modules/.vite/deps/chunk-YQ5BCTVV.js?v=5398434d:3739:39)
    at beginWork$1 (http://localhost:5173/node_modules/.vite/deps/chunk-YQ5BCTVV.js?v=5398434d:19818:15)
    at performUnitOfWork (http://localhost:5173/node_modules/.vite/deps/chunk-YQ5BCTVV.js?v=5398434d:19251:20)
[ 1944998ms] TypeError: Cannot read properties of undefined (reading 'flyExit')
    at exitBeat (http://localhost:5173/src/app/components/AiExperience.tsx?t=1783259109462:493:13)
    at StampedRow (http://localhost:5173/src/app/components/AiExperience.tsx?t=1783259109462:640:16)
    at renderWithHooks (http://localhost:5173/node_modules/.vite/deps/chunk-YQ5BCTVV.js?v=5398434d:11596:26)
    at mountIndeterminateComponent (http://localhost:5173/node_modules/.vite/deps/chunk-YQ5BCTVV.js?v=5398434d:14974:21)
    at beginWork (http://localhost:5173/node_modules/.vite/deps/chunk-YQ5BCTVV.js?v=5398434d:15962:22)
    at HTMLUnknownElement.callCallback2 (http://localhost:5173/node_modules/.vite/deps/chunk-YQ5BCTVV.js?v=5398434d:3680:22)
    at Object.invokeGuardedCallbackDev (http://localhost:5173/node_modules/.vite/deps/chunk-YQ5BCTVV.js?v=5398434d:3705:24)
    at invokeGuardedCallback (http://localhost:5173/node_modules/.vite/deps/chunk-YQ5BCTVV.js?v=5398434d:3739:39)
    at beginWork$1 (http://localhost:5173/node_modules/.vite/deps/chunk-YQ5BCTVV.js?v=5398434d:19818:15)
    at performUnitOfWork (http://localhost:5173/node_modules/.vite/deps/chunk-YQ5BCTVV.js?v=5398434d:19251:20)
[ 1944998ms] TypeError: Cannot read properties of undefined (reading 'flyExit')
    at exitBeat (http://localhost:5173/src/app/components/AiExperience.tsx?t=1783259109462:493:13)
    at StampedRow (http://localhost:5173/src/app/components/AiExperience.tsx?t=1783259109462:640:16)
    at renderWithHooks (http://localhost:5173/node_modules/.vite/deps/chunk-YQ5BCTVV.js?v=5398434d:11596:26)
    at mountIndeterminateComponent (http://localhost:5173/node_modules/.vite/deps/chunk-YQ5BCTVV.js?v=5398434d:14974:21)
    at beginWork (http://localhost:5173/node_modules/.vite/deps/chunk-YQ5BCTVV.js?v=5398434d:15962:22)
    at HTMLUnknownElement.callCallback2 (http://localhost:5173/node_modules/.vite/deps/chunk-YQ5BCTVV.js?v=5398434d:3680:22)
    at Object.invokeGuardedCallbackDev (http://localhost:5173/node_modules/.vite/deps/chunk-YQ5BCTVV.js?v=5398434d:3705:24)
    at invokeGuardedCallback (http://localhost:5173/node_modules/.vite/deps/chunk-YQ5BCTVV.js?v=5398434d:3739:39)
    at beginWork$1 (http://localhost:5173/node_modules/.vite/deps/chunk-YQ5BCTVV.js?v=5398434d:19818:15)
    at performUnitOfWork (http://localhost:5173/node_modules/.vite/deps/chunk-YQ5BCTVV.js?v=5398434d:19251:20)
[ 1944998ms] TypeError: Cannot read properties of undefined (reading 'flyExit')
    at exitBeat (http://localhost:5173/src/app/components/AiExperience.tsx?t=1783259109462:493:13)
    at StampedRow (http://localhost:5173/src/app/components/AiExperience.tsx?t=1783259109462:640:16)
    at renderWithHooks (http://localhost:5173/node_modules/.vite/deps/chunk-YQ5BCTVV.js?v=5398434d:11596:26)
    at mountIndeterminateComponent (http://localhost:5173/node_modules/.vite/deps/chunk-YQ5BCTVV.js?v=5398434d:14974:21)
    at beginWork (http://localhost:5173/node_modules/.vite/deps/chunk-YQ5BCTVV.js?v=5398434d:15962:22)
    at HTMLUnknownElement.callCallback2 (http://localhost:5173/node_modules/.vite/deps/chunk-YQ5BCTVV.js?v=5398434d:3680:22)
    at Object.invokeGuardedCallbackDev (http://localhost:5173/node_modules/.vite/deps/chunk-YQ5BCTVV.js?v=5398434d:3705:24)
    at invokeGuardedCallback (http://localhost:5173/node_modules/.vite/deps/chunk-YQ5BCTVV.js?v=5398434d:3739:39)
    at beginWork$1 (http://localhost:5173/node_modules/.vite/deps/chunk-YQ5BCTVV.js?v=5398434d:19818:15)
    at performUnitOfWork (http://localhost:5173/node_modules/.vite/deps/chunk-YQ5BCTVV.js?v=5398434d:19251:20)
[ 1944998ms] TypeError: Cannot read properties of undefined (reading 'flyExit')
    at exitBeat (http://localhost:5173/src/app/components/AiExperience.tsx?t=1783259109462:493:13)
    at StampedRow (http://localhost:5173/src/app/components/AiExperience.tsx?t=1783259109462:640:16)
    at renderWithHooks (http://localhost:5173/node_modules/.vite/deps/chunk-YQ5BCTVV.js?v=5398434d:11596:26)
    at mountIndeterminateComponent (http://localhost:5173/node_modules/.vite/deps/chunk-YQ5BCTVV.js?v=5398434d:14974:21)
    at beginWork (http://localhost:5173/node_modules/.vite/deps/chunk-YQ5BCTVV.js?v=5398434d:15962:22)
    at HTMLUnknownElement.callCallback2 (http://localhost:5173/node_modules/.vite/deps/chunk-YQ5BCTVV.js?v=5398434d:3680:22)
    at Object.invokeGuardedCallbackDev (http://localhost:5173/node_modules/.vite/deps/chunk-YQ5BCTVV.js?v=5398434d:3705:24)
    at invokeGuardedCallback (http://localhost:5173/node_modules/.vite/deps/chunk-YQ5BCTVV.js?v=5398434d:3739:39)
    at beginWork$1 (http://localhost:5173/node_modules/.vite/deps/chunk-YQ5BCTVV.js?v=5398434d:19818:15)
    at performUnitOfWork (http://localhost:5173/node_modules/.vite/deps/chunk-YQ5BCTVV.js?v=5398434d:19251:20)
[ 1944999ms] TypeError: Cannot read properties of undefined (reading 'flyExit')
    at exitBeat (http://localhost:5173/src/app/components/AiExperience.tsx?t=1783259109462:493:13)
    at StampedRow (http://localhost:5173/src/app/components/AiExperience.tsx?t=1783259109462:640:16)
    at renderWithHooks (http://localhost:5173/node_modules/.vite/deps/chunk-YQ5BCTVV.js?v=5398434d:11596:26)
    at mountIndeterminateComponent (http://localhost:5173/node_modules/.vite/deps/chunk-YQ5BCTVV.js?v=5398434d:14974:21)
    at beginWork (http://localhost:5173/node_modules/.vite/deps/chunk-YQ5BCTVV.js?v=5398434d:15962:22)
    at HTMLUnknownElement.callCallback2 (http://localhost:5173/node_modules/.vite/deps/chunk-YQ5BCTVV.js?v=5398434d:3680:22)
    at Object.invokeGuardedCallbackDev (http://localhost:5173/node_modules/.vite/deps/chunk-YQ5BCTVV.js?v=5398434d:3705:24)
    at invokeGuardedCallback (http://localhost:5173/node_modules/.vite/deps/chunk-YQ5BCTVV.js?v=5398434d:3739:39)
    at beginWork$1 (http://localhost:5173/node_modules/.vite/deps/chunk-YQ5BCTVV.js?v=5398434d:19818:15)
    at performUnitOfWork (http://localhost:5173/node_modules/.vite/deps/chunk-YQ5BCTVV.js?v=5398434d:19251:20)
[ 1944999ms] TypeError: Cannot read properties of undefined (reading 'flyExit')
    at exitBeat (http://localhost:5173/src/app/components/AiExperience.tsx?t=1783259109462:493:13)
    at StampedRow (http://localhost:5173/src/app/components/AiExperience.tsx?t=1783259109462:640:16)
    at renderWithHooks (http://localhost:5173/node_modules/.vite/deps/chunk-YQ5BCTVV.js?v=5398434d:11596:26)
    at mountIndeterminateComponent (http://localhost:5173/node_modules/.vite/deps/chunk-YQ5BCTVV.js?v=5398434d:14974:21)
    at beginWork (http://localhost:5173/node_modules/.vite/deps/chunk-YQ5BCTVV.js?v=5398434d:15962:22)
    at HTMLUnknownElement.callCallback2 (http://localhost:5173/node_modules/.vite/deps/chunk-YQ5BCTVV.js?v=5398434d:3680:22)
    at Object.invokeGuardedCallbackDev (http://localhost:5173/node_modules/.vite/deps/chunk-YQ5BCTVV.js?v=5398434d:3705:24)
    at invokeGuardedCallback (http://localhost:5173/node_modules/.vite/deps/chunk-YQ5BCTVV.js?v=5398434d:3739:39)
    at beginWork$1 (http://localhost:5173/node_modules/.vite/deps/chunk-YQ5BCTVV.js?v=5398434d:19818:15)
    at performUnitOfWork (http://localhost:5173/node_modules/.vite/deps/chunk-YQ5BCTVV.js?v=5398434d:19251:20)
[ 1944999ms] TypeError: Cannot read properties of undefined (reading 'flyExit')
    at exitBeat (http://localhost:5173/src/app/components/AiExperience.tsx?t=1783259109462:493:13)
    at StampedRow (http://localhost:5173/src/app/components/AiExperience.tsx?t=1783259109462:640:16)
    at renderWithHooks (http://localhost:5173/node_modules/.vite/deps/chunk-YQ5BCTVV.js?v=5398434d:11596:26)
    at mountIndeterminateComponent (http://localhost:5173/node_modules/.vite/deps/chunk-YQ5BCTVV.js?v=5398434d:14974:21)
    at beginWork (http://localhost:5173/node_modules/.vite/deps/chunk-YQ5BCTVV.js?v=5398434d:15962:22)
    at HTMLUnknownElement.callCallback2 (http://localhost:5173/node_modules/.vite/deps/chunk-YQ5BCTVV.js?v=5398434d:3680:22)
    at Object.invokeGuardedCallbackDev (http://localhost:5173/node_modules/.vite/deps/chunk-YQ5BCTVV.js?v=5398434d:3705:24)
    at invokeGuardedCallback (http://localhost:5173/node_modules/.vite/deps/chunk-YQ5BCTVV.js?v=5398434d:3739:39)
    at beginWork$1 (http://localhost:5173/node_modules/.vite/deps/chunk-YQ5BCTVV.js?v=5398434d:19818:15)
    at performUnitOfWork (http://localhost:5173/node_modules/.vite/deps/chunk-YQ5BCTVV.js?v=5398434d:19251:20)
[ 1944999ms] TypeError: Cannot read properties of undefined (reading 'flyExit')
    at exitBeat (http://localhost:5173/src/app/components/AiExperience.tsx?t=1783259109462:493:13)
    at StampedRow (http://localhost:5173/src/app/components/AiExperience.tsx?t=1783259109462:640:16)
    at renderWithHooks (http://localhost:5173/node_modules/.vite/deps/chunk-YQ5BCTVV.js?v=5398434d:11596:26)
    at mountIndeterminateComponent (http://localhost:5173/node_modules/.vite/deps/chunk-YQ5BCTVV.js?v=5398434d:14974:21)
    at beginWork (http://localhost:5173/node_modules/.vite/deps/chunk-YQ5BCTVV.js?v=5398434d:15962:22)
    at HTMLUnknownElement.callCallback2 (http://localhost:5173/node_modules/.vite/deps/chunk-YQ5BCTVV.js?v=5398434d:3680:22)
    at Object.invokeGuardedCallbackDev (http://localhost:5173/node_modules/.vite/deps/chunk-YQ5BCTVV.js?v=5398434d:3705:24)
    at invokeGuardedCallback (http://localhost:5173/node_modules/.vite/deps/chunk-YQ5BCTVV.js?v=5398434d:3739:39)
    at beginWork$1 (http://localhost:5173/node_modules/.vite/deps/chunk-YQ5BCTVV.js?v=5398434d:19818:15)
    at performUnitOfWork (http://localhost:5173/node_modules/.vite/deps/chunk-YQ5BCTVV.js?v=5398434d:19251:20)
[ 1945002ms] TypeError: Cannot read properties of undefined (reading 'flyExit')
    at exitBeat (http://localhost:5173/src/app/components/AiExperience.tsx?t=1783259109462:493:13)
    at StampedRow (http://localhost:5173/src/app/components/AiExperience.tsx?t=1783259109462:640:16)
    at renderWithHooks (http://localhost:5173/node_modules/.vite/deps/chunk-YQ5BCTVV.js?v=5398434d:11596:26)
    at mountIndeterminateComponent (http://localhost:5173/node_modules/.vite/deps/chunk-YQ5BCTVV.js?v=5398434d:14974:21)
    at beginWork (http://localhost:5173/node_modules/.vite/deps/chunk-YQ5BCTVV.js?v=5398434d:15962:22)
    at HTMLUnknownElement.callCallback2 (http://localhost:5173/node_modules/.vite/deps/chunk-YQ5BCTVV.js?v=5398434d:3680:22)
    at Object.invokeGuardedCallbackDev (http://localhost:5173/node_modules/.vite/deps/chunk-YQ5BCTVV.js?v=5398434d:3705:24)
    at invokeGuardedCallback (http://localhost:5173/node_modules/.vite/deps/chunk-YQ5BCTVV.js?v=5398434d:3739:39)
    at beginWork$1 (http://localhost:5173/node_modules/.vite/deps/chunk-YQ5BCTVV.js?v=5398434d:19818:15)
    at performUnitOfWork (http://localhost:5173/node_modules/.vite/deps/chunk-YQ5BCTVV.js?v=5398434d:19251:20)
[ 1945002ms] TypeError: Cannot read properties of undefined (reading 'flyExit')
    at exitBeat (http://localhost:5173/src/app/components/AiExperience.tsx?t=1783259109462:493:13)
    at StampedRow (http://localhost:5173/src/app/components/AiExperience.tsx?t=1783259109462:640:16)
    at renderWithHooks (http://localhost:5173/node_modules/.vite/deps/chunk-YQ5BCTVV.js?v=5398434d:11596:26)
    at mountIndeterminateComponent (http://localhost:5173/node_modules/.vite/deps/chunk-YQ5BCTVV.js?v=5398434d:14974:21)
    at beginWork (http://localhost:5173/node_modules/.vite/deps/chunk-YQ5BCTVV.js?v=5398434d:15962:22)
    at HTMLUnknownElement.callCallback2 (http://localhost:5173/node_modules/.vite/deps/chunk-YQ5BCTVV.js?v=5398434d:3680:22)
    at Object.invokeGuardedCallbackDev (http://localhost:5173/node_modules/.vite/deps/chunk-YQ5BCTVV.js?v=5398434d:3705:24)
    at invokeGuardedCallback (http://localhost:5173/node_modules/.vite/deps/chunk-YQ5BCTVV.js?v=5398434d:3739:39)
    at beginWork$1 (http://localhost:5173/node_modules/.vite/deps/chunk-YQ5BCTVV.js?v=5398434d:19818:15)
    at performUnitOfWork (http://localhost:5173/node_modules/.vite/deps/chunk-YQ5BCTVV.js?v=5398434d:19251:20)
[ 1945002ms] TypeError: Cannot read properties of undefined (reading 'flyExit')
    at exitBeat (http://localhost:5173/src/app/components/AiExperience.tsx?t=1783259109462:493:13)
    at StampedRow (http://localhost:5173/src/app/components/AiExperience.tsx?t=1783259109462:640:16)
    at renderWithHooks (http://localhost:5173/node_modules/.vite/deps/chunk-YQ5BCTVV.js?v=5398434d:11596:26)
    at mountIndeterminateComponent (http://localhost:5173/node_modules/.vite/deps/chunk-YQ5BCTVV.js?v=5398434d:14974:21)
    at beginWork (http://localhost:5173/node_modules/.vite/deps/chunk-YQ5BCTVV.js?v=5398434d:15962:22)
    at HTMLUnknownElement.callCallback2 (http://localhost:5173/node_modules/.vite/deps/chunk-YQ5BCTVV.js?v=5398434d:3680:22)
    at Object.invokeGuardedCallbackDev (http://localhost:5173/node_modules/.vite/deps/chunk-YQ5BCTVV.js?v=5398434d:3705:24)
    at invokeGuardedCallback (http://localhost:5173/node_modules/.vite/deps/chunk-YQ5BCTVV.js?v=5398434d:3739:39)
    at beginWork$1 (http://localhost:5173/node_modules/.vite/deps/chunk-YQ5BCTVV.js?v=5398434d:19818:15)
    at performUnitOfWork (http://localhost:5173/node_modules/.vite/deps/chunk-YQ5BCTVV.js?v=5398434d:19251:20)
[ 1945003ms] TypeError: Cannot read properties of undefined (reading 'flyExit')
    at exitBeat (http://localhost:5173/src/app/components/AiExperience.tsx?t=1783259109462:493:13)
    at StampedRow (http://localhost:5173/src/app/components/AiExperience.tsx?t=1783259109462:640:16)
    at renderWithHooks (http://localhost:5173/node_modules/.vite/deps/chunk-YQ5BCTVV.js?v=5398434d:11596:26)
    at mountIndeterminateComponent (http://localhost:5173/node_modules/.vite/deps/chunk-YQ5BCTVV.js?v=5398434d:14974:21)
    at beginWork (http://localhost:5173/node_modules/.vite/deps/chunk-YQ5BCTVV.js?v=5398434d:15962:22)
    at HTMLUnknownElement.callCallback2 (http://localhost:5173/node_modules/.vite/deps/chunk-YQ5BCTVV.js?v=5398434d:3680:22)
    at Object.invokeGuardedCallbackDev (http://localhost:5173/node_modules/.vite/deps/chunk-YQ5BCTVV.js?v=5398434d:3705:24)
    at invokeGuardedCallback (http://localhost:5173/node_modules/.vite/deps/chunk-YQ5BCTVV.js?v=5398434d:3739:39)
    at beginWork$1 (http://localhost:5173/node_modules/.vite/deps/chunk-YQ5BCTVV.js?v=5398434d:19818:15)
    at performUnitOfWork (http://localhost:5173/node_modules/.vite/deps/chunk-YQ5BCTVV.js?v=5398434d:19251:20)
[ 1945003ms] TypeError: Cannot read properties of undefined (reading 'flyExit')
    at exitBeat (http://localhost:5173/src/app/components/AiExperience.tsx?t=1783259109462:493:13)
    at StampedRow (http://localhost:5173/src/app/components/AiExperience.tsx?t=1783259109462:640:16)
    at renderWithHooks (http://localhost:5173/node_modules/.vite/deps/chunk-YQ5BCTVV.js?v=5398434d:11596:26)
    at mountIndeterminateComponent (http://localhost:5173/node_modules/.vite/deps/chunk-YQ5BCTVV.js?v=5398434d:14974:21)
    at beginWork (http://localhost:5173/node_modules/.vite/deps/chunk-YQ5BCTVV.js?v=5398434d:15962:22)
    at HTMLUnknownElement.callCallback2 (http://localhost:5173/node_modules/.vite/deps/chunk-YQ5BCTVV.js?v=5398434d:3680:22)
    at Object.invokeGuardedCallbackDev (http://localhost:5173/node_modules/.vite/deps/chunk-YQ5BCTVV.js?v=5398434d:3705:24)
    at invokeGuardedCallback (http://localhost:5173/node_modules/.vite/deps/chunk-YQ5BCTVV.js?v=5398434d:3739:39)
    at beginWork$1 (http://localhost:5173/node_modules/.vite/deps/chunk-YQ5BCTVV.js?v=5398434d:19818:15)
    at performUnitOfWork (http://localhost:5173/node_modules/.vite/deps/chunk-YQ5BCTVV.js?v=5398434d:19251:20)
[ 1945003ms] TypeError: Cannot read properties of undefined (reading 'flyExit')
    at exitBeat (http://localhost:5173/src/app/components/AiExperience.tsx?t=1783259109462:493:13)
    at StampedRow (http://localhost:5173/src/app/components/AiExperience.tsx?t=1783259109462:640:16)
    at renderWithHooks (http://localhost:5173/node_modules/.vite/deps/chunk-YQ5BCTVV.js?v=5398434d:11596:26)
    at mountIndeterminateComponent (http://localhost:5173/node_modules/.vite/deps/chunk-YQ5BCTVV.js?v=5398434d:14974:21)
    at beginWork (http://localhost:5173/node_modules/.vite/deps/chunk-YQ5BCTVV.js?v=5398434d:15962:22)
    at HTMLUnknownElement.callCallback2 (http://localhost:5173/node_modules/.vite/deps/chunk-YQ5BCTVV.js?v=5398434d:3680:22)
    at Object.invokeGuardedCallbackDev (http://localhost:5173/node_modules/.vite/deps/chunk-YQ5BCTVV.js?v=5398434d:3705:24)
    at invokeGuardedCallback (http://localhost:5173/node_modules/.vite/deps/chunk-YQ5BCTVV.js?v=5398434d:3739:39)
    at beginWork$1 (http://localhost:5173/node_modules/.vite/deps/chunk-YQ5BCTVV.js?v=5398434d:19818:15)
    at performUnitOfWork (http://localhost:5173/node_modules/.vite/deps/chunk-YQ5BCTVV.js?v=5398434d:19251:20)
[ 1945003ms] TypeError: Cannot read properties of undefined (reading 'flyExit')
    at exitBeat (http://localhost:5173/src/app/components/AiExperience.tsx?t=1783259109462:493:13)
    at StampedRow (http://localhost:5173/src/app/components/AiExperience.tsx?t=1783259109462:640:16)
    at renderWithHooks (http://localhost:5173/node_modules/.vite/deps/chunk-YQ5BCTVV.js?v=5398434d:11596:26)
    at mountIndeterminateComponent (http://localhost:5173/node_modules/.vite/deps/chunk-YQ5BCTVV.js?v=5398434d:14974:21)
    at beginWork (http://localhost:5173/node_modules/.vite/deps/chunk-YQ5BCTVV.js?v=5398434d:15962:22)
    at HTMLUnknownElement.callCallback2 (http://localhost:5173/node_modules/.vite/deps/chunk-YQ5BCTVV.js?v=5398434d:3680:22)
    at Object.invokeGuardedCallbackDev (http://localhost:5173/node_modules/.vite/deps/chunk-YQ5BCTVV.js?v=5398434d:3705:24)
    at invokeGuardedCallback (http://localhost:5173/node_modules/.vite/deps/chunk-YQ5BCTVV.js?v=5398434d:3739:39)
    at beginWork$1 (http://localhost:5173/node_modules/.vite/deps/chunk-YQ5BCTVV.js?v=5398434d:19818:15)
    at performUnitOfWork (http://localhost:5173/node_modules/.vite/deps/chunk-YQ5BCTVV.js?v=5398434d:19251:20)
[ 1945003ms] TypeError: Cannot read properties of undefined (reading 'flyExit')
    at exitBeat (http://localhost:5173/src/app/components/AiExperience.tsx?t=1783259109462:493:13)
    at StampedRow (http://localhost:5173/src/app/components/AiExperience.tsx?t=1783259109462:640:16)
    at renderWithHooks (http://localhost:5173/node_modules/.vite/deps/chunk-YQ5BCTVV.js?v=5398434d:11596:26)
    at mountIndeterminateComponent (http://localhost:5173/node_modules/.vite/deps/chunk-YQ5BCTVV.js?v=5398434d:14974:21)
    at beginWork (http://localhost:5173/node_modules/.vite/deps/chunk-YQ5BCTVV.js?v=5398434d:15962:22)
    at HTMLUnknownElement.callCallback2 (http://localhost:5173/node_modules/.vite/deps/chunk-YQ5BCTVV.js?v=5398434d:3680:22)
    at Object.invokeGuardedCallbackDev (http://localhost:5173/node_modules/.vite/deps/chunk-YQ5BCTVV.js?v=5398434d:3705:24)
    at invokeGuardedCallback (http://localhost:5173/node_modules/.vite/deps/chunk-YQ5BCTVV.js?v=5398434d:3739:39)
    at beginWork$1 (http://localhost:5173/node_modules/.vite/deps/chunk-YQ5BCTVV.js?v=5398434d:19818:15)
    at performUnitOfWork (http://localhost:5173/node_modules/.vite/deps/chunk-YQ5BCTVV.js?v=5398434d:19251:20)
[ 1945003ms] TypeError: Cannot read properties of undefined (reading 'flyExit')
    at exitBeat (http://localhost:5173/src/app/components/AiExperience.tsx?t=1783259109462:493:13)
    at StampedRow (http://localhost:5173/src/app/components/AiExperience.tsx?t=1783259109462:640:16)
    at renderWithHooks (http://localhost:5173/node_modules/.vite/deps/chunk-YQ5BCTVV.js?v=5398434d:11596:26)
    at mountIndeterminateComponent (http://localhost:5173/node_modules/.vite/deps/chunk-YQ5BCTVV.js?v=5398434d:14974:21)
    at beginWork (http://localhost:5173/node_modules/.vite/deps/chunk-YQ5BCTVV.js?v=5398434d:15962:22)
    at HTMLUnknownElement.callCallback2 (http://localhost:5173/node_modules/.vite/deps/chunk-YQ5BCTVV.js?v=5398434d:3680:22)
    at Object.invokeGuardedCallbackDev (http://localhost:5173/node_modules/.vite/deps/chunk-YQ5BCTVV.js?v=5398434d:3705:24)
    at invokeGuardedCallback (http://localhost:5173/node_modules/.vite/deps/chunk-YQ5BCTVV.js?v=5398434d:3739:39)
    at beginWork$1 (http://localhost:5173/node_modules/.vite/deps/chunk-YQ5BCTVV.js?v=5398434d:19818:15)
    at performUnitOfWork (http://localhost:5173/node_modules/.vite/deps/chunk-YQ5BCTVV.js?v=5398434d:19251:20)
[ 1945003ms] TypeError: Cannot read properties of undefined (reading 'flyExit')
    at exitBeat (http://localhost:5173/src/app/components/AiExperience.tsx?t=1783259109462:493:13)
    at StampedRow (http://localhost:5173/src/app/components/AiExperience.tsx?t=1783259109462:640:16)
    at renderWithHooks (http://localhost:5173/node_modules/.vite/deps/chunk-YQ5BCTVV.js?v=5398434d:11596:26)
    at mountIndeterminateComponent (http://localhost:5173/node_modules/.vite/deps/chunk-YQ5BCTVV.js?v=5398434d:14974:21)
    at beginWork (http://localhost:5173/node_modules/.vite/deps/chunk-YQ5BCTVV.js?v=5398434d:15962:22)
    at HTMLUnknownElement.callCallback2 (http://localhost:5173/node_modules/.vite/deps/chunk-YQ5BCTVV.js?v=5398434d:3680:22)
    at Object.invokeGuardedCallbackDev (http://localhost:5173/node_modules/.vite/deps/chunk-YQ5BCTVV.js?v=5398434d:3705:24)
    at invokeGuardedCallback (http://localhost:5173/node_modules/.vite/deps/chunk-YQ5BCTVV.js?v=5398434d:3739:39)
    at beginWork$1 (http://localhost:5173/node_modules/.vite/deps/chunk-YQ5BCTVV.js?v=5398434d:19818:15)
    at performUnitOfWork (http://localhost:5173/node_modules/.vite/deps/chunk-YQ5BCTVV.js?v=5398434d:19251:20)
[ 1945003ms] TypeError: Cannot read properties of undefined (reading 'flyExit')
    at exitBeat (http://localhost:5173/src/app/components/AiExperience.tsx?t=1783259109462:493:13)
    at StampedRow (http://localhost:5173/src/app/components/AiExperience.tsx?t=1783259109462:640:16)
    at renderWithHooks (http://localhost:5173/node_modules/.vite/deps/chunk-YQ5BCTVV.js?v=5398434d:11596:26)
    at mountIndeterminateComponent (http://localhost:5173/node_modules/.vite/deps/chunk-YQ5BCTVV.js?v=5398434d:14974:21)
    at beginWork (http://localhost:5173/node_modules/.vite/deps/chunk-YQ5BCTVV.js?v=5398434d:15962:22)
    at HTMLUnknownElement.callCallback2 (http://localhost:5173/node_modules/.vite/deps/chunk-YQ5BCTVV.js?v=5398434d:3680:22)
    at Object.invokeGuardedCallbackDev (http://localhost:5173/node_modules/.vite/deps/chunk-YQ5BCTVV.js?v=5398434d:3705:24)
    at invokeGuardedCallback (http://localhost:5173/node_modules/.vite/deps/chunk-YQ5BCTVV.js?v=5398434d:3739:39)
    at beginWork$1 (http://localhost:5173/node_modules/.vite/deps/chunk-YQ5BCTVV.js?v=5398434d:19818:15)
    at performUnitOfWork (http://localhost:5173/node_modules/.vite/deps/chunk-YQ5BCTVV.js?v=5398434d:19251:20)
[ 1945003ms] TypeError: Cannot read properties of undefined (reading 'flyExit')
    at exitBeat (http://localhost:5173/src/app/components/AiExperience.tsx?t=1783259109462:493:13)
    at StampedRow (http://localhost:5173/src/app/components/AiExperience.tsx?t=1783259109462:640:16)
    at renderWithHooks (http://localhost:5173/node_modules/.vite/deps/chunk-YQ5BCTVV.js?v=5398434d:11596:26)
    at mountIndeterminateComponent (http://localhost:5173/node_modules/.vite/deps/chunk-YQ5BCTVV.js?v=5398434d:14974:21)
    at beginWork (http://localhost:5173/node_modules/.vite/deps/chunk-YQ5BCTVV.js?v=5398434d:15962:22)
    at HTMLUnknownElement.callCallback2 (http://localhost:5173/node_modules/.vite/deps/chunk-YQ5BCTVV.js?v=5398434d:3680:22)
    at Object.invokeGuardedCallbackDev (http://localhost:5173/node_modules/.vite/deps/chunk-YQ5BCTVV.js?v=5398434d:3705:24)
    at invokeGuardedCallback (http://localhost:5173/node_modules/.vite/deps/chunk-YQ5BCTVV.js?v=5398434d:3739:39)
    at beginWork$1 (http://localhost:5173/node_modules/.vite/deps/chunk-YQ5BCTVV.js?v=5398434d:19818:15)
    at performUnitOfWork (http://localhost:5173/node_modules/.vite/deps/chunk-YQ5BCTVV.js?v=5398434d:19251:20)
[ 1945004ms] TypeError: Cannot read properties of undefined (reading 'flyExit')
    at exitBeat (http://localhost:5173/src/app/components/AiExperience.tsx?t=1783259109462:493:13)
    at StampedRow (http://localhost:5173/src/app/components/AiExperience.tsx?t=1783259109462:640:16)
    at renderWithHooks (http://localhost:5173/node_modules/.vite/deps/chunk-YQ5BCTVV.js?v=5398434d:11596:26)
    at mountIndeterminateComponent (http://localhost:5173/node_modules/.vite/deps/chunk-YQ5BCTVV.js?v=5398434d:14974:21)
    at beginWork (http://localhost:5173/node_modules/.vite/deps/chunk-YQ5BCTVV.js?v=5398434d:15962:22)
    at HTMLUnknownElement.callCallback2 (http://localhost:5173/node_modules/.vite/deps/chunk-YQ5BCTVV.js?v=5398434d:3680:22)
    at Object.invokeGuardedCallbackDev (http://localhost:5173/node_modules/.vite/deps/chunk-YQ5BCTVV.js?v=5398434d:3705:24)
    at invokeGuardedCallback (http://localhost:5173/node_modules/.vite/deps/chunk-YQ5BCTVV.js?v=5398434d:3739:39)
    at beginWork$1 (http://localhost:5173/node_modules/.vite/deps/chunk-YQ5BCTVV.js?v=5398434d:19818:15)
    at performUnitOfWork (http://localhost:5173/node_modules/.vite/deps/chunk-YQ5BCTVV.js?v=5398434d:19251:20)
[ 1945004ms] TypeError: Cannot read properties of undefined (reading 'flyExit')
    at exitBeat (http://localhost:5173/src/app/components/AiExperience.tsx?t=1783259109462:493:13)
    at StampedRow (http://localhost:5173/src/app/components/AiExperience.tsx?t=1783259109462:640:16)
    at renderWithHooks (http://localhost:5173/node_modules/.vite/deps/chunk-YQ5BCTVV.js?v=5398434d:11596:26)
    at mountIndeterminateComponent (http://localhost:5173/node_modules/.vite/deps/chunk-YQ5BCTVV.js?v=5398434d:14974:21)
    at beginWork (http://localhost:5173/node_modules/.vite/deps/chunk-YQ5BCTVV.js?v=5398434d:15962:22)
    at HTMLUnknownElement.callCallback2 (http://localhost:5173/node_modules/.vite/deps/chunk-YQ5BCTVV.js?v=5398434d:3680:22)
    at Object.invokeGuardedCallbackDev (http://localhost:5173/node_modules/.vite/deps/chunk-YQ5BCTVV.js?v=5398434d:3705:24)
    at invokeGuardedCallback (http://localhost:5173/node_modules/.vite/deps/chunk-YQ5BCTVV.js?v=5398434d:3739:39)
    at beginWork$1 (http://localhost:5173/node_modules/.vite/deps/chunk-YQ5BCTVV.js?v=5398434d:19818:15)
    at performUnitOfWork (http://localhost:5173/node_modules/.vite/deps/chunk-YQ5BCTVV.js?v=5398434d:19251:20)
[ 1945004ms] TypeError: Cannot read properties of undefined (reading 'flyExit')
    at exitBeat (http://localhost:5173/src/app/components/AiExperience.tsx?t=1783259109462:493:13)
    at StampedRow (http://localhost:5173/src/app/components/AiExperience.tsx?t=1783259109462:640:16)
    at renderWithHooks (http://localhost:5173/node_modules/.vite/deps/chunk-YQ5BCTVV.js?v=5398434d:11596:26)
    at mountIndeterminateComponent (http://localhost:5173/node_modules/.vite/deps/chunk-YQ5BCTVV.js?v=5398434d:14974:21)
    at beginWork (http://localhost:5173/node_modules/.vite/deps/chunk-YQ5BCTVV.js?v=5398434d:15962:22)
    at HTMLUnknownElement.callCallback2 (http://localhost:5173/node_modules/.vite/deps/chunk-YQ5BCTVV.js?v=5398434d:3680:22)
    at Object.invokeGuardedCallbackDev (http://localhost:5173/node_modules/.vite/deps/chunk-YQ5BCTVV.js?v=5398434d:3705:24)
    at invokeGuardedCallback (http://localhost:5173/node_modules/.vite/deps/chunk-YQ5BCTVV.js?v=5398434d:3739:39)
    at beginWork$1 (http://localhost:5173/node_modules/.vite/deps/chunk-YQ5BCTVV.js?v=5398434d:19818:15)
    at performUnitOfWork (http://localhost:5173/node_modules/.vite/deps/chunk-YQ5BCTVV.js?v=5398434d:19251:20)
[ 1945004ms] TypeError: Cannot read properties of undefined (reading 'flyExit')
    at exitBeat (http://localhost:5173/src/app/components/AiExperience.tsx?t=1783259109462:493:13)
    at StampedRow (http://localhost:5173/src/app/components/AiExperience.tsx?t=1783259109462:640:16)
    at renderWithHooks (http://localhost:5173/node_modules/.vite/deps/chunk-YQ5BCTVV.js?v=5398434d:11596:26)
    at mountIndeterminateComponent (http://localhost:5173/node_modules/.vite/deps/chunk-YQ5BCTVV.js?v=5398434d:14974:21)
    at beginWork (http://localhost:5173/node_modules/.vite/deps/chunk-YQ5BCTVV.js?v=5398434d:15962:22)
    at HTMLUnknownElement.callCallback2 (http://localhost:5173/node_modules/.vite/deps/chunk-YQ5BCTVV.js?v=5398434d:3680:22)
    at Object.invokeGuardedCallbackDev (http://localhost:5173/node_modules/.vite/deps/chunk-YQ5BCTVV.js?v=5398434d:3705:24)
    at invokeGuardedCallback (http://localhost:5173/node_modules/.vite/deps/chunk-YQ5BCTVV.js?v=5398434d:3739:39)
    at beginWork$1 (http://localhost:5173/node_modules/.vite/deps/chunk-YQ5BCTVV.js?v=5398434d:19818:15)
    at performUnitOfWork (http://localhost:5173/node_modules/.vite/deps/chunk-YQ5BCTVV.js?v=5398434d:19251:20)
[ 1945004ms] TypeError: Cannot read properties of undefined (reading 'flyExit')
    at exitBeat (http://localhost:5173/src/app/components/AiExperience.tsx?t=1783259109462:493:13)
    at StampedRow (http://localhost:5173/src/app/components/AiExperience.tsx?t=1783259109462:640:16)
    at renderWithHooks (http://localhost:5173/node_modules/.vite/deps/chunk-YQ5BCTVV.js?v=5398434d:11596:26)
    at mountIndeterminateComponent (http://localhost:5173/node_modules/.vite/deps/chunk-YQ5BCTVV.js?v=5398434d:14974:21)
    at beginWork (http://localhost:5173/node_modules/.vite/deps/chunk-YQ5BCTVV.js?v=5398434d:15962:22)
    at HTMLUnknownElement.callCallback2 (http://localhost:5173/node_modules/.vite/deps/chunk-YQ5BCTVV.js?v=5398434d:3680:22)
    at Object.invokeGuardedCallbackDev (http://localhost:5173/node_modules/.vite/deps/chunk-YQ5BCTVV.js?v=5398434d:3705:24)
    at invokeGuardedCallback (http://localhost:5173/node_modules/.vite/deps/chunk-YQ5BCTVV.js?v=5398434d:3739:39)
    at beginWork$1 (http://localhost:5173/node_modules/.vite/deps/chunk-YQ5BCTVV.js?v=5398434d:19818:15)
    at performUnitOfWork (http://localhost:5173/node_modules/.vite/deps/chunk-YQ5BCTVV.js?v=5398434d:19251:20)
[ 1945004ms] TypeError: Cannot read properties of undefined (reading 'flyExit')
    at exitBeat (http://localhost:5173/src/app/components/AiExperience.tsx?t=1783259109462:493:13)
    at StampedRow (http://localhost:5173/src/app/components/AiExperience.tsx?t=1783259109462:640:16)
    at renderWithHooks (http://localhost:5173/node_modules/.vite/deps/chunk-YQ5BCTVV.js?v=5398434d:11596:26)
    at mountIndeterminateComponent (http://localhost:5173/node_modules/.vite/deps/chunk-YQ5BCTVV.js?v=5398434d:14974:21)
    at beginWork (http://localhost:5173/node_modules/.vite/deps/chunk-YQ5BCTVV.js?v=5398434d:15962:22)
    at HTMLUnknownElement.callCallback2 (http://localhost:5173/node_modules/.vite/deps/chunk-YQ5BCTVV.js?v=5398434d:3680:22)
    at Object.invokeGuardedCallbackDev (http://localhost:5173/node_modules/.vite/deps/chunk-YQ5BCTVV.js?v=5398434d:3705:24)
    at invokeGuardedCallback (http://localhost:5173/node_modules/.vite/deps/chunk-YQ5BCTVV.js?v=5398434d:3739:39)
    at beginWork$1 (http://localhost:5173/node_modules/.vite/deps/chunk-YQ5BCTVV.js?v=5398434d:19818:15)
    at performUnitOfWork (http://localhost:5173/node_modules/.vite/deps/chunk-YQ5BCTVV.js?v=5398434d:19251:20)
[ 1945004ms] TypeError: Cannot read properties of undefined (reading 'flyExit')
    at exitBeat (http://localhost:5173/src/app/components/AiExperience.tsx?t=1783259109462:493:13)
    at StampedRow (http://localhost:5173/src/app/components/AiExperience.tsx?t=1783259109462:640:16)
    at renderWithHooks (http://localhost:5173/node_modules/.vite/deps/chunk-YQ5BCTVV.js?v=5398434d:11596:26)
    at mountIndeterminateComponent (http://localhost:5173/node_modules/.vite/deps/chunk-YQ5BCTVV.js?v=5398434d:14974:21)
    at beginWork (http://localhost:5173/node_modules/.vite/deps/chunk-YQ5BCTVV.js?v=5398434d:15962:22)
    at HTMLUnknownElement.callCallback2 (http://localhost:5173/node_modules/.vite/deps/chunk-YQ5BCTVV.js?v=5398434d:3680:22)
    at Object.invokeGuardedCallbackDev (http://localhost:5173/node_modules/.vite/deps/chunk-YQ5BCTVV.js?v=5398434d:3705:24)
    at invokeGuardedCallback (http://localhost:5173/node_modules/.vite/deps/chunk-YQ5BCTVV.js?v=5398434d:3739:39)
    at beginWork$1 (http://localhost:5173/node_modules/.vite/deps/chunk-YQ5BCTVV.js?v=5398434d:19818:15)
    at performUnitOfWork (http://localhost:5173/node_modules/.vite/deps/chunk-YQ5BCTVV.js?v=5398434d:19251:20)
[ 1945004ms] TypeError: Cannot read properties of undefined (reading 'flyExit')
    at exitBeat (http://localhost:5173/src/app/components/AiExperience.tsx?t=1783259109462:493:13)
    at StampedRow (http://localhost:5173/src/app/components/AiExperience.tsx?t=1783259109462:640:16)
    at renderWithHooks (http://localhost:5173/node_modules/.vite/deps/chunk-YQ5BCTVV.js?v=5398434d:11596:26)
    at mountIndeterminateComponent (http://localhost:5173/node_modules/.vite/deps/chunk-YQ5BCTVV.js?v=5398434d:14974:21)
    at beginWork (http://localhost:5173/node_modules/.vite/deps/chunk-YQ5BCTVV.js?v=5398434d:15962:22)
    at HTMLUnknownElement.callCallback2 (http://localhost:5173/node_modules/.vite/deps/chunk-YQ5BCTVV.js?v=5398434d:3680:22)
    at Object.invokeGuardedCallbackDev (http://localhost:5173/node_modules/.vite/deps/chunk-YQ5BCTVV.js?v=5398434d:3705:24)
    at invokeGuardedCallback (http://localhost:5173/node_modules/.vite/deps/chunk-YQ5BCTVV.js?v=5398434d:3739:39)
    at beginWork$1 (http://localhost:5173/node_modules/.vite/deps/chunk-YQ5BCTVV.js?v=5398434d:19818:15)
    at performUnitOfWork (http://localhost:5173/node_modules/.vite/deps/chunk-YQ5BCTVV.js?v=5398434d:19251:20)
[ 1945004ms] TypeError: Cannot read properties of undefined (reading 'flyExit')
    at exitBeat (http://localhost:5173/src/app/components/AiExperience.tsx?t=1783259109462:493:13)
    at StampedRow (http://localhost:5173/src/app/components/AiExperience.tsx?t=1783259109462:640:16)
    at renderWithHooks (http://localhost:5173/node_modules/.vite/deps/chunk-YQ5BCTVV.js?v=5398434d:11596:26)
    at mountIndeterminateComponent (http://localhost:5173/node_modules/.vite/deps/chunk-YQ5BCTVV.js?v=5398434d:14974:21)
    at beginWork (http://localhost:5173/node_modules/.vite/deps/chunk-YQ5BCTVV.js?v=5398434d:15962:22)
    at HTMLUnknownElement.callCallback2 (http://localhost:5173/node_modules/.vite/deps/chunk-YQ5BCTVV.js?v=5398434d:3680:22)
    at Object.invokeGuardedCallbackDev (http://localhost:5173/node_modules/.vite/deps/chunk-YQ5BCTVV.js?v=5398434d:3705:24)
    at invokeGuardedCallback (http://localhost:5173/node_modules/.vite/deps/chunk-YQ5BCTVV.js?v=5398434d:3739:39)
    at beginWork$1 (http://localhost:5173/node_modules/.vite/deps/chunk-YQ5BCTVV.js?v=5398434d:19818:15)
    at performUnitOfWork (http://localhost:5173/node_modules/.vite/deps/chunk-YQ5BCTVV.js?v=5398434d:19251:20)
[ 1945005ms] TypeError: Cannot read properties of undefined (reading 'flyExit')
    at exitBeat (http://localhost:5173/src/app/components/AiExperience.tsx?t=1783259109462:493:13)
    at StampedRow (http://localhost:5173/src/app/components/AiExperience.tsx?t=1783259109462:640:16)
    at renderWithHooks (http://localhost:5173/node_modules/.vite/deps/chunk-YQ5BCTVV.js?v=5398434d:11596:26)
    at mountIndeterminateComponent (http://localhost:5173/node_modules/.vite/deps/chunk-YQ5BCTVV.js?v=5398434d:14974:21)
    at beginWork (http://localhost:5173/node_modules/.vite/deps/chunk-YQ5BCTVV.js?v=5398434d:15962:22)
    at HTMLUnknownElement.callCallback2 (http://localhost:5173/node_modules/.vite/deps/chunk-YQ5BCTVV.js?v=5398434d:3680:22)
    at Object.invokeGuardedCallbackDev (http://localhost:5173/node_modules/.vite/deps/chunk-YQ5BCTVV.js?v=5398434d:3705:24)
    at invokeGuardedCallback (http://localhost:5173/node_modules/.vite/deps/chunk-YQ5BCTVV.js?v=5398434d:3739:39)
    at beginWork$1 (http://localhost:5173/node_modules/.vite/deps/chunk-YQ5BCTVV.js?v=5398434d:19818:15)
    at performUnitOfWork (http://localhost:5173/node_modules/.vite/deps/chunk-YQ5BCTVV.js?v=5398434d:19251:20)
[ 1945007ms] [ERROR] The above error occurred in the <StampedRow> component:

    at StampedRow (http://localhost:5173/src/app/components/AiExperience.tsx?t=1783259109462:625:3)
    at div
    at ItemsBlock (http://localhost:5173/src/app/components/AiExperience.tsx?t=1783259109462:676:23)
    at div
    at MotionDOMComponent (http://localhost:5173/node_modules/.vite/deps/motion_react.js?v=bc1929d9:1184:40)
    at SceneRoom (http://localhost:5173/src/app/components/AiExperience.tsx?t=1783259109462:365:22)
    at div
    at section
    at JourneyStage (http://localhost:5173/src/app/components/AiExperience.tsx?t=1783259109462:311:15)
    at main
    at AiExperience (http://localhost:5173/src/app/components/AiExperience.tsx?t=1783259109462:289:3)
    at div
    at App (http://localhost:5173/src/app/App.tsx?t=1783257965377:34:30)

Consider adding an error boundary to your tree to customize error handling behavior.
Visit https://reactjs.org/link/error-boundaries to learn more about error boundaries. @ http://localhost:5173/node_modules/.vite/deps/chunk-YQ5BCTVV.js?v=5398434d:14079
[ 1945007ms] [ERROR] The above error occurred in the <StampedRow> component:

    at StampedRow (http://localhost:5173/src/app/components/AiExperience.tsx?t=1783259109462:625:3)
    at div
    at ItemsBlock (http://localhost:5173/src/app/components/AiExperience.tsx?t=1783259109462:676:23)
    at div
    at MotionDOMComponent (http://localhost:5173/node_modules/.vite/deps/motion_react.js?v=bc1929d9:1184:40)
    at SceneRoom (http://localhost:5173/src/app/components/AiExperience.tsx?t=1783259109462:365:22)
    at div
    at section
    at JourneyStage (http://localhost:5173/src/app/components/AiExperience.tsx?t=1783259109462:311:15)
    at main
    at AiExperience (http://localhost:5173/src/app/components/AiExperience.tsx?t=1783259109462:289:3)
    at div
    at App (http://localhost:5173/src/app/App.tsx?t=1783257965377:34:30)

Consider adding an error boundary to your tree to customize error handling behavior.
Visit https://reactjs.org/link/error-boundaries to learn more about error boundaries. @ http://localhost:5173/node_modules/.vite/deps/chunk-YQ5BCTVV.js?v=5398434d:14079
[ 1945007ms] [ERROR] The above error occurred in the <StampedRow> component:

    at StampedRow (http://localhost:5173/src/app/components/AiExperience.tsx?t=1783259109462:625:3)
    at div
    at ItemsBlock (http://localhost:5173/src/app/components/AiExperience.tsx?t=1783259109462:676:23)
    at div
    at MotionDOMComponent (http://localhost:5173/node_modules/.vite/deps/motion_react.js?v=bc1929d9:1184:40)
    at SceneRoom (http://localhost:5173/src/app/components/AiExperience.tsx?t=1783259109462:365:22)
    at div
    at section
    at JourneyStage (http://localhost:5173/src/app/components/AiExperience.tsx?t=1783259109462:311:15)
    at main
    at AiExperience (http://localhost:5173/src/app/components/AiExperience.tsx?t=1783259109462:289:3)
    at div
    at App (http://localhost:5173/src/app/App.tsx?t=1783257965377:34:30)

Consider adding an error boundary to your tree to customize error handling behavior.
Visit https://reactjs.org/link/error-boundaries to learn more about error boundaries. @ http://localhost:5173/node_modules/.vite/deps/chunk-YQ5BCTVV.js?v=5398434d:14079
[ 1945007ms] [ERROR] The above error occurred in the <StampedRow> component:

    at StampedRow (http://localhost:5173/src/app/components/AiExperience.tsx?t=1783259109462:625:3)
    at div
    at ItemsBlock (http://localhost:5173/src/app/components/AiExperience.tsx?t=1783259109462:676:23)
    at div
    at MotionDOMComponent (http://localhost:5173/node_modules/.vite/deps/motion_react.js?v=bc1929d9:1184:40)
    at SceneRoom (http://localhost:5173/src/app/components/AiExperience.tsx?t=1783259109462:365:22)
    at div
    at section
    at JourneyStage (http://localhost:5173/src/app/components/AiExperience.tsx?t=1783259109462:311:15)
    at main
    at AiExperience (http://localhost:5173/src/app/components/AiExperience.tsx?t=1783259109462:289:3)
    at div
    at App (http://localhost:5173/src/app/App.tsx?t=1783257965377:34:30)

Consider adding an error boundary to your tree to customize error handling behavior.
Visit https://reactjs.org/link/error-boundaries to learn more about error boundaries. @ http://localhost:5173/node_modules/.vite/deps/chunk-YQ5BCTVV.js?v=5398434d:14079
[ 1945007ms] [ERROR] The above error occurred in the <StampedRow> component:

    at StampedRow (http://localhost:5173/src/app/components/AiExperience.tsx?t=1783259109462:625:3)
    at div
    at ItemsBlock (http://localhost:5173/src/app/components/AiExperience.tsx?t=1783259109462:676:23)
    at div
    at MotionDOMComponent (http://localhost:5173/node_modules/.vite/deps/motion_react.js?v=bc1929d9:1184:40)
    at SceneRoom (http://localhost:5173/src/app/components/AiExperience.tsx?t=1783259109462:365:22)
    at div
    at section
    at JourneyStage (http://localhost:5173/src/app/components/AiExperience.tsx?t=1783259109462:311:15)
    at main
    at AiExperience (http://localhost:5173/src/app/components/AiExperience.tsx?t=1783259109462:289:3)
    at div
    at App (http://localhost:5173/src/app/App.tsx?t=1783257965377:34:30)

Consider adding an error boundary to your tree to customize error handling behavior.
Visit https://reactjs.org/link/error-boundaries to learn more about error boundaries. @ http://localhost:5173/node_modules/.vite/deps/chunk-YQ5BCTVV.js?v=5398434d:14079
[ 1945007ms] [ERROR] The above error occurred in the <StampedRow> component:

    at StampedRow (http://localhost:5173/src/app/components/AiExperience.tsx?t=1783259109462:625:3)
    at div
    at ItemsBlock (http://localhost:5173/src/app/components/AiExperience.tsx?t=1783259109462:676:23)
    at div
    at MotionDOMComponent (http://localhost:5173/node_modules/.vite/deps/motion_react.js?v=bc1929d9:1184:40)
    at SceneRoom (http://localhost:5173/src/app/components/AiExperience.tsx?t=1783259109462:365:22)
    at div
    at section
    at JourneyStage (http://localhost:5173/src/app/components/AiExperience.tsx?t=1783259109462:311:15)
    at main
    at AiExperience (http://localhost:5173/src/app/components/AiExperience.tsx?t=1783259109462:289:3)
    at div
    at App (http://localhost:5173/src/app/App.tsx?t=1783257965377:34:30)

Consider adding an error boundary to your tree to customize error handling behavior.
Visit https://reactjs.org/link/error-boundaries to learn more about error boundaries. @ http://localhost:5173/node_modules/.vite/deps/chunk-YQ5BCTVV.js?v=5398434d:14079
[ 1945007ms] [ERROR] The above error occurred in the <StampedRow> component:

    at StampedRow (http://localhost:5173/src/app/components/AiExperience.tsx?t=1783259109462:625:3)
    at div
    at ItemsBlock (http://localhost:5173/src/app/components/AiExperience.tsx?t=1783259109462:676:23)
    at div
    at MotionDOMComponent (http://localhost:5173/node_modules/.vite/deps/motion_react.js?v=bc1929d9:1184:40)
    at SceneRoom (http://localhost:5173/src/app/components/AiExperience.tsx?t=1783259109462:365:22)
    at div
    at section
    at JourneyStage (http://localhost:5173/src/app/components/AiExperience.tsx?t=1783259109462:311:15)
    at main
    at AiExperience (http://localhost:5173/src/app/components/AiExperience.tsx?t=1783259109462:289:3)
    at div
    at App (http://localhost:5173/src/app/App.tsx?t=1783257965377:34:30)

Consider adding an error boundary to your tree to customize error handling behavior.
Visit https://reactjs.org/link/error-boundaries to learn more about error boundaries. @ http://localhost:5173/node_modules/.vite/deps/chunk-YQ5BCTVV.js?v=5398434d:14079
[ 1945007ms] [ERROR] The above error occurred in the <StampedRow> component:

    at StampedRow (http://localhost:5173/src/app/components/AiExperience.tsx?t=1783259109462:625:3)
    at div
    at ItemsBlock (http://localhost:5173/src/app/components/AiExperience.tsx?t=1783259109462:676:23)
    at div
    at MotionDOMComponent (http://localhost:5173/node_modules/.vite/deps/motion_react.js?v=bc1929d9:1184:40)
    at SceneRoom (http://localhost:5173/src/app/components/AiExperience.tsx?t=1783259109462:365:22)
    at div
    at section
    at JourneyStage (http://localhost:5173/src/app/components/AiExperience.tsx?t=1783259109462:311:15)
    at main
    at AiExperience (http://localhost:5173/src/app/components/AiExperience.tsx?t=1783259109462:289:3)
    at div
    at App (http://localhost:5173/src/app/App.tsx?t=1783257965377:34:30)

Consider adding an error boundary to your tree to customize error handling behavior.
Visit https://reactjs.org/link/error-boundaries to learn more about error boundaries. @ http://localhost:5173/node_modules/.vite/deps/chunk-YQ5BCTVV.js?v=5398434d:14079
[ 1945007ms] [ERROR] The above error occurred in the <StampedRow> component:

    at StampedRow (http://localhost:5173/src/app/components/AiExperience.tsx?t=1783259109462:625:3)
    at div
    at ItemsBlock (http://localhost:5173/src/app/components/AiExperience.tsx?t=1783259109462:676:23)
    at div
    at MotionDOMComponent (http://localhost:5173/node_modules/.vite/deps/motion_react.js?v=bc1929d9:1184:40)
    at SceneRoom (http://localhost:5173/src/app/components/AiExperience.tsx?t=1783259109462:365:22)
    at div
    at section
    at JourneyStage (http://localhost:5173/src/app/components/AiExperience.tsx?t=1783259109462:311:15)
    at main
    at AiExperience (http://localhost:5173/src/app/components/AiExperience.tsx?t=1783259109462:289:3)
    at div
    at App (http://localhost:5173/src/app/App.tsx?t=1783257965377:34:30)

Consider adding an error boundary to your tree to customize error handling behavior.
Visit https://reactjs.org/link/error-boundaries to learn more about error boundaries. @ http://localhost:5173/node_modules/.vite/deps/chunk-YQ5BCTVV.js?v=5398434d:14079
[ 1945007ms] [ERROR] The above error occurred in the <StampedRow> component:

    at StampedRow (http://localhost:5173/src/app/components/AiExperience.tsx?t=1783259109462:625:3)
    at div
    at ItemsBlock (http://localhost:5173/src/app/components/AiExperience.tsx?t=1783259109462:676:23)
    at div
    at MotionDOMComponent (http://localhost:5173/node_modules/.vite/deps/motion_react.js?v=bc1929d9:1184:40)
    at SceneRoom (http://localhost:5173/src/app/components/AiExperience.tsx?t=1783259109462:365:22)
    at div
    at section
    at JourneyStage (http://localhost:5173/src/app/components/AiExperience.tsx?t=1783259109462:311:15)
    at main
    at AiExperience (http://localhost:5173/src/app/components/AiExperience.tsx?t=1783259109462:289:3)
    at div
    at App (http://localhost:5173/src/app/App.tsx?t=1783257965377:34:30)

Consider adding an error boundary to your tree to customize error handling behavior.
Visit https://reactjs.org/link/error-boundaries to learn more about error boundaries. @ http://localhost:5173/node_modules/.vite/deps/chunk-YQ5BCTVV.js?v=5398434d:14079
[ 1945007ms] [ERROR] The above error occurred in the <StampedRow> component:

    at StampedRow (http://localhost:5173/src/app/components/AiExperience.tsx?t=1783259109462:625:3)
    at div
    at ItemsBlock (http://localhost:5173/src/app/components/AiExperience.tsx?t=1783259109462:676:23)
    at div
    at MotionDOMComponent (http://localhost:5173/node_modules/.vite/deps/motion_react.js?v=bc1929d9:1184:40)
    at SceneRoom (http://localhost:5173/src/app/components/AiExperience.tsx?t=1783259109462:365:22)
    at div
    at section
    at JourneyStage (http://localhost:5173/src/app/components/AiExperience.tsx?t=1783259109462:311:15)
    at main
    at AiExperience (http://localhost:5173/src/app/components/AiExperience.tsx?t=1783259109462:289:3)
    at div
    at App (http://localhost:5173/src/app/App.tsx?t=1783257965377:34:30)

Consider adding an error boundary to your tree to customize error handling behavior.
Visit https://reactjs.org/link/error-boundaries to learn more about error boundaries. @ http://localhost:5173/node_modules/.vite/deps/chunk-YQ5BCTVV.js?v=5398434d:14079
[ 1945007ms] [ERROR] The above error occurred in the <StampedRow> component:

    at StampedRow (http://localhost:5173/src/app/components/AiExperience.tsx?t=1783259109462:625:3)
    at div
    at ItemsBlock (http://localhost:5173/src/app/components/AiExperience.tsx?t=1783259109462:676:23)
    at div
    at MotionDOMComponent (http://localhost:5173/node_modules/.vite/deps/motion_react.js?v=bc1929d9:1184:40)
    at SceneRoom (http://localhost:5173/src/app/components/AiExperience.tsx?t=1783259109462:365:22)
    at div
    at section
    at JourneyStage (http://localhost:5173/src/app/components/AiExperience.tsx?t=1783259109462:311:15)
    at main
    at AiExperience (http://localhost:5173/src/app/components/AiExperience.tsx?t=1783259109462:289:3)
    at div
    at App (http://localhost:5173/src/app/App.tsx?t=1783257965377:34:30)

Consider adding an error boundary to your tree to customize error handling behavior.
Visit https://reactjs.org/link/error-boundaries to learn more about error boundaries. @ http://localhost:5173/node_modules/.vite/deps/chunk-YQ5BCTVV.js?v=5398434d:14079
[ 1945007ms] [ERROR] The above error occurred in the <StampedRow> component:

    at StampedRow (http://localhost:5173/src/app/components/AiExperience.tsx?t=1783259109462:625:3)
    at div
    at ItemsBlock (http://localhost:5173/src/app/components/AiExperience.tsx?t=1783259109462:676:23)
    at div
    at MotionDOMComponent (http://localhost:5173/node_modules/.vite/deps/motion_react.js?v=bc1929d9:1184:40)
    at SceneRoom (http://localhost:5173/src/app/components/AiExperience.tsx?t=1783259109462:365:22)
    at div
    at section
    at JourneyStage (http://localhost:5173/src/app/components/AiExperience.tsx?t=1783259109462:311:15)
    at main
    at AiExperience (http://localhost:5173/src/app/components/AiExperience.tsx?t=1783259109462:289:3)
    at div
    at App (http://localhost:5173/src/app/App.tsx?t=1783257965377:34:30)

Consider adding an error boundary to your tree to customize error handling behavior.
Visit https://reactjs.org/link/error-boundaries to learn more about error boundaries. @ http://localhost:5173/node_modules/.vite/deps/chunk-YQ5BCTVV.js?v=5398434d:14079
[ 1945007ms] [ERROR] The above error occurred in the <StampedRow> component:

    at StampedRow (http://localhost:5173/src/app/components/AiExperience.tsx?t=1783259109462:625:3)
    at div
    at div
    at ItemsBlock (http://localhost:5173/src/app/components/AiExperience.tsx?t=1783259109462:676:23)
    at div
    at MotionDOMComponent (http://localhost:5173/node_modules/.vite/deps/motion_react.js?v=bc1929d9:1184:40)
    at SceneRoom (http://localhost:5173/src/app/components/AiExperience.tsx?t=1783259109462:365:22)
    at div
    at section
    at JourneyStage (http://localhost:5173/src/app/components/AiExperience.tsx?t=1783259109462:311:15)
    at main
    at AiExperience (http://localhost:5173/src/app/components/AiExperience.tsx?t=1783259109462:289:3)
    at div
    at App (http://localhost:5173/src/app/App.tsx?t=1783257965377:34:30)

Consider adding an error boundary to your tree to customize error handling behavior.
Visit https://reactjs.org/link/error-boundaries to learn more about error boundaries. @ http://localhost:5173/node_modules/.vite/deps/chunk-YQ5BCTVV.js?v=5398434d:14079
[ 1945007ms] [ERROR] The above error occurred in the <StampedRow> component:

    at StampedRow (http://localhost:5173/src/app/components/AiExperience.tsx?t=1783259109462:625:3)
    at div
    at div
    at ItemsBlock (http://localhost:5173/src/app/components/AiExperience.tsx?t=1783259109462:676:23)
    at div
    at MotionDOMComponent (http://localhost:5173/node_modules/.vite/deps/motion_react.js?v=bc1929d9:1184:40)
    at SceneRoom (http://localhost:5173/src/app/components/AiExperience.tsx?t=1783259109462:365:22)
    at div
    at section
    at JourneyStage (http://localhost:5173/src/app/components/AiExperience.tsx?t=1783259109462:311:15)
    at main
    at AiExperience (http://localhost:5173/src/app/components/AiExperience.tsx?t=1783259109462:289:3)
    at div
    at App (http://localhost:5173/src/app/App.tsx?t=1783257965377:34:30)

Consider adding an error boundary to your tree to customize error handling behavior.
Visit https://reactjs.org/link/error-boundaries to learn more about error boundaries. @ http://localhost:5173/node_modules/.vite/deps/chunk-YQ5BCTVV.js?v=5398434d:14079
[ 1945007ms] [ERROR] The above error occurred in the <StampedRow> component:

    at StampedRow (http://localhost:5173/src/app/components/AiExperience.tsx?t=1783259109462:625:3)
    at div
    at div
    at ItemsBlock (http://localhost:5173/src/app/components/AiExperience.tsx?t=1783259109462:676:23)
    at div
    at MotionDOMComponent (http://localhost:5173/node_modules/.vite/deps/motion_react.js?v=bc1929d9:1184:40)
    at SceneRoom (http://localhost:5173/src/app/components/AiExperience.tsx?t=1783259109462:365:22)
    at div
    at section
    at JourneyStage (http://localhost:5173/src/app/components/AiExperience.tsx?t=1783259109462:311:15)
    at main
    at AiExperience (http://localhost:5173/src/app/components/AiExperience.tsx?t=1783259109462:289:3)
    at div
    at App (http://localhost:5173/src/app/App.tsx?t=1783257965377:34:30)

Consider adding an error boundary to your tree to customize error handling behavior.
Visit https://reactjs.org/link/error-boundaries to learn more about error boundaries. @ http://localhost:5173/node_modules/.vite/deps/chunk-YQ5BCTVV.js?v=5398434d:14079
[ 1945007ms] [ERROR] The above error occurred in the <StampedRow> component:

    at StampedRow (http://localhost:5173/src/app/components/AiExperience.tsx?t=1783259109462:625:3)
    at div
    at div
    at ItemsBlock (http://localhost:5173/src/app/components/AiExperience.tsx?t=1783259109462:676:23)
    at div
    at MotionDOMComponent (http://localhost:5173/node_modules/.vite/deps/motion_react.js?v=bc1929d9:1184:40)
    at SceneRoom (http://localhost:5173/src/app/components/AiExperience.tsx?t=1783259109462:365:22)
    at div
    at section
    at JourneyStage (http://localhost:5173/src/app/components/AiExperience.tsx?t=1783259109462:311:15)
    at main
    at AiExperience (http://localhost:5173/src/app/components/AiExperience.tsx?t=1783259109462:289:3)
    at div
    at App (http://localhost:5173/src/app/App.tsx?t=1783257965377:34:30)

Consider adding an error boundary to your tree to customize error handling behavior.
Visit https://reactjs.org/link/error-boundaries to learn more about error boundaries. @ http://localhost:5173/node_modules/.vite/deps/chunk-YQ5BCTVV.js?v=5398434d:14079
[ 1945007ms] [ERROR] The above error occurred in the <StampedRow> component:

    at StampedRow (http://localhost:5173/src/app/components/AiExperience.tsx?t=1783259109462:625:3)
    at div
    at div
    at ItemsBlock (http://localhost:5173/src/app/components/AiExperience.tsx?t=1783259109462:676:23)
    at div
    at MotionDOMComponent (http://localhost:5173/node_modules/.vite/deps/motion_react.js?v=bc1929d9:1184:40)
    at SceneRoom (http://localhost:5173/src/app/components/AiExperience.tsx?t=1783259109462:365:22)
    at div
    at section
    at JourneyStage (http://localhost:5173/src/app/components/AiExperience.tsx?t=1783259109462:311:15)
    at main
    at AiExperience (http://localhost:5173/src/app/components/AiExperience.tsx?t=1783259109462:289:3)
    at div
    at App (http://localhost:5173/src/app/App.tsx?t=1783257965377:34:30)

Consider adding an error boundary to your tree to customize error handling behavior.
Visit https://reactjs.org/link/error-boundaries to learn more about error boundaries. @ http://localhost:5173/node_modules/.vite/deps/chunk-YQ5BCTVV.js?v=5398434d:14079
[ 1945007ms] [ERROR] The above error occurred in the <StampedRow> component:

    at StampedRow (http://localhost:5173/src/app/components/AiExperience.tsx?t=1783259109462:625:3)
    at div
    at div
    at ItemsBlock (http://localhost:5173/src/app/components/AiExperience.tsx?t=1783259109462:676:23)
    at div
    at MotionDOMComponent (http://localhost:5173/node_modules/.vite/deps/motion_react.js?v=bc1929d9:1184:40)
    at SceneRoom (http://localhost:5173/src/app/components/AiExperience.tsx?t=1783259109462:365:22)
    at div
    at section
    at JourneyStage (http://localhost:5173/src/app/components/AiExperience.tsx?t=1783259109462:311:15)
    at main
    at AiExperience (http://localhost:5173/src/app/components/AiExperience.tsx?t=1783259109462:289:3)
    at div
    at App (http://localhost:5173/src/app/App.tsx?t=1783257965377:34:30)

Consider adding an error boundary to your tree to customize error handling behavior.
Visit https://reactjs.org/link/error-boundaries to learn more about error boundaries. @ http://localhost:5173/node_modules/.vite/deps/chunk-YQ5BCTVV.js?v=5398434d:14079
[ 1945007ms] [ERROR] The above error occurred in the <StampedRow> component:

    at StampedRow (http://localhost:5173/src/app/components/AiExperience.tsx?t=1783259109462:625:3)
    at div
    at div
    at ItemsBlock (http://localhost:5173/src/app/components/AiExperience.tsx?t=1783259109462:676:23)
    at div
    at MotionDOMComponent (http://localhost:5173/node_modules/.vite/deps/motion_react.js?v=bc1929d9:1184:40)
    at SceneRoom (http://localhost:5173/src/app/components/AiExperience.tsx?t=1783259109462:365:22)
    at div
    at section
    at JourneyStage (http://localhost:5173/src/app/components/AiExperience.tsx?t=1783259109462:311:15)
    at main
    at AiExperience (http://localhost:5173/src/app/components/AiExperience.tsx?t=1783259109462:289:3)
    at div
    at App (http://localhost:5173/src/app/App.tsx?t=1783257965377:34:30)

Consider adding an error boundary to your tree to customize error handling behavior.
Visit https://reactjs.org/link/error-boundaries to learn more about error boundaries. @ http://localhost:5173/node_modules/.vite/deps/chunk-YQ5BCTVV.js?v=5398434d:14079
[ 1945007ms] [ERROR] The above error occurred in the <StampedRow> component:

    at StampedRow (http://localhost:5173/src/app/components/AiExperience.tsx?t=1783259109462:625:3)
    at div
    at div
    at ItemsBlock (http://localhost:5173/src/app/components/AiExperience.tsx?t=1783259109462:676:23)
    at div
    at MotionDOMComponent (http://localhost:5173/node_modules/.vite/deps/motion_react.js?v=bc1929d9:1184:40)
    at SceneRoom (http://localhost:5173/src/app/components/AiExperience.tsx?t=1783259109462:365:22)
    at div
    at section
    at JourneyStage (http://localhost:5173/src/app/components/AiExperience.tsx?t=1783259109462:311:15)
    at main
    at AiExperience (http://localhost:5173/src/app/components/AiExperience.tsx?t=1783259109462:289:3)
    at div
    at App (http://localhost:5173/src/app/App.tsx?t=1783257965377:34:30)

Consider adding an error boundary to your tree to customize error handling behavior.
Visit https://reactjs.org/link/error-boundaries to learn more about error boundaries. @ http://localhost:5173/node_modules/.vite/deps/chunk-YQ5BCTVV.js?v=5398434d:14079
[ 1945007ms] [ERROR] The above error occurred in the <StampedRow> component:

    at StampedRow (http://localhost:5173/src/app/components/AiExperience.tsx?t=1783259109462:625:3)
    at div
    at div
    at ItemsBlock (http://localhost:5173/src/app/components/AiExperience.tsx?t=1783259109462:676:23)
    at div
    at MotionDOMComponent (http://localhost:5173/node_modules/.vite/deps/motion_react.js?v=bc1929d9:1184:40)
    at SceneRoom (http://localhost:5173/src/app/components/AiExperience.tsx?t=1783259109462:365:22)
    at div
    at section
    at JourneyStage (http://localhost:5173/src/app/components/AiExperience.tsx?t=1783259109462:311:15)
    at main
    at AiExperience (http://localhost:5173/src/app/components/AiExperience.tsx?t=1783259109462:289:3)
    at div
    at App (http://localhost:5173/src/app/App.tsx?t=1783257965377:34:30)

Consider adding an error boundary to your tree to customize error handling behavior.
Visit https://reactjs.org/link/error-boundaries to learn more about error boundaries. @ http://localhost:5173/node_modules/.vite/deps/chunk-YQ5BCTVV.js?v=5398434d:14079
[ 1945012ms] TypeError: Cannot read properties of undefined (reading 'flyExit')
    at exitBeat (http://localhost:5173/src/app/components/AiExperience.tsx?t=1783259109462:493:13)
    at StampedRow (http://localhost:5173/src/app/components/AiExperience.tsx?t=1783259109462:640:16)
    at renderWithHooks (http://localhost:5173/node_modules/.vite/deps/chunk-YQ5BCTVV.js?v=5398434d:11596:26)
    at mountIndeterminateComponent (http://localhost:5173/node_modules/.vite/deps/chunk-YQ5BCTVV.js?v=5398434d:14974:21)
    at beginWork (http://localhost:5173/node_modules/.vite/deps/chunk-YQ5BCTVV.js?v=5398434d:15962:22)
    at beginWork$1 (http://localhost:5173/node_modules/.vite/deps/chunk-YQ5BCTVV.js?v=5398434d:19806:22)
    at performUnitOfWork (http://localhost:5173/node_modules/.vite/deps/chunk-YQ5BCTVV.js?v=5398434d:19251:20)
    at workLoopSync (http://localhost:5173/node_modules/.vite/deps/chunk-YQ5BCTVV.js?v=5398434d:19190:13)
    at renderRootSync (http://localhost:5173/node_modules/.vite/deps/chunk-YQ5BCTVV.js?v=5398434d:19169:15)
    at recoverFromConcurrentError (http://localhost:5173/node_modules/.vite/deps/chunk-YQ5BCTVV.js?v=5398434d:18786:28)
[ 1978640ms] TypeError: Cannot read properties of undefined (reading 'flyExit')
    at exitBeat (http://localhost:5173/src/app/components/AiExperience.tsx?t=1783259143112:493:13)
    at StampedRow (http://localhost:5173/src/app/components/AiExperience.tsx?t=1783259143112:640:16)
    at renderWithHooks (http://localhost:5173/node_modules/.vite/deps/chunk-YQ5BCTVV.js?v=5398434d:11596:26)
    at mountIndeterminateComponent (http://localhost:5173/node_modules/.vite/deps/chunk-YQ5BCTVV.js?v=5398434d:14974:21)
    at beginWork (http://localhost:5173/node_modules/.vite/deps/chunk-YQ5BCTVV.js?v=5398434d:15962:22)
    at HTMLUnknownElement.callCallback2 (http://localhost:5173/node_modules/.vite/deps/chunk-YQ5BCTVV.js?v=5398434d:3680:22)
    at Object.invokeGuardedCallbackDev (http://localhost:5173/node_modules/.vite/deps/chunk-YQ5BCTVV.js?v=5398434d:3705:24)
    at invokeGuardedCallback (http://localhost:5173/node_modules/.vite/deps/chunk-YQ5BCTVV.js?v=5398434d:3739:39)
    at beginWork$1 (http://localhost:5173/node_modules/.vite/deps/chunk-YQ5BCTVV.js?v=5398434d:19818:15)
    at performUnitOfWork (http://localhost:5173/node_modules/.vite/deps/chunk-YQ5BCTVV.js?v=5398434d:19251:20)
[ 1978640ms] TypeError: Cannot read properties of undefined (reading 'flyExit')
    at exitBeat (http://localhost:5173/src/app/components/AiExperience.tsx?t=1783259143112:493:13)
    at StampedRow (http://localhost:5173/src/app/components/AiExperience.tsx?t=1783259143112:640:16)
    at renderWithHooks (http://localhost:5173/node_modules/.vite/deps/chunk-YQ5BCTVV.js?v=5398434d:11596:26)
    at mountIndeterminateComponent (http://localhost:5173/node_modules/.vite/deps/chunk-YQ5BCTVV.js?v=5398434d:14974:21)
    at beginWork (http://localhost:5173/node_modules/.vite/deps/chunk-YQ5BCTVV.js?v=5398434d:15962:22)
    at HTMLUnknownElement.callCallback2 (http://localhost:5173/node_modules/.vite/deps/chunk-YQ5BCTVV.js?v=5398434d:3680:22)
    at Object.invokeGuardedCallbackDev (http://localhost:5173/node_modules/.vite/deps/chunk-YQ5BCTVV.js?v=5398434d:3705:24)
    at invokeGuardedCallback (http://localhost:5173/node_modules/.vite/deps/chunk-YQ5BCTVV.js?v=5398434d:3739:39)
    at beginWork$1 (http://localhost:5173/node_modules/.vite/deps/chunk-YQ5BCTVV.js?v=5398434d:19818:15)
    at performUnitOfWork (http://localhost:5173/node_modules/.vite/deps/chunk-YQ5BCTVV.js?v=5398434d:19251:20)
[ 1978640ms] TypeError: Cannot read properties of undefined (reading 'flyExit')
    at exitBeat (http://localhost:5173/src/app/components/AiExperience.tsx?t=1783259143112:493:13)
    at StampedRow (http://localhost:5173/src/app/components/AiExperience.tsx?t=1783259143112:640:16)
    at renderWithHooks (http://localhost:5173/node_modules/.vite/deps/chunk-YQ5BCTVV.js?v=5398434d:11596:26)
    at mountIndeterminateComponent (http://localhost:5173/node_modules/.vite/deps/chunk-YQ5BCTVV.js?v=5398434d:14974:21)
    at beginWork (http://localhost:5173/node_modules/.vite/deps/chunk-YQ5BCTVV.js?v=5398434d:15962:22)
    at HTMLUnknownElement.callCallback2 (http://localhost:5173/node_modules/.vite/deps/chunk-YQ5BCTVV.js?v=5398434d:3680:22)
    at Object.invokeGuardedCallbackDev (http://localhost:5173/node_modules/.vite/deps/chunk-YQ5BCTVV.js?v=5398434d:3705:24)
    at invokeGuardedCallback (http://localhost:5173/node_modules/.vite/deps/chunk-YQ5BCTVV.js?v=5398434d:3739:39)
    at beginWork$1 (http://localhost:5173/node_modules/.vite/deps/chunk-YQ5BCTVV.js?v=5398434d:19818:15)
    at performUnitOfWork (http://localhost:5173/node_modules/.vite/deps/chunk-YQ5BCTVV.js?v=5398434d:19251:20)
[ 1978641ms] TypeError: Cannot read properties of undefined (reading 'flyExit')
    at exitBeat (http://localhost:5173/src/app/components/AiExperience.tsx?t=1783259143112:493:13)
    at StampedRow (http://localhost:5173/src/app/components/AiExperience.tsx?t=1783259143112:640:16)
    at renderWithHooks (http://localhost:5173/node_modules/.vite/deps/chunk-YQ5BCTVV.js?v=5398434d:11596:26)
    at mountIndeterminateComponent (http://localhost:5173/node_modules/.vite/deps/chunk-YQ5BCTVV.js?v=5398434d:14974:21)
    at beginWork (http://localhost:5173/node_modules/.vite/deps/chunk-YQ5BCTVV.js?v=5398434d:15962:22)
    at HTMLUnknownElement.callCallback2 (http://localhost:5173/node_modules/.vite/deps/chunk-YQ5BCTVV.js?v=5398434d:3680:22)
    at Object.invokeGuardedCallbackDev (http://localhost:5173/node_modules/.vite/deps/chunk-YQ5BCTVV.js?v=5398434d:3705:24)
    at invokeGuardedCallback (http://localhost:5173/node_modules/.vite/deps/chunk-YQ5BCTVV.js?v=5398434d:3739:39)
    at beginWork$1 (http://localhost:5173/node_modules/.vite/deps/chunk-YQ5BCTVV.js?v=5398434d:19818:15)
    at performUnitOfWork (http://localhost:5173/node_modules/.vite/deps/chunk-YQ5BCTVV.js?v=5398434d:19251:20)
[ 1978641ms] TypeError: Cannot read properties of undefined (reading 'flyExit')
    at exitBeat (http://localhost:5173/src/app/components/AiExperience.tsx?t=1783259143112:493:13)
    at StampedRow (http://localhost:5173/src/app/components/AiExperience.tsx?t=1783259143112:640:16)
    at renderWithHooks (http://localhost:5173/node_modules/.vite/deps/chunk-YQ5BCTVV.js?v=5398434d:11596:26)
    at mountIndeterminateComponent (http://localhost:5173/node_modules/.vite/deps/chunk-YQ5BCTVV.js?v=5398434d:14974:21)
    at beginWork (http://localhost:5173/node_modules/.vite/deps/chunk-YQ5BCTVV.js?v=5398434d:15962:22)
    at HTMLUnknownElement.callCallback2 (http://localhost:5173/node_modules/.vite/deps/chunk-YQ5BCTVV.js?v=5398434d:3680:22)
    at Object.invokeGuardedCallbackDev (http://localhost:5173/node_modules/.vite/deps/chunk-YQ5BCTVV.js?v=5398434d:3705:24)
    at invokeGuardedCallback (http://localhost:5173/node_modules/.vite/deps/chunk-YQ5BCTVV.js?v=5398434d:3739:39)
    at beginWork$1 (http://localhost:5173/node_modules/.vite/deps/chunk-YQ5BCTVV.js?v=5398434d:19818:15)
    at performUnitOfWork (http://localhost:5173/node_modules/.vite/deps/chunk-YQ5BCTVV.js?v=5398434d:19251:20)
[ 1978641ms] TypeError: Cannot read properties of undefined (reading 'flyExit')
    at exitBeat (http://localhost:5173/src/app/components/AiExperience.tsx?t=1783259143112:493:13)
    at StampedRow (http://localhost:5173/src/app/components/AiExperience.tsx?t=1783259143112:640:16)
    at renderWithHooks (http://localhost:5173/node_modules/.vite/deps/chunk-YQ5BCTVV.js?v=5398434d:11596:26)
    at mountIndeterminateComponent (http://localhost:5173/node_modules/.vite/deps/chunk-YQ5BCTVV.js?v=5398434d:14974:21)
    at beginWork (http://localhost:5173/node_modules/.vite/deps/chunk-YQ5BCTVV.js?v=5398434d:15962:22)
    at HTMLUnknownElement.callCallback2 (http://localhost:5173/node_modules/.vite/deps/chunk-YQ5BCTVV.js?v=5398434d:3680:22)
    at Object.invokeGuardedCallbackDev (http://localhost:5173/node_modules/.vite/deps/chunk-YQ5BCTVV.js?v=5398434d:3705:24)
    at invokeGuardedCallback (http://localhost:5173/node_modules/.vite/deps/chunk-YQ5BCTVV.js?v=5398434d:3739:39)
    at beginWork$1 (http://localhost:5173/node_modules/.vite/deps/chunk-YQ5BCTVV.js?v=5398434d:19818:15)
    at performUnitOfWork (http://localhost:5173/node_modules/.vite/deps/chunk-YQ5BCTVV.js?v=5398434d:19251:20)
[ 1978641ms] TypeError: Cannot read properties of undefined (reading 'flyExit')
    at exitBeat (http://localhost:5173/src/app/components/AiExperience.tsx?t=1783259143112:493:13)
    at StampedRow (http://localhost:5173/src/app/components/AiExperience.tsx?t=1783259143112:640:16)
    at renderWithHooks (http://localhost:5173/node_modules/.vite/deps/chunk-YQ5BCTVV.js?v=5398434d:11596:26)
    at mountIndeterminateComponent (http://localhost:5173/node_modules/.vite/deps/chunk-YQ5BCTVV.js?v=5398434d:14974:21)
    at beginWork (http://localhost:5173/node_modules/.vite/deps/chunk-YQ5BCTVV.js?v=5398434d:15962:22)
    at HTMLUnknownElement.callCallback2 (http://localhost:5173/node_modules/.vite/deps/chunk-YQ5BCTVV.js?v=5398434d:3680:22)
    at Object.invokeGuardedCallbackDev (http://localhost:5173/node_modules/.vite/deps/chunk-YQ5BCTVV.js?v=5398434d:3705:24)
    at invokeGuardedCallback (http://localhost:5173/node_modules/.vite/deps/chunk-YQ5BCTVV.js?v=5398434d:3739:39)
    at beginWork$1 (http://localhost:5173/node_modules/.vite/deps/chunk-YQ5BCTVV.js?v=5398434d:19818:15)
    at performUnitOfWork (http://localhost:5173/node_modules/.vite/deps/chunk-YQ5BCTVV.js?v=5398434d:19251:20)
[ 1978641ms] TypeError: Cannot read properties of undefined (reading 'flyExit')
    at exitBeat (http://localhost:5173/src/app/components/AiExperience.tsx?t=1783259143112:493:13)
    at StampedRow (http://localhost:5173/src/app/components/AiExperience.tsx?t=1783259143112:640:16)
    at renderWithHooks (http://localhost:5173/node_modules/.vite/deps/chunk-YQ5BCTVV.js?v=5398434d:11596:26)
    at mountIndeterminateComponent (http://localhost:5173/node_modules/.vite/deps/chunk-YQ5BCTVV.js?v=5398434d:14974:21)
    at beginWork (http://localhost:5173/node_modules/.vite/deps/chunk-YQ5BCTVV.js?v=5398434d:15962:22)
    at HTMLUnknownElement.callCallback2 (http://localhost:5173/node_modules/.vite/deps/chunk-YQ5BCTVV.js?v=5398434d:3680:22)
    at Object.invokeGuardedCallbackDev (http://localhost:5173/node_modules/.vite/deps/chunk-YQ5BCTVV.js?v=5398434d:3705:24)
    at invokeGuardedCallback (http://localhost:5173/node_modules/.vite/deps/chunk-YQ5BCTVV.js?v=5398434d:3739:39)
    at beginWork$1 (http://localhost:5173/node_modules/.vite/deps/chunk-YQ5BCTVV.js?v=5398434d:19818:15)
    at performUnitOfWork (http://localhost:5173/node_modules/.vite/deps/chunk-YQ5BCTVV.js?v=5398434d:19251:20)
[ 1978641ms] TypeError: Cannot read properties of undefined (reading 'flyExit')
    at exitBeat (http://localhost:5173/src/app/components/AiExperience.tsx?t=1783259143112:493:13)
    at StampedRow (http://localhost:5173/src/app/components/AiExperience.tsx?t=1783259143112:640:16)
    at renderWithHooks (http://localhost:5173/node_modules/.vite/deps/chunk-YQ5BCTVV.js?v=5398434d:11596:26)
    at mountIndeterminateComponent (http://localhost:5173/node_modules/.vite/deps/chunk-YQ5BCTVV.js?v=5398434d:14974:21)
    at beginWork (http://localhost:5173/node_modules/.vite/deps/chunk-YQ5BCTVV.js?v=5398434d:15962:22)
    at HTMLUnknownElement.callCallback2 (http://localhost:5173/node_modules/.vite/deps/chunk-YQ5BCTVV.js?v=5398434d:3680:22)
    at Object.invokeGuardedCallbackDev (http://localhost:5173/node_modules/.vite/deps/chunk-YQ5BCTVV.js?v=5398434d:3705:24)
    at invokeGuardedCallback (http://localhost:5173/node_modules/.vite/deps/chunk-YQ5BCTVV.js?v=5398434d:3739:39)
    at beginWork$1 (http://localhost:5173/node_modules/.vite/deps/chunk-YQ5BCTVV.js?v=5398434d:19818:15)
    at performUnitOfWork (http://localhost:5173/node_modules/.vite/deps/chunk-YQ5BCTVV.js?v=5398434d:19251:20)
[ 1978645ms] TypeError: Cannot read properties of undefined (reading 'flyExit')
    at exitBeat (http://localhost:5173/src/app/components/AiExperience.tsx?t=1783259143112:493:13)
    at StampedRow (http://localhost:5173/src/app/components/AiExperience.tsx?t=1783259143112:640:16)
    at renderWithHooks (http://localhost:5173/node_modules/.vite/deps/chunk-YQ5BCTVV.js?v=5398434d:11596:26)
    at mountIndeterminateComponent (http://localhost:5173/node_modules/.vite/deps/chunk-YQ5BCTVV.js?v=5398434d:14974:21)
    at beginWork (http://localhost:5173/node_modules/.vite/deps/chunk-YQ5BCTVV.js?v=5398434d:15962:22)
    at HTMLUnknownElement.callCallback2 (http://localhost:5173/node_modules/.vite/deps/chunk-YQ5BCTVV.js?v=5398434d:3680:22)
    at Object.invokeGuardedCallbackDev (http://localhost:5173/node_modules/.vite/deps/chunk-YQ5BCTVV.js?v=5398434d:3705:24)
    at invokeGuardedCallback (http://localhost:5173/node_modules/.vite/deps/chunk-YQ5BCTVV.js?v=5398434d:3739:39)
    at beginWork$1 (http://localhost:5173/node_modules/.vite/deps/chunk-YQ5BCTVV.js?v=5398434d:19818:15)
    at performUnitOfWork (http://localhost:5173/node_modules/.vite/deps/chunk-YQ5BCTVV.js?v=5398434d:19251:20)
[ 1978645ms] TypeError: Cannot read properties of undefined (reading 'flyExit')
    at exitBeat (http://localhost:5173/src/app/components/AiExperience.tsx?t=1783259143112:493:13)
    at StampedRow (http://localhost:5173/src/app/components/AiExperience.tsx?t=1783259143112:640:16)
    at renderWithHooks (http://localhost:5173/node_modules/.vite/deps/chunk-YQ5BCTVV.js?v=5398434d:11596:26)
    at mountIndeterminateComponent (http://localhost:5173/node_modules/.vite/deps/chunk-YQ5BCTVV.js?v=5398434d:14974:21)
    at beginWork (http://localhost:5173/node_modules/.vite/deps/chunk-YQ5BCTVV.js?v=5398434d:15962:22)
    at HTMLUnknownElement.callCallback2 (http://localhost:5173/node_modules/.vite/deps/chunk-YQ5BCTVV.js?v=5398434d:3680:22)
    at Object.invokeGuardedCallbackDev (http://localhost:5173/node_modules/.vite/deps/chunk-YQ5BCTVV.js?v=5398434d:3705:24)
    at invokeGuardedCallback (http://localhost:5173/node_modules/.vite/deps/chunk-YQ5BCTVV.js?v=5398434d:3739:39)
    at beginWork$1 (http://localhost:5173/node_modules/.vite/deps/chunk-YQ5BCTVV.js?v=5398434d:19818:15)
    at performUnitOfWork (http://localhost:5173/node_modules/.vite/deps/chunk-YQ5BCTVV.js?v=5398434d:19251:20)
[ 1978645ms] TypeError: Cannot read properties of undefined (reading 'flyExit')
    at exitBeat (http://localhost:5173/src/app/components/AiExperience.tsx?t=1783259143112:493:13)
    at StampedRow (http://localhost:5173/src/app/components/AiExperience.tsx?t=1783259143112:640:16)
    at renderWithHooks (http://localhost:5173/node_modules/.vite/deps/chunk-YQ5BCTVV.js?v=5398434d:11596:26)
    at mountIndeterminateComponent (http://localhost:5173/node_modules/.vite/deps/chunk-YQ5BCTVV.js?v=5398434d:14974:21)
    at beginWork (http://localhost:5173/node_modules/.vite/deps/chunk-YQ5BCTVV.js?v=5398434d:15962:22)
    at HTMLUnknownElement.callCallback2 (http://localhost:5173/node_modules/.vite/deps/chunk-YQ5BCTVV.js?v=5398434d:3680:22)
    at Object.invokeGuardedCallbackDev (http://localhost:5173/node_modules/.vite/deps/chunk-YQ5BCTVV.js?v=5398434d:3705:24)
    at invokeGuardedCallback (http://localhost:5173/node_modules/.vite/deps/chunk-YQ5BCTVV.js?v=5398434d:3739:39)
    at beginWork$1 (http://localhost:5173/node_modules/.vite/deps/chunk-YQ5BCTVV.js?v=5398434d:19818:15)
    at performUnitOfWork (http://localhost:5173/node_modules/.vite/deps/chunk-YQ5BCTVV.js?v=5398434d:19251:20)
[ 1978646ms] TypeError: Cannot read properties of undefined (reading 'flyExit')
    at exitBeat (http://localhost:5173/src/app/components/AiExperience.tsx?t=1783259143112:493:13)
    at StampedRow (http://localhost:5173/src/app/components/AiExperience.tsx?t=1783259143112:640:16)
    at renderWithHooks (http://localhost:5173/node_modules/.vite/deps/chunk-YQ5BCTVV.js?v=5398434d:11596:26)
    at mountIndeterminateComponent (http://localhost:5173/node_modules/.vite/deps/chunk-YQ5BCTVV.js?v=5398434d:14974:21)
    at beginWork (http://localhost:5173/node_modules/.vite/deps/chunk-YQ5BCTVV.js?v=5398434d:15962:22)
    at HTMLUnknownElement.callCallback2 (http://localhost:5173/node_modules/.vite/deps/chunk-YQ5BCTVV.js?v=5398434d:3680:22)
    at Object.invokeGuardedCallbackDev (http://localhost:5173/node_modules/.vite/deps/chunk-YQ5BCTVV.js?v=5398434d:3705:24)
    at invokeGuardedCallback (http://localhost:5173/node_modules/.vite/deps/chunk-YQ5BCTVV.js?v=5398434d:3739:39)
    at beginWork$1 (http://localhost:5173/node_modules/.vite/deps/chunk-YQ5BCTVV.js?v=5398434d:19818:15)
    at performUnitOfWork (http://localhost:5173/node_modules/.vite/deps/chunk-YQ5BCTVV.js?v=5398434d:19251:20)
[ 1978646ms] TypeError: Cannot read properties of undefined (reading 'flyExit')
    at exitBeat (http://localhost:5173/src/app/components/AiExperience.tsx?t=1783259143112:493:13)
    at StampedRow (http://localhost:5173/src/app/components/AiExperience.tsx?t=1783259143112:640:16)
    at renderWithHooks (http://localhost:5173/node_modules/.vite/deps/chunk-YQ5BCTVV.js?v=5398434d:11596:26)
    at mountIndeterminateComponent (http://localhost:5173/node_modules/.vite/deps/chunk-YQ5BCTVV.js?v=5398434d:14974:21)
    at beginWork (http://localhost:5173/node_modules/.vite/deps/chunk-YQ5BCTVV.js?v=5398434d:15962:22)
    at HTMLUnknownElement.callCallback2 (http://localhost:5173/node_modules/.vite/deps/chunk-YQ5BCTVV.js?v=5398434d:3680:22)
    at Object.invokeGuardedCallbackDev (http://localhost:5173/node_modules/.vite/deps/chunk-YQ5BCTVV.js?v=5398434d:3705:24)
    at invokeGuardedCallback (http://localhost:5173/node_modules/.vite/deps/chunk-YQ5BCTVV.js?v=5398434d:3739:39)
    at beginWork$1 (http://localhost:5173/node_modules/.vite/deps/chunk-YQ5BCTVV.js?v=5398434d:19818:15)
    at performUnitOfWork (http://localhost:5173/node_modules/.vite/deps/chunk-YQ5BCTVV.js?v=5398434d:19251:20)
[ 1978646ms] TypeError: Cannot read properties of undefined (reading 'flyExit')
    at exitBeat (http://localhost:5173/src/app/components/AiExperience.tsx?t=1783259143112:493:13)
    at StampedRow (http://localhost:5173/src/app/components/AiExperience.tsx?t=1783259143112:640:16)
    at renderWithHooks (http://localhost:5173/node_modules/.vite/deps/chunk-YQ5BCTVV.js?v=5398434d:11596:26)
    at mountIndeterminateComponent (http://localhost:5173/node_modules/.vite/deps/chunk-YQ5BCTVV.js?v=5398434d:14974:21)
    at beginWork (http://localhost:5173/node_modules/.vite/deps/chunk-YQ5BCTVV.js?v=5398434d:15962:22)
    at HTMLUnknownElement.callCallback2 (http://localhost:5173/node_modules/.vite/deps/chunk-YQ5BCTVV.js?v=5398434d:3680:22)
    at Object.invokeGuardedCallbackDev (http://localhost:5173/node_modules/.vite/deps/chunk-YQ5BCTVV.js?v=5398434d:3705:24)
    at invokeGuardedCallback (http://localhost:5173/node_modules/.vite/deps/chunk-YQ5BCTVV.js?v=5398434d:3739:39)
    at beginWork$1 (http://localhost:5173/node_modules/.vite/deps/chunk-YQ5BCTVV.js?v=5398434d:19818:15)
    at performUnitOfWork (http://localhost:5173/node_modules/.vite/deps/chunk-YQ5BCTVV.js?v=5398434d:19251:20)
[ 1978646ms] TypeError: Cannot read properties of undefined (reading 'flyExit')
    at exitBeat (http://localhost:5173/src/app/components/AiExperience.tsx?t=1783259143112:493:13)
    at StampedRow (http://localhost:5173/src/app/components/AiExperience.tsx?t=1783259143112:640:16)
    at renderWithHooks (http://localhost:5173/node_modules/.vite/deps/chunk-YQ5BCTVV.js?v=5398434d:11596:26)
    at mountIndeterminateComponent (http://localhost:5173/node_modules/.vite/deps/chunk-YQ5BCTVV.js?v=5398434d:14974:21)
    at beginWork (http://localhost:5173/node_modules/.vite/deps/chunk-YQ5BCTVV.js?v=5398434d:15962:22)
    at HTMLUnknownElement.callCallback2 (http://localhost:5173/node_modules/.vite/deps/chunk-YQ5BCTVV.js?v=5398434d:3680:22)
    at Object.invokeGuardedCallbackDev (http://localhost:5173/node_modules/.vite/deps/chunk-YQ5BCTVV.js?v=5398434d:3705:24)
    at invokeGuardedCallback (http://localhost:5173/node_modules/.vite/deps/chunk-YQ5BCTVV.js?v=5398434d:3739:39)
    at beginWork$1 (http://localhost:5173/node_modules/.vite/deps/chunk-YQ5BCTVV.js?v=5398434d:19818:15)
    at performUnitOfWork (http://localhost:5173/node_modules/.vite/deps/chunk-YQ5BCTVV.js?v=5398434d:19251:20)
[ 1978646ms] TypeError: Cannot read properties of undefined (reading 'flyExit')
    at exitBeat (http://localhost:5173/src/app/components/AiExperience.tsx?t=1783259143112:493:13)
    at StampedRow (http://localhost:5173/src/app/components/AiExperience.tsx?t=1783259143112:640:16)
    at renderWithHooks (http://localhost:5173/node_modules/.vite/deps/chunk-YQ5BCTVV.js?v=5398434d:11596:26)
    at mountIndeterminateComponent (http://localhost:5173/node_modules/.vite/deps/chunk-YQ5BCTVV.js?v=5398434d:14974:21)
    at beginWork (http://localhost:5173/node_modules/.vite/deps/chunk-YQ5BCTVV.js?v=5398434d:15962:22)
    at HTMLUnknownElement.callCallback2 (http://localhost:5173/node_modules/.vite/deps/chunk-YQ5BCTVV.js?v=5398434d:3680:22)
    at Object.invokeGuardedCallbackDev (http://localhost:5173/node_modules/.vite/deps/chunk-YQ5BCTVV.js?v=5398434d:3705:24)
    at invokeGuardedCallback (http://localhost:5173/node_modules/.vite/deps/chunk-YQ5BCTVV.js?v=5398434d:3739:39)
    at beginWork$1 (http://localhost:5173/node_modules/.vite/deps/chunk-YQ5BCTVV.js?v=5398434d:19818:15)
    at performUnitOfWork (http://localhost:5173/node_modules/.vite/deps/chunk-YQ5BCTVV.js?v=5398434d:19251:20)
[ 1978647ms] TypeError: Cannot read properties of undefined (reading 'flyExit')
    at exitBeat (http://localhost:5173/src/app/components/AiExperience.tsx?t=1783259143112:493:13)
    at StampedRow (http://localhost:5173/src/app/components/AiExperience.tsx?t=1783259143112:640:16)
    at renderWithHooks (http://localhost:5173/node_modules/.vite/deps/chunk-YQ5BCTVV.js?v=5398434d:11596:26)
    at mountIndeterminateComponent (http://localhost:5173/node_modules/.vite/deps/chunk-YQ5BCTVV.js?v=5398434d:14974:21)
    at beginWork (http://localhost:5173/node_modules/.vite/deps/chunk-YQ5BCTVV.js?v=5398434d:15962:22)
    at HTMLUnknownElement.callCallback2 (http://localhost:5173/node_modules/.vite/deps/chunk-YQ5BCTVV.js?v=5398434d:3680:22)
    at Object.invokeGuardedCallbackDev (http://localhost:5173/node_modules/.vite/deps/chunk-YQ5BCTVV.js?v=5398434d:3705:24)
    at invokeGuardedCallback (http://localhost:5173/node_modules/.vite/deps/chunk-YQ5BCTVV.js?v=5398434d:3739:39)
    at beginWork$1 (http://localhost:5173/node_modules/.vite/deps/chunk-YQ5BCTVV.js?v=5398434d:19818:15)
    at performUnitOfWork (http://localhost:5173/node_modules/.vite/deps/chunk-YQ5BCTVV.js?v=5398434d:19251:20)
[ 1978648ms] [ERROR] The above error occurred in the <StampedRow> component:

    at StampedRow (http://localhost:5173/src/app/components/AiExperience.tsx?t=1783259143112:625:3)
    at div
    at div
    at ItemsBlock (http://localhost:5173/src/app/components/AiExperience.tsx?t=1783259143112:676:23)
    at div
    at MotionDOMComponent (http://localhost:5173/node_modules/.vite/deps/motion_react.js?v=bc1929d9:1184:40)
    at SceneRoom (http://localhost:5173/src/app/components/AiExperience.tsx?t=1783259143112:365:22)
    at div
    at section
    at JourneyStage (http://localhost:5173/src/app/components/AiExperience.tsx?t=1783259143112:311:15)
    at main
    at AiExperience (http://localhost:5173/src/app/components/AiExperience.tsx?t=1783259143112:289:3)
    at div
    at App (http://localhost:5173/src/app/App.tsx?t=1783257965377:34:30)

Consider adding an error boundary to your tree to customize error handling behavior.
Visit https://reactjs.org/link/error-boundaries to learn more about error boundaries. @ http://localhost:5173/node_modules/.vite/deps/chunk-YQ5BCTVV.js?v=5398434d:14079
[ 1978648ms] [ERROR] The above error occurred in the <StampedRow> component:

    at StampedRow (http://localhost:5173/src/app/components/AiExperience.tsx?t=1783259143112:625:3)
    at div
    at div
    at ItemsBlock (http://localhost:5173/src/app/components/AiExperience.tsx?t=1783259143112:676:23)
    at div
    at MotionDOMComponent (http://localhost:5173/node_modules/.vite/deps/motion_react.js?v=bc1929d9:1184:40)
    at SceneRoom (http://localhost:5173/src/app/components/AiExperience.tsx?t=1783259143112:365:22)
    at div
    at section
    at JourneyStage (http://localhost:5173/src/app/components/AiExperience.tsx?t=1783259143112:311:15)
    at main
    at AiExperience (http://localhost:5173/src/app/components/AiExperience.tsx?t=1783259143112:289:3)
    at div
    at App (http://localhost:5173/src/app/App.tsx?t=1783257965377:34:30)

Consider adding an error boundary to your tree to customize error handling behavior.
Visit https://reactjs.org/link/error-boundaries to learn more about error boundaries. @ http://localhost:5173/node_modules/.vite/deps/chunk-YQ5BCTVV.js?v=5398434d:14079
[ 1978648ms] [ERROR] The above error occurred in the <StampedRow> component:

    at StampedRow (http://localhost:5173/src/app/components/AiExperience.tsx?t=1783259143112:625:3)
    at div
    at div
    at ItemsBlock (http://localhost:5173/src/app/components/AiExperience.tsx?t=1783259143112:676:23)
    at div
    at MotionDOMComponent (http://localhost:5173/node_modules/.vite/deps/motion_react.js?v=bc1929d9:1184:40)
    at SceneRoom (http://localhost:5173/src/app/components/AiExperience.tsx?t=1783259143112:365:22)
    at div
    at section
    at JourneyStage (http://localhost:5173/src/app/components/AiExperience.tsx?t=1783259143112:311:15)
    at main
    at AiExperience (http://localhost:5173/src/app/components/AiExperience.tsx?t=1783259143112:289:3)
    at div
    at App (http://localhost:5173/src/app/App.tsx?t=1783257965377:34:30)

Consider adding an error boundary to your tree to customize error handling behavior.
Visit https://reactjs.org/link/error-boundaries to learn more about error boundaries. @ http://localhost:5173/node_modules/.vite/deps/chunk-YQ5BCTVV.js?v=5398434d:14079
[ 1978648ms] [ERROR] The above error occurred in the <StampedRow> component:

    at StampedRow (http://localhost:5173/src/app/components/AiExperience.tsx?t=1783259143112:625:3)
    at div
    at div
    at ItemsBlock (http://localhost:5173/src/app/components/AiExperience.tsx?t=1783259143112:676:23)
    at div
    at MotionDOMComponent (http://localhost:5173/node_modules/.vite/deps/motion_react.js?v=bc1929d9:1184:40)
    at SceneRoom (http://localhost:5173/src/app/components/AiExperience.tsx?t=1783259143112:365:22)
    at div
    at section
    at JourneyStage (http://localhost:5173/src/app/components/AiExperience.tsx?t=1783259143112:311:15)
    at main
    at AiExperience (http://localhost:5173/src/app/components/AiExperience.tsx?t=1783259143112:289:3)
    at div
    at App (http://localhost:5173/src/app/App.tsx?t=1783257965377:34:30)

Consider adding an error boundary to your tree to customize error handling behavior.
Visit https://reactjs.org/link/error-boundaries to learn more about error boundaries. @ http://localhost:5173/node_modules/.vite/deps/chunk-YQ5BCTVV.js?v=5398434d:14079
[ 1978648ms] [ERROR] The above error occurred in the <StampedRow> component:

    at StampedRow (http://localhost:5173/src/app/components/AiExperience.tsx?t=1783259143112:625:3)
    at div
    at div
    at ItemsBlock (http://localhost:5173/src/app/components/AiExperience.tsx?t=1783259143112:676:23)
    at div
    at MotionDOMComponent (http://localhost:5173/node_modules/.vite/deps/motion_react.js?v=bc1929d9:1184:40)
    at SceneRoom (http://localhost:5173/src/app/components/AiExperience.tsx?t=1783259143112:365:22)
    at div
    at section
    at JourneyStage (http://localhost:5173/src/app/components/AiExperience.tsx?t=1783259143112:311:15)
    at main
    at AiExperience (http://localhost:5173/src/app/components/AiExperience.tsx?t=1783259143112:289:3)
    at div
    at App (http://localhost:5173/src/app/App.tsx?t=1783257965377:34:30)

Consider adding an error boundary to your tree to customize error handling behavior.
Visit https://reactjs.org/link/error-boundaries to learn more about error boundaries. @ http://localhost:5173/node_modules/.vite/deps/chunk-YQ5BCTVV.js?v=5398434d:14079
[ 1978649ms] [ERROR] The above error occurred in the <StampedRow> component:

    at StampedRow (http://localhost:5173/src/app/components/AiExperience.tsx?t=1783259143112:625:3)
    at div
    at div
    at ItemsBlock (http://localhost:5173/src/app/components/AiExperience.tsx?t=1783259143112:676:23)
    at div
    at MotionDOMComponent (http://localhost:5173/node_modules/.vite/deps/motion_react.js?v=bc1929d9:1184:40)
    at SceneRoom (http://localhost:5173/src/app/components/AiExperience.tsx?t=1783259143112:365:22)
    at div
    at section
    at JourneyStage (http://localhost:5173/src/app/components/AiExperience.tsx?t=1783259143112:311:15)
    at main
    at AiExperience (http://localhost:5173/src/app/components/AiExperience.tsx?t=1783259143112:289:3)
    at div
    at App (http://localhost:5173/src/app/App.tsx?t=1783257965377:34:30)

Consider adding an error boundary to your tree to customize error handling behavior.
Visit https://reactjs.org/link/error-boundaries to learn more about error boundaries. @ http://localhost:5173/node_modules/.vite/deps/chunk-YQ5BCTVV.js?v=5398434d:14079
[ 1978649ms] [ERROR] The above error occurred in the <StampedRow> component:

    at StampedRow (http://localhost:5173/src/app/components/AiExperience.tsx?t=1783259143112:625:3)
    at div
    at div
    at ItemsBlock (http://localhost:5173/src/app/components/AiExperience.tsx?t=1783259143112:676:23)
    at div
    at MotionDOMComponent (http://localhost:5173/node_modules/.vite/deps/motion_react.js?v=bc1929d9:1184:40)
    at SceneRoom (http://localhost:5173/src/app/components/AiExperience.tsx?t=1783259143112:365:22)
    at div
    at section
    at JourneyStage (http://localhost:5173/src/app/components/AiExperience.tsx?t=1783259143112:311:15)
    at main
    at AiExperience (http://localhost:5173/src/app/components/AiExperience.tsx?t=1783259143112:289:3)
    at div
    at App (http://localhost:5173/src/app/App.tsx?t=1783257965377:34:30)

Consider adding an error boundary to your tree to customize error handling behavior.
Visit https://reactjs.org/link/error-boundaries to learn more about error boundaries. @ http://localhost:5173/node_modules/.vite/deps/chunk-YQ5BCTVV.js?v=5398434d:14079
[ 1978649ms] [ERROR] The above error occurred in the <StampedRow> component:

    at StampedRow (http://localhost:5173/src/app/components/AiExperience.tsx?t=1783259143112:625:3)
    at div
    at div
    at ItemsBlock (http://localhost:5173/src/app/components/AiExperience.tsx?t=1783259143112:676:23)
    at div
    at MotionDOMComponent (http://localhost:5173/node_modules/.vite/deps/motion_react.js?v=bc1929d9:1184:40)
    at SceneRoom (http://localhost:5173/src/app/components/AiExperience.tsx?t=1783259143112:365:22)
    at div
    at section
    at JourneyStage (http://localhost:5173/src/app/components/AiExperience.tsx?t=1783259143112:311:15)
    at main
    at AiExperience (http://localhost:5173/src/app/components/AiExperience.tsx?t=1783259143112:289:3)
    at div
    at App (http://localhost:5173/src/app/App.tsx?t=1783257965377:34:30)

Consider adding an error boundary to your tree to customize error handling behavior.
Visit https://reactjs.org/link/error-boundaries to learn more about error boundaries. @ http://localhost:5173/node_modules/.vite/deps/chunk-YQ5BCTVV.js?v=5398434d:14079
[ 1978649ms] [ERROR] The above error occurred in the <StampedRow> component:

    at StampedRow (http://localhost:5173/src/app/components/AiExperience.tsx?t=1783259143112:625:3)
    at div
    at div
    at ItemsBlock (http://localhost:5173/src/app/components/AiExperience.tsx?t=1783259143112:676:23)
    at div
    at MotionDOMComponent (http://localhost:5173/node_modules/.vite/deps/motion_react.js?v=bc1929d9:1184:40)
    at SceneRoom (http://localhost:5173/src/app/components/AiExperience.tsx?t=1783259143112:365:22)
    at div
    at section
    at JourneyStage (http://localhost:5173/src/app/components/AiExperience.tsx?t=1783259143112:311:15)
    at main
    at AiExperience (http://localhost:5173/src/app/components/AiExperience.tsx?t=1783259143112:289:3)
    at div
    at App (http://localhost:5173/src/app/App.tsx?t=1783257965377:34:30)

Consider adding an error boundary to your tree to customize error handling behavior.
Visit https://reactjs.org/link/error-boundaries to learn more about error boundaries. @ http://localhost:5173/node_modules/.vite/deps/chunk-YQ5BCTVV.js?v=5398434d:14079
[ 1978649ms] TypeError: Cannot read properties of undefined (reading 'flyExit')
    at exitBeat (http://localhost:5173/src/app/components/AiExperience.tsx?t=1783259143112:493:13)
    at StampedRow (http://localhost:5173/src/app/components/AiExperience.tsx?t=1783259143112:640:16)
    at renderWithHooks (http://localhost:5173/node_modules/.vite/deps/chunk-YQ5BCTVV.js?v=5398434d:11596:26)
    at mountIndeterminateComponent (http://localhost:5173/node_modules/.vite/deps/chunk-YQ5BCTVV.js?v=5398434d:14974:21)
    at beginWork (http://localhost:5173/node_modules/.vite/deps/chunk-YQ5BCTVV.js?v=5398434d:15962:22)
    at beginWork$1 (http://localhost:5173/node_modules/.vite/deps/chunk-YQ5BCTVV.js?v=5398434d:19806:22)
    at performUnitOfWork (http://localhost:5173/node_modules/.vite/deps/chunk-YQ5BCTVV.js?v=5398434d:19251:20)
    at workLoopSync (http://localhost:5173/node_modules/.vite/deps/chunk-YQ5BCTVV.js?v=5398434d:19190:13)
    at renderRootSync (http://localhost:5173/node_modules/.vite/deps/chunk-YQ5BCTVV.js?v=5398434d:19169:15)
    at recoverFromConcurrentError (http://localhost:5173/node_modules/.vite/deps/chunk-YQ5BCTVV.js?v=5398434d:18786:28)
[ 1988589ms] TypeError: Cannot read properties of undefined (reading 'flyExit')
    at exitBeat (http://localhost:5173/src/app/components/AiExperience.tsx?t=1783259153068:493:13)
    at StampedRow (http://localhost:5173/src/app/components/AiExperience.tsx?t=1783259153068:640:16)
    at renderWithHooks (http://localhost:5173/node_modules/.vite/deps/chunk-YQ5BCTVV.js?v=5398434d:11596:26)
    at mountIndeterminateComponent (http://localhost:5173/node_modules/.vite/deps/chunk-YQ5BCTVV.js?v=5398434d:14974:21)
    at beginWork (http://localhost:5173/node_modules/.vite/deps/chunk-YQ5BCTVV.js?v=5398434d:15962:22)
    at HTMLUnknownElement.callCallback2 (http://localhost:5173/node_modules/.vite/deps/chunk-YQ5BCTVV.js?v=5398434d:3680:22)
    at Object.invokeGuardedCallbackDev (http://localhost:5173/node_modules/.vite/deps/chunk-YQ5BCTVV.js?v=5398434d:3705:24)
    at invokeGuardedCallback (http://localhost:5173/node_modules/.vite/deps/chunk-YQ5BCTVV.js?v=5398434d:3739:39)
    at beginWork$1 (http://localhost:5173/node_modules/.vite/deps/chunk-YQ5BCTVV.js?v=5398434d:19818:15)
    at performUnitOfWork (http://localhost:5173/node_modules/.vite/deps/chunk-YQ5BCTVV.js?v=5398434d:19251:20)
[ 1988590ms] TypeError: Cannot read properties of undefined (reading 'flyExit')
    at exitBeat (http://localhost:5173/src/app/components/AiExperience.tsx?t=1783259153068:493:13)
    at StampedRow (http://localhost:5173/src/app/components/AiExperience.tsx?t=1783259153068:640:16)
    at renderWithHooks (http://localhost:5173/node_modules/.vite/deps/chunk-YQ5BCTVV.js?v=5398434d:11596:26)
    at mountIndeterminateComponent (http://localhost:5173/node_modules/.vite/deps/chunk-YQ5BCTVV.js?v=5398434d:14974:21)
    at beginWork (http://localhost:5173/node_modules/.vite/deps/chunk-YQ5BCTVV.js?v=5398434d:15962:22)
    at HTMLUnknownElement.callCallback2 (http://localhost:5173/node_modules/.vite/deps/chunk-YQ5BCTVV.js?v=5398434d:3680:22)
    at Object.invokeGuardedCallbackDev (http://localhost:5173/node_modules/.vite/deps/chunk-YQ5BCTVV.js?v=5398434d:3705:24)
    at invokeGuardedCallback (http://localhost:5173/node_modules/.vite/deps/chunk-YQ5BCTVV.js?v=5398434d:3739:39)
    at beginWork$1 (http://localhost:5173/node_modules/.vite/deps/chunk-YQ5BCTVV.js?v=5398434d:19818:15)
    at performUnitOfWork (http://localhost:5173/node_modules/.vite/deps/chunk-YQ5BCTVV.js?v=5398434d:19251:20)
[ 1988590ms] TypeError: Cannot read properties of undefined (reading 'flyExit')
    at exitBeat (http://localhost:5173/src/app/components/AiExperience.tsx?t=1783259153068:493:13)
    at StampedRow (http://localhost:5173/src/app/components/AiExperience.tsx?t=1783259153068:640:16)
    at renderWithHooks (http://localhost:5173/node_modules/.vite/deps/chunk-YQ5BCTVV.js?v=5398434d:11596:26)
    at mountIndeterminateComponent (http://localhost:5173/node_modules/.vite/deps/chunk-YQ5BCTVV.js?v=5398434d:14974:21)
    at beginWork (http://localhost:5173/node_modules/.vite/deps/chunk-YQ5BCTVV.js?v=5398434d:15962:22)
    at HTMLUnknownElement.callCallback2 (http://localhost:5173/node_modules/.vite/deps/chunk-YQ5BCTVV.js?v=5398434d:3680:22)
    at Object.invokeGuardedCallbackDev (http://localhost:5173/node_modules/.vite/deps/chunk-YQ5BCTVV.js?v=5398434d:3705:24)
    at invokeGuardedCallback (http://localhost:5173/node_modules/.vite/deps/chunk-YQ5BCTVV.js?v=5398434d:3739:39)
    at beginWork$1 (http://localhost:5173/node_modules/.vite/deps/chunk-YQ5BCTVV.js?v=5398434d:19818:15)
    at performUnitOfWork (http://localhost:5173/node_modules/.vite/deps/chunk-YQ5BCTVV.js?v=5398434d:19251:20)
[ 1988590ms] TypeError: Cannot read properties of undefined (reading 'flyExit')
    at exitBeat (http://localhost:5173/src/app/components/AiExperience.tsx?t=1783259153068:493:13)
    at StampedRow (http://localhost:5173/src/app/components/AiExperience.tsx?t=1783259153068:640:16)
    at renderWithHooks (http://localhost:5173/node_modules/.vite/deps/chunk-YQ5BCTVV.js?v=5398434d:11596:26)
    at mountIndeterminateComponent (http://localhost:5173/node_modules/.vite/deps/chunk-YQ5BCTVV.js?v=5398434d:14974:21)
    at beginWork (http://localhost:5173/node_modules/.vite/deps/chunk-YQ5BCTVV.js?v=5398434d:15962:22)
    at HTMLUnknownElement.callCallback2 (http://localhost:5173/node_modules/.vite/deps/chunk-YQ5BCTVV.js?v=5398434d:3680:22)
    at Object.invokeGuardedCallbackDev (http://localhost:5173/node_modules/.vite/deps/chunk-YQ5BCTVV.js?v=5398434d:3705:24)
    at invokeGuardedCallback (http://localhost:5173/node_modules/.vite/deps/chunk-YQ5BCTVV.js?v=5398434d:3739:39)
    at beginWork$1 (http://localhost:5173/node_modules/.vite/deps/chunk-YQ5BCTVV.js?v=5398434d:19818:15)
    at performUnitOfWork (http://localhost:5173/node_modules/.vite/deps/chunk-YQ5BCTVV.js?v=5398434d:19251:20)
[ 1988590ms] TypeError: Cannot read properties of undefined (reading 'flyExit')
    at exitBeat (http://localhost:5173/src/app/components/AiExperience.tsx?t=1783259153068:493:13)
    at StampedRow (http://localhost:5173/src/app/components/AiExperience.tsx?t=1783259153068:640:16)
    at renderWithHooks (http://localhost:5173/node_modules/.vite/deps/chunk-YQ5BCTVV.js?v=5398434d:11596:26)
    at mountIndeterminateComponent (http://localhost:5173/node_modules/.vite/deps/chunk-YQ5BCTVV.js?v=5398434d:14974:21)
    at beginWork (http://localhost:5173/node_modules/.vite/deps/chunk-YQ5BCTVV.js?v=5398434d:15962:22)
    at HTMLUnknownElement.callCallback2 (http://localhost:5173/node_modules/.vite/deps/chunk-YQ5BCTVV.js?v=5398434d:3680:22)
    at Object.invokeGuardedCallbackDev (http://localhost:5173/node_modules/.vite/deps/chunk-YQ5BCTVV.js?v=5398434d:3705:24)
    at invokeGuardedCallback (http://localhost:5173/node_modules/.vite/deps/chunk-YQ5BCTVV.js?v=5398434d:3739:39)
    at beginWork$1 (http://localhost:5173/node_modules/.vite/deps/chunk-YQ5BCTVV.js?v=5398434d:19818:15)
    at performUnitOfWork (http://localhost:5173/node_modules/.vite/deps/chunk-YQ5BCTVV.js?v=5398434d:19251:20)
[ 1988590ms] TypeError: Cannot read properties of undefined (reading 'flyExit')
    at exitBeat (http://localhost:5173/src/app/components/AiExperience.tsx?t=1783259153068:493:13)
    at StampedRow (http://localhost:5173/src/app/components/AiExperience.tsx?t=1783259153068:640:16)
    at renderWithHooks (http://localhost:5173/node_modules/.vite/deps/chunk-YQ5BCTVV.js?v=5398434d:11596:26)
    at mountIndeterminateComponent (http://localhost:5173/node_modules/.vite/deps/chunk-YQ5BCTVV.js?v=5398434d:14974:21)
    at beginWork (http://localhost:5173/node_modules/.vite/deps/chunk-YQ5BCTVV.js?v=5398434d:15962:22)
    at HTMLUnknownElement.callCallback2 (http://localhost:5173/node_modules/.vite/deps/chunk-YQ5BCTVV.js?v=5398434d:3680:22)
    at Object.invokeGuardedCallbackDev (http://localhost:5173/node_modules/.vite/deps/chunk-YQ5BCTVV.js?v=5398434d:3705:24)
    at invokeGuardedCallback (http://localhost:5173/node_modules/.vite/deps/chunk-YQ5BCTVV.js?v=5398434d:3739:39)
    at beginWork$1 (http://localhost:5173/node_modules/.vite/deps/chunk-YQ5BCTVV.js?v=5398434d:19818:15)
    at performUnitOfWork (http://localhost:5173/node_modules/.vite/deps/chunk-YQ5BCTVV.js?v=5398434d:19251:20)
[ 1988594ms] TypeError: Cannot read properties of undefined (reading 'flyExit')
    at exitBeat (http://localhost:5173/src/app/components/AiExperience.tsx?t=1783259153068:493:13)
    at StampedRow (http://localhost:5173/src/app/components/AiExperience.tsx?t=1783259153068:640:16)
    at renderWithHooks (http://localhost:5173/node_modules/.vite/deps/chunk-YQ5BCTVV.js?v=5398434d:11596:26)
    at mountIndeterminateComponent (http://localhost:5173/node_modules/.vite/deps/chunk-YQ5BCTVV.js?v=5398434d:14974:21)
    at beginWork (http://localhost:5173/node_modules/.vite/deps/chunk-YQ5BCTVV.js?v=5398434d:15962:22)
    at HTMLUnknownElement.callCallback2 (http://localhost:5173/node_modules/.vite/deps/chunk-YQ5BCTVV.js?v=5398434d:3680:22)
    at Object.invokeGuardedCallbackDev (http://localhost:5173/node_modules/.vite/deps/chunk-YQ5BCTVV.js?v=5398434d:3705:24)
    at invokeGuardedCallback (http://localhost:5173/node_modules/.vite/deps/chunk-YQ5BCTVV.js?v=5398434d:3739:39)
    at beginWork$1 (http://localhost:5173/node_modules/.vite/deps/chunk-YQ5BCTVV.js?v=5398434d:19818:15)
    at performUnitOfWork (http://localhost:5173/node_modules/.vite/deps/chunk-YQ5BCTVV.js?v=5398434d:19251:20)
[ 1988595ms] TypeError: Cannot read properties of undefined (reading 'flyExit')
    at exitBeat (http://localhost:5173/src/app/components/AiExperience.tsx?t=1783259153068:493:13)
    at StampedRow (http://localhost:5173/src/app/components/AiExperience.tsx?t=1783259153068:640:16)
    at renderWithHooks (http://localhost:5173/node_modules/.vite/deps/chunk-YQ5BCTVV.js?v=5398434d:11596:26)
    at mountIndeterminateComponent (http://localhost:5173/node_modules/.vite/deps/chunk-YQ5BCTVV.js?v=5398434d:14974:21)
    at beginWork (http://localhost:5173/node_modules/.vite/deps/chunk-YQ5BCTVV.js?v=5398434d:15962:22)
    at HTMLUnknownElement.callCallback2 (http://localhost:5173/node_modules/.vite/deps/chunk-YQ5BCTVV.js?v=5398434d:3680:22)
    at Object.invokeGuardedCallbackDev (http://localhost:5173/node_modules/.vite/deps/chunk-YQ5BCTVV.js?v=5398434d:3705:24)
    at invokeGuardedCallback (http://localhost:5173/node_modules/.vite/deps/chunk-YQ5BCTVV.js?v=5398434d:3739:39)
    at beginWork$1 (http://localhost:5173/node_modules/.vite/deps/chunk-YQ5BCTVV.js?v=5398434d:19818:15)
    at performUnitOfWork (http://localhost:5173/node_modules/.vite/deps/chunk-YQ5BCTVV.js?v=5398434d:19251:20)
[ 1988595ms] TypeError: Cannot read properties of undefined (reading 'flyExit')
    at exitBeat (http://localhost:5173/src/app/components/AiExperience.tsx?t=1783259153068:493:13)
    at StampedRow (http://localhost:5173/src/app/components/AiExperience.tsx?t=1783259153068:640:16)
    at renderWithHooks (http://localhost:5173/node_modules/.vite/deps/chunk-YQ5BCTVV.js?v=5398434d:11596:26)
    at mountIndeterminateComponent (http://localhost:5173/node_modules/.vite/deps/chunk-YQ5BCTVV.js?v=5398434d:14974:21)
    at beginWork (http://localhost:5173/node_modules/.vite/deps/chunk-YQ5BCTVV.js?v=5398434d:15962:22)
    at HTMLUnknownElement.callCallback2 (http://localhost:5173/node_modules/.vite/deps/chunk-YQ5BCTVV.js?v=5398434d:3680:22)
    at Object.invokeGuardedCallbackDev (http://localhost:5173/node_modules/.vite/deps/chunk-YQ5BCTVV.js?v=5398434d:3705:24)
    at invokeGuardedCallback (http://localhost:5173/node_modules/.vite/deps/chunk-YQ5BCTVV.js?v=5398434d:3739:39)
    at beginWork$1 (http://localhost:5173/node_modules/.vite/deps/chunk-YQ5BCTVV.js?v=5398434d:19818:15)
    at performUnitOfWork (http://localhost:5173/node_modules/.vite/deps/chunk-YQ5BCTVV.js?v=5398434d:19251:20)
[ 1988595ms] TypeError: Cannot read properties of undefined (reading 'flyExit')
    at exitBeat (http://localhost:5173/src/app/components/AiExperience.tsx?t=1783259153068:493:13)
    at StampedRow (http://localhost:5173/src/app/components/AiExperience.tsx?t=1783259153068:640:16)
    at renderWithHooks (http://localhost:5173/node_modules/.vite/deps/chunk-YQ5BCTVV.js?v=5398434d:11596:26)
    at mountIndeterminateComponent (http://localhost:5173/node_modules/.vite/deps/chunk-YQ5BCTVV.js?v=5398434d:14974:21)
    at beginWork (http://localhost:5173/node_modules/.vite/deps/chunk-YQ5BCTVV.js?v=5398434d:15962:22)
    at HTMLUnknownElement.callCallback2 (http://localhost:5173/node_modules/.vite/deps/chunk-YQ5BCTVV.js?v=5398434d:3680:22)
    at Object.invokeGuardedCallbackDev (http://localhost:5173/node_modules/.vite/deps/chunk-YQ5BCTVV.js?v=5398434d:3705:24)
    at invokeGuardedCallback (http://localhost:5173/node_modules/.vite/deps/chunk-YQ5BCTVV.js?v=5398434d:3739:39)
    at beginWork$1 (http://localhost:5173/node_modules/.vite/deps/chunk-YQ5BCTVV.js?v=5398434d:19818:15)
    at performUnitOfWork (http://localhost:5173/node_modules/.vite/deps/chunk-YQ5BCTVV.js?v=5398434d:19251:20)
[ 1988595ms] TypeError: Cannot read properties of undefined (reading 'flyExit')
    at exitBeat (http://localhost:5173/src/app/components/AiExperience.tsx?t=1783259153068:493:13)
    at StampedRow (http://localhost:5173/src/app/components/AiExperience.tsx?t=1783259153068:640:16)
    at renderWithHooks (http://localhost:5173/node_modules/.vite/deps/chunk-YQ5BCTVV.js?v=5398434d:11596:26)
    at mountIndeterminateComponent (http://localhost:5173/node_modules/.vite/deps/chunk-YQ5BCTVV.js?v=5398434d:14974:21)
    at beginWork (http://localhost:5173/node_modules/.vite/deps/chunk-YQ5BCTVV.js?v=5398434d:15962:22)
    at HTMLUnknownElement.callCallback2 (http://localhost:5173/node_modules/.vite/deps/chunk-YQ5BCTVV.js?v=5398434d:3680:22)
    at Object.invokeGuardedCallbackDev (http://localhost:5173/node_modules/.vite/deps/chunk-YQ5BCTVV.js?v=5398434d:3705:24)
    at invokeGuardedCallback (http://localhost:5173/node_modules/.vite/deps/chunk-YQ5BCTVV.js?v=5398434d:3739:39)
    at beginWork$1 (http://localhost:5173/node_modules/.vite/deps/chunk-YQ5BCTVV.js?v=5398434d:19818:15)
    at performUnitOfWork (http://localhost:5173/node_modules/.vite/deps/chunk-YQ5BCTVV.js?v=5398434d:19251:20)
[ 1988595ms] TypeError: Cannot read properties of undefined (reading 'flyExit')
    at exitBeat (http://localhost:5173/src/app/components/AiExperience.tsx?t=1783259153068:493:13)
    at StampedRow (http://localhost:5173/src/app/components/AiExperience.tsx?t=1783259153068:640:16)
    at renderWithHooks (http://localhost:5173/node_modules/.vite/deps/chunk-YQ5BCTVV.js?v=5398434d:11596:26)
    at mountIndeterminateComponent (http://localhost:5173/node_modules/.vite/deps/chunk-YQ5BCTVV.js?v=5398434d:14974:21)
    at beginWork (http://localhost:5173/node_modules/.vite/deps/chunk-YQ5BCTVV.js?v=5398434d:15962:22)
    at HTMLUnknownElement.callCallback2 (http://localhost:5173/node_modules/.vite/deps/chunk-YQ5BCTVV.js?v=5398434d:3680:22)
    at Object.invokeGuardedCallbackDev (http://localhost:5173/node_modules/.vite/deps/chunk-YQ5BCTVV.js?v=5398434d:3705:24)
    at invokeGuardedCallback (http://localhost:5173/node_modules/.vite/deps/chunk-YQ5BCTVV.js?v=5398434d:3739:39)
    at beginWork$1 (http://localhost:5173/node_modules/.vite/deps/chunk-YQ5BCTVV.js?v=5398434d:19818:15)
    at performUnitOfWork (http://localhost:5173/node_modules/.vite/deps/chunk-YQ5BCTVV.js?v=5398434d:19251:20)
[ 1988597ms] [ERROR] The above error occurred in the <StampedRow> component:

    at StampedRow (http://localhost:5173/src/app/components/AiExperience.tsx?t=1783259153068:625:3)
    at div
    at div
    at ItemsBlock (http://localhost:5173/src/app/components/AiExperience.tsx?t=1783259153068:676:23)
    at div
    at MotionDOMComponent (http://localhost:5173/node_modules/.vite/deps/motion_react.js?v=bc1929d9:1184:40)
    at SceneRoom (http://localhost:5173/src/app/components/AiExperience.tsx?t=1783259153068:365:22)
    at div
    at section
    at JourneyStage (http://localhost:5173/src/app/components/AiExperience.tsx?t=1783259153068:311:15)
    at main
    at AiExperience (http://localhost:5173/src/app/components/AiExperience.tsx?t=1783259153068:289:3)
    at div
    at App (http://localhost:5173/src/app/App.tsx?t=1783257965377:34:30)

Consider adding an error boundary to your tree to customize error handling behavior.
Visit https://reactjs.org/link/error-boundaries to learn more about error boundaries. @ http://localhost:5173/node_modules/.vite/deps/chunk-YQ5BCTVV.js?v=5398434d:14079
[ 1988597ms] [ERROR] The above error occurred in the <StampedRow> component:

    at StampedRow (http://localhost:5173/src/app/components/AiExperience.tsx?t=1783259153068:625:3)
    at div
    at div
    at ItemsBlock (http://localhost:5173/src/app/components/AiExperience.tsx?t=1783259153068:676:23)
    at div
    at MotionDOMComponent (http://localhost:5173/node_modules/.vite/deps/motion_react.js?v=bc1929d9:1184:40)
    at SceneRoom (http://localhost:5173/src/app/components/AiExperience.tsx?t=1783259153068:365:22)
    at div
    at section
    at JourneyStage (http://localhost:5173/src/app/components/AiExperience.tsx?t=1783259153068:311:15)
    at main
    at AiExperience (http://localhost:5173/src/app/components/AiExperience.tsx?t=1783259153068:289:3)
    at div
    at App (http://localhost:5173/src/app/App.tsx?t=1783257965377:34:30)

Consider adding an error boundary to your tree to customize error handling behavior.
Visit https://reactjs.org/link/error-boundaries to learn more about error boundaries. @ http://localhost:5173/node_modules/.vite/deps/chunk-YQ5BCTVV.js?v=5398434d:14079
[ 1988597ms] [ERROR] The above error occurred in the <StampedRow> component:

    at StampedRow (http://localhost:5173/src/app/components/AiExperience.tsx?t=1783259153068:625:3)
    at div
    at div
    at ItemsBlock (http://localhost:5173/src/app/components/AiExperience.tsx?t=1783259153068:676:23)
    at div
    at MotionDOMComponent (http://localhost:5173/node_modules/.vite/deps/motion_react.js?v=bc1929d9:1184:40)
    at SceneRoom (http://localhost:5173/src/app/components/AiExperience.tsx?t=1783259153068:365:22)
    at div
    at section
    at JourneyStage (http://localhost:5173/src/app/components/AiExperience.tsx?t=1783259153068:311:15)
    at main
    at AiExperience (http://localhost:5173/src/app/components/AiExperience.tsx?t=1783259153068:289:3)
    at div
    at App (http://localhost:5173/src/app/App.tsx?t=1783257965377:34:30)

Consider adding an error boundary to your tree to customize error handling behavior.
Visit https://reactjs.org/link/error-boundaries to learn more about error boundaries. @ http://localhost:5173/node_modules/.vite/deps/chunk-YQ5BCTVV.js?v=5398434d:14079
[ 1988597ms] [ERROR] The above error occurred in the <StampedRow> component:

    at StampedRow (http://localhost:5173/src/app/components/AiExperience.tsx?t=1783259153068:625:3)
    at div
    at div
    at ItemsBlock (http://localhost:5173/src/app/components/AiExperience.tsx?t=1783259153068:676:23)
    at div
    at MotionDOMComponent (http://localhost:5173/node_modules/.vite/deps/motion_react.js?v=bc1929d9:1184:40)
    at SceneRoom (http://localhost:5173/src/app/components/AiExperience.tsx?t=1783259153068:365:22)
    at div
    at section
    at JourneyStage (http://localhost:5173/src/app/components/AiExperience.tsx?t=1783259153068:311:15)
    at main
    at AiExperience (http://localhost:5173/src/app/components/AiExperience.tsx?t=1783259153068:289:3)
    at div
    at App (http://localhost:5173/src/app/App.tsx?t=1783257965377:34:30)

Consider adding an error boundary to your tree to customize error handling behavior.
Visit https://reactjs.org/link/error-boundaries to learn more about error boundaries. @ http://localhost:5173/node_modules/.vite/deps/chunk-YQ5BCTVV.js?v=5398434d:14079
[ 1988597ms] [ERROR] The above error occurred in the <StampedRow> component:

    at StampedRow (http://localhost:5173/src/app/components/AiExperience.tsx?t=1783259153068:625:3)
    at div
    at div
    at ItemsBlock (http://localhost:5173/src/app/components/AiExperience.tsx?t=1783259153068:676:23)
    at div
    at MotionDOMComponent (http://localhost:5173/node_modules/.vite/deps/motion_react.js?v=bc1929d9:1184:40)
    at SceneRoom (http://localhost:5173/src/app/components/AiExperience.tsx?t=1783259153068:365:22)
    at div
    at section
    at JourneyStage (http://localhost:5173/src/app/components/AiExperience.tsx?t=1783259153068:311:15)
    at main
    at AiExperience (http://localhost:5173/src/app/components/AiExperience.tsx?t=1783259153068:289:3)
    at div
    at App (http://localhost:5173/src/app/App.tsx?t=1783257965377:34:30)

Consider adding an error boundary to your tree to customize error handling behavior.
Visit https://reactjs.org/link/error-boundaries to learn more about error boundaries. @ http://localhost:5173/node_modules/.vite/deps/chunk-YQ5BCTVV.js?v=5398434d:14079
[ 1988597ms] [ERROR] The above error occurred in the <StampedRow> component:

    at StampedRow (http://localhost:5173/src/app/components/AiExperience.tsx?t=1783259153068:625:3)
    at div
    at div
    at ItemsBlock (http://localhost:5173/src/app/components/AiExperience.tsx?t=1783259153068:676:23)
    at div
    at MotionDOMComponent (http://localhost:5173/node_modules/.vite/deps/motion_react.js?v=bc1929d9:1184:40)
    at SceneRoom (http://localhost:5173/src/app/components/AiExperience.tsx?t=1783259153068:365:22)
    at div
    at section
    at JourneyStage (http://localhost:5173/src/app/components/AiExperience.tsx?t=1783259153068:311:15)
    at main
    at AiExperience (http://localhost:5173/src/app/components/AiExperience.tsx?t=1783259153068:289:3)
    at div
    at App (http://localhost:5173/src/app/App.tsx?t=1783257965377:34:30)

Consider adding an error boundary to your tree to customize error handling behavior.
Visit https://reactjs.org/link/error-boundaries to learn more about error boundaries. @ http://localhost:5173/node_modules/.vite/deps/chunk-YQ5BCTVV.js?v=5398434d:14079
[ 1988597ms] TypeError: Cannot read properties of undefined (reading 'flyExit')
    at exitBeat (http://localhost:5173/src/app/components/AiExperience.tsx?t=1783259153068:493:13)
    at StampedRow (http://localhost:5173/src/app/components/AiExperience.tsx?t=1783259153068:640:16)
    at renderWithHooks (http://localhost:5173/node_modules/.vite/deps/chunk-YQ5BCTVV.js?v=5398434d:11596:26)
    at mountIndeterminateComponent (http://localhost:5173/node_modules/.vite/deps/chunk-YQ5BCTVV.js?v=5398434d:14974:21)
    at beginWork (http://localhost:5173/node_modules/.vite/deps/chunk-YQ5BCTVV.js?v=5398434d:15962:22)
    at beginWork$1 (http://localhost:5173/node_modules/.vite/deps/chunk-YQ5BCTVV.js?v=5398434d:19806:22)
    at performUnitOfWork (http://localhost:5173/node_modules/.vite/deps/chunk-YQ5BCTVV.js?v=5398434d:19251:20)
    at workLoopSync (http://localhost:5173/node_modules/.vite/deps/chunk-YQ5BCTVV.js?v=5398434d:19190:13)
    at renderRootSync (http://localhost:5173/node_modules/.vite/deps/chunk-YQ5BCTVV.js?v=5398434d:19169:15)
    at recoverFromConcurrentError (http://localhost:5173/node_modules/.vite/deps/chunk-YQ5BCTVV.js?v=5398434d:18786:28)
